Workbook

Sheet Al Bundy
B1: Inferential statistics. Confidence intervals
B2: Al Bundy's shoe shop
B4: InvoiceNo | C4: Date | D4: Country | E4: ProductID | F4: Shop | G4: Gender | H4: Size (US) | I4: Size (Europe) | J4: Size (UK) | K4: UnitPrice | L4: Discount | N4: Month | O4: SalePrice
B5: 52389 | C5: 41640.046 | D5: United Kingdom | E5: 2152 | F5: UK2 | G5: Male | H5: 11 | I5: =IF(G5="Male",VLOOKUP(H5,'Shoe size conversion table'!$B$6:$D$22,2),VLOOKUP(H5,'Shoe size conversion table'!$J$6:$L$22,2)) -> 44 | J5: =IF(G5="Male",VLOOKUP(H5,'Shoe size conversion table'!$B$6:$D$22,3),VLOOKUP(H5,'Shoe size conversion table'!$J$6:$L$22,3)) -> 10.5 | K5: 159 | L5: 0 | M5: =YEAR(C5) -> 2014 | N5: =MONTH(C5:C14971) -> 1 | O5: =K5*(1-L5) -> 159
B6: 52390 | C6: 41640.156 | D6: United States | E6: 2230 | F6: US15 | G6: Male | H6: 11.5 | I6: =IF(G6="Male",VLOOKUP(H6,'Shoe size conversion table'!$B$6:$D$22,2),VLOOKUP(H6,'Shoe size conversion table'!$J$6:$L$22,2)) -> 44-45 | J6: =IF(G6="Male",VLOOKUP(H6,'Shoe size conversion table'!$B$6:$D$22,3),VLOOKUP(H6,'Shoe size conversion table'!$J$6:$L$22,3)) -> 11 | K6: 199 | L6: 0.2 | M6: =YEAR(C6) -> 2014 | N6: =MONTH(C6:C14973) -> 1 | O6: =K6*(1-L6) -> 159.2
B7: 52391 | C7: 41640.376 | D7: Canada | E7: 2160 | F7: CAN7 | G7: Male | H7: 9.5 | I7: =IF(G7="Male",VLOOKUP(H7,'Shoe size conversion table'!$B$6:$D$22,2),VLOOKUP(H7,'Shoe size conversion table'!$J$6:$L$22,2)) -> 42-43 | J7: =IF(G7="Male",VLOOKUP(H7,'Shoe size conversion table'!$B$6:$D$22,3),VLOOKUP(H7,'Shoe size conversion table'!$J$6:$L$22,3)) -> 9 | K7: 149 | L7: 0.2 | M7: =YEAR(C7) -> 2014 | N7: =MONTH(C7:C14974) -> 1 | O7: =K7*(1-L7) -> 119.2
B8: 52392 | C8: 41640.386 | D8: United States | E8: 2234 | F8: US6 | G8: Female | H8: 9.5 | I8: =IF(G8="Male",VLOOKUP(H8,'Shoe size conversion table'!$B$6:$D$22,2),VLOOKUP(H8,'Shoe size conversion table'!$J$6:$L$22,2)) -> 40 | J8: =IF(G8="Male",VLOOKUP(H8,'Shoe size conversion table'!$B$6:$D$22,3),VLOOKUP(H8,'Shoe size conversion table'!$J$6:$L$22,3)) -> 7.5 | K8: 159 | L8: 0 | M8: =YEAR(C8) -> 2014 | N8: =MONTH(C8:C14975) -> 1 | O8: =K8*(1-L8) -> 159
B9: 52393 | C9: 41640.566 | D9: United Kingdom | E9: 2222 | F9: UK4 | G9: Female | H9: 9 | I9: =IF(G9="Male",VLOOKUP(H9,'Shoe size conversion table'!$B$6:$D$22,2),VLOOKUP(H9,'Shoe size conversion table'!$J$6:$L$22,2)) -> 39-40 | J9: =IF(G9="Male",VLOOKUP(H9,'Shoe size conversion table'!$B$6:$D$22,3),VLOOKUP(H9,'Shoe size conversion table'!$J$6:$L$22,3)) -> 7 | K9: 159 | L9: 0 | M9: =YEAR(C9) -> 2014 | N9: =MONTH(C9:C14976) -> 1 | O9: =K9*(1-L9) -> 159
B10: 52394 | C10: 41640.666 | D10: United States | E10: 2173 | F10: US15 | G10: Male | H10: 10.5 | I10: =IF(G10="Male",VLOOKUP(H10,'Shoe size conversion table'!$B$6:$D$22,2),VLOOKUP(H10,'Shoe size conversion table'!$J$6:$L$22,2)) -> 43-44 | J10: =IF(G10="Male",VLOOKUP(H10,'Shoe size conversion table'!$B$6:$D$22,3),VLOOKUP(H10,'Shoe size conversion table'!$J$6:$L$22,3)) -> 10 | K10: 159 | L10: 0 | M10: =YEAR(C10) -> 2014 | N10: =MONTH(C10:C14977) -> 1 | O10: =K10*(1-L10) -> 159
B11: 52395 | C11: 41641.046 | D11: Germany | E11: 2200 | F11: GER2 | G11: Female | H11: 9 | I11: =IF(G11="Male",VLOOKUP(H11,'Shoe size conversion table'!$B$6:$D$22,2),VLOOKUP(H11,'Shoe size conversion table'!$J$6:$L$22,2)) -> 39-40 | J11: =IF(G11="Male",VLOOKUP(H11,'Shoe size conversion table'!$B$6:$D$22,3),VLOOKUP(H11,'Shoe size conversion table'!$J$6:$L$22,3)) -> 7 | K11: 179 | L11: 0 | M11: =YEAR(C11) -> 2014 | N11: =MONTH(C11:C14978) -> 1 | O11: =K11*(1-L11) -> 179
B12: 52396 | C12: 41641.376 | D12: Canada | E12: 2238 | F12: CAN5 | G12: Male | H12: 10 | I12: =IF(G12="Male",VLOOKUP(H12,'Shoe size conversion table'!$B$6:$D$22,2),VLOOKUP(H12,'Shoe size conversion table'!$J$6:$L$22,2)) -> 43 | J12: =IF(G12="Male",VLOOKUP(H12,'Shoe size conversion table'!$B$6:$D$22,3),VLOOKUP(H12,'Shoe size conversion table'!$J$6:$L$22,3)) -> 9.5 | K12: 169 | L12: 0 | M12: =YEAR(C12) -> 2014 | N12: =MONTH(C12:C14979) -> 1 | O12: =K12*(1-L12) -> 169
B13: 52397 | C13: 41641.386 | D13: United States | E13: 2191 | F13: US13 | G13: Male | H13: 10.5 | I13: =IF(G13="Male",VLOOKUP(H13,'Shoe size conversion table'!$B$6:$D$22,2),VLOOKUP(H13,'Shoe size conversion table'!$J$6:$L$22,2)) -> 43-44 | J13: =IF(G13="Male",VLOOKUP(H13,'Shoe size conversion table'!$B$6:$D$22,3),VLOOKUP(H13,'Shoe size conversion table'!$J$6:$L$22,3)) -> 10 | K13: 139 | L13: 0 | M13: =YEAR(C13) -> 2014 | N13: =MONTH(C13:C14980) -> 1 | O13: =K13*(1-L13) -> 139
B14: 52398 | C14: 41641.566 | D14: United Kingdom | E14: 2237 | F14: UK1 | G14: Female | H14: 9 | I14: =IF(G14="Male",VLOOKUP(H14,'Shoe size conversion table'!$B$6:$D$22,2),VLOOKUP(H14,'Shoe size conversion table'!$J$6:$L$22,2)) -> 39-40 | J14: =IF(G14="Male",VLOOKUP(H14,'Shoe size conversion table'!$B$6:$D$22,3),VLOOKUP(H14,'Shoe size conversion table'!$J$6:$L$22,3)) -> 7 | K14: 149 | L14: 0 | M14: =YEAR(C14) -> 2014 | N14: =MONTH(C14:C14981) -> 1 | O14: =K14*(1-L14) -> 149
B15: 52399 | C15: 41641.596 | D15: United States | E15: 2197 | F15: US1 | G15: Male | H15: 10 | I15: =IF(G15="Male",VLOOKUP(H15,'Shoe size conversion table'!$B$6:$D$22,2),VLOOKUP(H15,'Shoe size conversion table'!$J$6:$L$22,2)) -> 43 | J15: =IF(G15="Male",VLOOKUP(H15,'Shoe size conversion table'!$B$6:$D$22,3),VLOOKUP(H15,'Shoe size conversion table'!$J$6:$L$22,3)) -> 9.5 | K15: 129 | L15: 0 | M15: =YEAR(C15) -> 2014 | N15: =MONTH(C15:C14982) -> 1 | O15: =K15*(1-L15) -> 129
B16: 52399 | C16: 41641.596 | D16: United States | E16: 2213 | F16: US11 | G16: Female | H16: 9.5 | I16: =IF(G16="Male",VLOOKUP(H16,'Shoe size conversion table'!$B$6:$D$22,2),VLOOKUP(H16,'Shoe size conversion table'!$J$6:$L$22,2)) -> 40 | J16: =IF(G16="Male",VLOOKUP(H16,'Shoe size conversion table'!$B$6:$D$22,3),VLOOKUP(H16,'Shoe size conversion table'!$J$6:$L$22,3)) -> 7.5 | K16: 169 | L16: 0.1 | M16: =YEAR(C16) -> 2014 | N16: =MONTH(C16:C14983) -> 1 | O16: =K16*(1-L16) -> 152.1
B17: 52399 | C17: 41641.596 | D17: United States | E17: 2206 | F17: US2 | G17: Female | H17: 9.5 | I17: =IF(G17="Male",VLOOKUP(H17,'Shoe size conversion table'!$B$6:$D$22,2),VLOOKUP(H17,'Shoe size conversion table'!$J$6:$L$22,2)) -> 40 | J17: =IF(G17="Male",VLOOKUP(H17,'Shoe size conversion table'!$B$6:$D$22,3),VLOOKUP(H17,'Shoe size conversion table'!$J$6:$L$22,3)) -> 7.5 | K17: 139 | L17: 0 | M17: =YEAR(C17) -> 2014 | N17: =MONTH(C17:C14984) -> 1 | O17: =K17*(1-L17) -> 139
... B14971: 65777 | C14971: 42735.786 | D14971: Germany | E14971: 2156 | F14971: GER1 | G14971: Female | H14971: 6.5 | I14971: =IF(G14971="Male",VLOOKUP(H14971,'Shoe size conversion table'!$B$6:$D$22,2),VLOOKUP(H14971,'Shoe size conversion table'!$J$6:$L$22,2)) -> 37 | J14971: =IF(G14971="Male",VLOOKUP(H14971,'Shoe size conversion table'!$B$6:$D$22,3),VLOOKUP(H14971,'Shoe size conversion table'!$J$6:$L$22,3)) -> 4.5 | K14971: 139 | L14971: 0.1 | M14971: =YEAR(C14971) -> 2016 | N14971: =MONTH(C14971:C29938) -> 12 | O14971: =K14971*(1-L14971) -> 125.1
C14973: Jan | D14973: Germany | E14973: 2156 | F14973: GER1 | G14973: Female | H14973: 4.5 | I14973: =IF(G14973="Male",VLOOKUP(H14973,'Shoe size conversion table'!$B$6:$D$22,2),VLOOKUP(H14973,'Shoe size conversion table'!$J$6:$L$22,2)) -> 35 | J14973: =IF(G14973="Male",VLOOKUP(H14973,'Shoe size conversion table'!$B$6:$D$22,3),VLOOKUP(H14973,'Shoe size conversion table'!$J$6:$L$22,3)) -> 2.5 | K14973: 179 | L14973: 0 | M14973: =YEAR(C14973) -> #VALUE! | N14973: =MONTH(C14973:C29939) -> #VALUE! | O14973: =K14973*(1-L14973) -> 179
C14974: Feb | D14974: Germany | E14974: 2156 | F14974: GER1 | G14974: Female | H14974: 4.5 | I14974: =IF(G14974="Male",VLOOKUP(H14974,'Shoe size conversion table'!$B$6:$D$22,2),VLOOKUP(H14974,'Shoe size conversion table'!$J$6:$L$22,2)) -> 35 | J14974: =IF(G14974="Male",VLOOKUP(H14974,'Shoe size conversion table'!$B$6:$D$22,3),VLOOKUP(H14974,'Shoe size conversion table'!$J$6:$L$22,3)) -> 2.5 | K14974: 139 | L14974: 0.1 | M14974: =YEAR(C14974) -> #VALUE! | N14974: =MONTH(C14974:C29940) -> #VALUE! | O14974: =K14974*(1-L14974) -> 125.1
C14975: March | D14975: Germany | E14975: 2156 | F14975: GER1 | G14975: Female | H14975: 4.5 | I14975: =IF(G14975="Male",VLOOKUP(H14975,'Shoe size conversion table'!$B$6:$D$22,2),VLOOKUP(H14975,'Shoe size conversion table'!$J$6:$L$22,2)) -> 35 | J14975: =IF(G14975="Male",VLOOKUP(H14975,'Shoe size conversion table'!$B$6:$D$22,3),VLOOKUP(H14975,'Shoe size conversion table'!$J$6:$L$22,3)) -> 2.5 | K14975: 139 | L14975: 0.1 | M14975: =YEAR(C14975) -> #VALUE! | N14975: =MONTH(C14975:C29941) -> #VALUE! | O14975: =K14975*(1-L14975) -> 125.1
C14976: August | D14976: Germany | E14976: 2156 | F14976: GER1 | G14976: Female | H14976: 4.5 | I14976: =IF(G14976="Male",VLOOKUP(H14976,'Shoe size conversion table'!$B$6:$D$22,2),VLOOKUP(H14976,'Shoe size conversion table'!$J$6:$L$22,2)) -> 35 | J14976: =IF(G14976="Male",VLOOKUP(H14976,'Shoe size conversion table'!$B$6:$D$22,3),VLOOKUP(H14976,'Shoe size conversion table'!$J$6:$L$22,3)) -> 2.5 | K14976: 139 | L14976: 0.1 | M14976: =YEAR(C14976) -> #VALUE! | N14976: =MONTH(C14976:C29942) -> #VALUE! | O14976: =K14976*(1-L14976) -> 125.1
D14977: Germany | E14977: 2156 | F14977: GER1 | G14977: Female | H14977: 6.5 | I14977: =IF(G14977="Male",VLOOKUP(H14977,'Shoe size conversion table'!$B$6:$D$22,2),VLOOKUP(H14977,'Shoe size conversion table'!$J$6:$L$22,2)) -> 37 | J14977: =IF(G14977="Male",VLOOKUP(H14977,'Shoe size conversion table'!$B$6:$D$22,3),VLOOKUP(H14977,'Shoe size conversion table'!$J$6:$L$22,3)) -> 4.5 | K14977: 139 | L14977: 0.1 | M14977: =YEAR(C14977) -> 1900 | N14977: =MONTH(C14977:C29943) -> 1 | O14977: =K14977*(1-L14977) -> 125.1
D14978: Germany | E14978: 2156 | F14978: GER1 | G14978: Female | H14978: 6.5 | I14978: =IF(G14978="Male",VLOOKUP(H14978,'Shoe size conversion table'!$B$6:$D$22,2),VLOOKUP(H14978,'Shoe size conversion table'!$J$6:$L$22,2)) -> 37 | J14978: =IF(G14978="Male",VLOOKUP(H14978,'Shoe size conversion table'!$B$6:$D$22,3),VLOOKUP(H14978,'Shoe size conversion table'!$J$6:$L$22,3)) -> 4.5 | K14978: 139 | L14978: 0.1 | M14978: =YEAR(C14978) -> 1900 | N14978: =MONTH(C14978:C29944) -> 1 | O14978: =K14978*(1-L14978) -> 125.1
D14979: Germany | E14979: 2156 | F14979: GER1 | G14979: Female | H14979: 6.5 | I14979: =IF(G14979="Male",VLOOKUP(H14979,'Shoe size conversion table'!$B$6:$D$22,2),VLOOKUP(H14979,'Shoe size conversion table'!$J$6:$L$22,2)) -> 37 | J14979: =IF(G14979="Male",VLOOKUP(H14979,'Shoe size conversion table'!$B$6:$D$22,3),VLOOKUP(H14979,'Shoe size conversion table'!$J$6:$L$22,3)) -> 4.5 | K14979: 139 | L14979: 0.1 | M14979: =YEAR(C14979) -> 1900 | N14979: =MONTH(C14979:C29945) -> 1 | O14979: =K14979*(1-L14979) -> 125.1
D14980: Germany | E14980: 2156 | F14980: GER1 | G14980: Female | H14980: 6.5 | I14980: =IF(G14980="Male",VLOOKUP(H14980,'Shoe size conversion table'!$B$6:$D$22,2),VLOOKUP(H14980,'Shoe size conversion table'!$J$6:$L$22,2)) -> 37 | J14980: =IF(G14980="Male",VLOOKUP(H14980,'Shoe size conversion table'!$B$6:$D$22,3),VLOOKUP(H14980,'Shoe size conversion table'!$J$6:$L$22,3)) -> 4.5 | K14980: 139 | L14980: 0.1 | M14980: =YEAR(C14980) -> 1900 | N14980: =MONTH(C14980:C29946) -> 1 | O14980: =K14980*(1-L14980) -> 125.1
D14981: Germany | E14981: 2156 | F14981: GER1 | G14981: Female | H14981: 6.5 | I14981: =IF(G14981="Male",VLOOKUP(H14981,'Shoe size conversion table'!$B$6:$D$22,2),VLOOKUP(H14981,'Shoe size conversion table'!$J$6:$L$22,2)) -> 37 | J14981: =IF(G14981="Male",VLOOKUP(H14981,'Shoe size conversion table'!$B$6:$D$22,3),VLOOKUP(H14981,'Shoe size conversion table'!$J$6:$L$22,3)) -> 4.5 | K14981: 139 | L14981: 0.1 | M14981: =YEAR(C14981) -> 1900 | N14981: =MONTH(C14981:C29947) -> 1 | O14981: =K14981*(1-L14981) -> 125.1

Sheet Shoe size conversion table
B1: Shoe size conversion tables
B3: Men sizes | J3: Women sizes
B5: US | C5: Europe | D5: UK | E5: Inches | F5: Centimetres | J5: US | K5: Europe | L5: UK | M5: Inches | N5: Centimetres
B6: 6 | C6: 39 | D6: 5.5 | E6: 9.25 | F6: 23.5 | J6: 4 | K6: 35 | L6: 2 | M6: 8.1875 | N6: 20.8
B7: 6.5 | C7: 39 | D7: 6 | E7: 9.5 | F7: 24.1 | J7: 4.5 | K7: 35 | L7: 2.5 | M7: 8.375 | N7: 21.3
B8: 7 | C8: 40 | D8: 6.5 | E8: 9.625 | F8: 24.4 | J8: 5 | K8: 35-36 | L8: 3 | M8: 8.5 | N8: 21.6
B9: 7.5 | C9: 40-41 | D9: 7 | E9: 9.75 | F9: 24.8 | J9: 5.5 | K9: 36 | L9: 3.5 | M9: 8.75 | N9: 22.2
B10: 8 | C10: 41 | D10: 7.5 | E10: 9.9375 | F10: 25.4 | J10: 6 | K10: 36-37 | L10: 4 | M10: 8.875 | N10: 22.5
B11: 8.5 | C11: 41-42 | D11: 8 | E11: 10.125 | F11: 25.7 | J11: 6.5 | K11: 37 | L11: 4.5 | M11: 9.0625 | N11: 23
B12: 9 | C12: 42 | D12: 8.5 | E12: 10.25 | F12: 26 | J12: 7 | K12: 37-38 | L12: 5 | M12: 9.25 | N12: 23.5
B13: 9.5 | C13: 42-43 | D13: 9 | E13: 10.4375 | F13: 26.7 | J13: 7.5 | K13: 38 | L13: 5.5 | M13: 9.375 | N13: 23.8
B14: 10 | C14: 43 | D14: 9.5 | E14: 10.5625 | F14: 27 | J14: 8 | K14: 38-39 | L14: 6 | M14: 9.5 | N14: 24.1
B15: 10.5 | C15: 43-44 | D15: 10 | E15: 10.75 | F15: 27.3 | J15: 8.5 | K15: 39 | L15: 6.5 | M15: 9.6875 | N15: 24.6
B16: 11 | C16: 44 | D16: 10.5 | E16: 10.9375 | F16: 27.9 | J16: 9 | K16: 39-40 | L16: 7 | M16: 9.875 | N16: 25.1
B17: 11.5 | C17: 44-45 | D17: 11 | E17: 11.125 | F17: 28.3 | J17: 9.5 | K17: 40 | L17: 7.5 | M17: 10 | N17: 25.4
B18: 12 | C18: 45 | D18: 11.5 | E18: 11.25 | F18: 28.6 | J18: 10 | K18: 40-41 | L18: 8 | M18: 10.1875 | N18: 25.9
B19: 13 | C19: 46 | D19: 12.5 | E19: 11.5625 | F19: 29.4 | J19: 10.5 | K19: 41 | L19: 8.5 | M19: 10.3125 | N19: 26.2
B20: 14 | C20: 47 | D20: 13.5 | E20: 11.875 | F20: 30.2 | J20: 11 | K20: 41-42 | L20: 9 | M20: 10.5 | N20: 26.7
B21: 15 | C21: 48 | D21: 14.5 | E21: 12.1875 | F21: 31 | J21: 11.5 | K21: 42 | L21: 9.5 | M21: 10.6875 | N21: 27.1
B22: 16 | C22: 49 | D22: 15.5 | E22: 12.5 | F22: 31.8 | J22: 12 | K22: 42-43 | L22: 10 | M22: 10.875 | N22: 27.6

Sheet Tasks 1,2
B1: Frequency distribution tables
B2: By size and month
B4: Task 1: Calculate the confidence intervals for men shoes sales in the USA, this time based on a bigger sample - 2015-2016.
B5: Task 2: Compare the results with the confidence intervals when the sample was based just on 2016.
B7: Solution: | AI7: Task 1 | AP7: Task 2
C9: United States, 2015 | P9: United States, 2016 | AC9: Mean | AE9: Standard error | AG9: Margin of error | AI9: 95% CI | AL9: Number of pairs, math round | AN9: Number of pairs, round up | AP9: Number of pairs (lesson) | AR9: Difference
B10: US | C10: 1 | D10: 2 | E10: 3 | F10: 4 | G10: 5 | H10: 6 | I10: 7 | J10: 8 | K10: 9 | L10: 10 | M10: 11 | N10: 12 | P10: 1 | Q10: 2 | R10: 3 | S10: 4 | T10: 5 | U10: 6 | V10: 7 | W10: 8 | X10: 9 | Y10: 10 | Z10: 11 | AA10: 12 | AC10: 15-'16 | AE10: 15-'16 | AG10: 15-'16 | AI10: 15-'16 | AR10: Lesson - Exercise
B11: 6 | C11: =COUNTIFS('Al Bundy'!$G$5:$G$14971,"Male",'Al Bundy'!$H$5:$H$14971,'Tasks 1,2'!$B11,'Al Bundy'!$M$5:$M$14971,"2015",'Al Bundy'!$N$5:$N$14971,'Tasks 1,2'!C$10,'Al Bundy'!$D$5:$D$14971,"United States") -> 0 | D11: =COUNTIFS('Al Bundy'!$G$5:$G$14971,"Male",'Al Bundy'!$H$5:$H$14971,'Tasks 1,2'!$B11,'Al Bundy'!$M$5:$M$14971,"2015",'Al Bundy'!$N$5:$N$14971,'Tasks 1,2'!D$10,'Al Bundy'!$D$5:$D$14971,"United States") -> 0 | E11: =COUNTIFS('Al Bundy'!$G$5:$G$14971,"Male",'Al Bundy'!$H$5:$H$14971,'Tasks 1,2'!$B11,'Al Bundy'!$M$5:$M$14971,"2015",'Al Bundy'!$N$5:$N$14971,'Tasks 1,2'!E$10,'Al Bundy'!$D$5:$D$14971,"United States") -> 0 | F11: =COUNTIFS('Al Bundy'!$G$5:$G$14971,"Male",'Al Bundy'!$H$5:$H$14971,'Tasks 1,2'!$B11,'Al Bundy'!$M$5:$M$14971,"2015",'Al Bundy'!$N$5:$N$14971,'Tasks 1,2'!F$10,'Al Bundy'!$D$5:$D$14971,"United States") -> 0 | G11: =COUNTIFS('Al Bundy'!$G$5:$G$14971,"Male",'Al Bundy'!$H$5:$H$14971,'Tasks 1,2'!$B11,'Al Bundy'!$M$5:$M$14971,"2015",'Al Bundy'!$N$5:$N$14971,'Tasks 1,2'!G$10,'Al Bundy'!$D$5:$D$14971,"United States") -> 3 | H11: =COUNTIFS('Al Bundy'!$G$5:$G$14971,"Male",'Al Bundy'!$H$5:$H$14971,'Tasks 1,2'!$B11,'Al Bundy'!$M$5:$M$14971,"2015",'Al Bundy'!$N$5:$N$14971,'Tasks 1,2'!H$10,'Al Bundy'!$D$5:$D$14971,"United States") -> 1 | I11: =COUNTIFS('Al Bundy'!$G$5:$G$14971,"Male",'Al Bundy'!$H$5:$H$14971,'Tasks 1,2'!$B11,'Al Bundy'!$M$5:$M$14971,"2015",'Al Bundy'!$N$5:$N$14971,'Tasks 1,2'!I$10,'Al Bundy'!$D$5:$D$14971,"United States") -> 1 | J11: =COUNTIFS('Al Bundy'!$G$5:$G$14971,"Male",'Al Bundy'!$H$5:$H$14971,'Tasks 1,2'!$B11,'Al Bundy'!$M$5:$M$14971,"2015",'Al Bundy'!$N$5:$N$14971,'Tasks 1,2'!J$10,'Al Bundy'!$D$5:$D$14971,"United States") -> 3 | ... N11: =COUNTIFS('Al Bundy'!$G$5:$G$14971,"Male",'Al Bundy'!$H$5:$H$14971,'Tasks 1,2'!$B11,'Al Bundy'!$M$5:$M$14971,"2015",'Al Bundy'!$N$5:$N$14971,'Tasks 1,2'!N$10,'Al Bundy'!$D$5:$D$14971,"United States") -> 0 | P11: =COUNTIFS('Al Bundy'!$G$5:$G$14971,"Male",'Al Bundy'!$H$5:$H$14971,'Tasks 1,2'!$B11,'Al Bundy'!$M$5:$M$14971,"2016",'Al Bundy'!$N$5:$N$14971,'Tasks 1,2'!P$10,'Al Bundy'!$D$5:$D$14971,"United States") -> 4 | Q11: =COUNTIFS('Al Bundy'!$G$5:$G$14971,"Male",'Al Bundy'!$H$5:$H$14971,'Tasks 1,2'!$B11,'Al Bundy'!$M$5:$M$14971,"2016",'Al Bundy'!$N$5:$N$14971,'Tasks 1,2'!Q$10,'Al Bundy'!$D$5:$D$14971,"United States") -> 1 | R11: =COUNTIFS('Al Bundy'!$G$5:$G$14971,"Male",'Al Bundy'!$H$5:$H$14971,'Tasks 1,2'!$B11,'Al Bundy'!$M$5:$M$14971,"2016",'Al Bundy'!$N$5:$N$14971,'Tasks 1,2'!R$10,'Al Bundy'!$D$5:$D$14971,"United States") -> 3 | S11: =COUNTIFS('Al Bundy'!$G$5:$G$14971,"Male",'Al Bundy'!$H$5:$H$14971,'Tasks 1,2'!$B11,'Al Bundy'!$M$5:$M$14971,"2016",'Al Bundy'!$N$5:$N$14971,'Tasks 1,2'!S$10,'Al Bundy'!$D$5:$D$14971,"United States") -> 1 | T11: =COUNTIFS('Al Bundy'!$G$5:$G$14971,"Male",'Al Bundy'!$H$5:$H$14971,'Tasks 1,2'!$B11,'Al Bundy'!$M$5:$M$14971,"2016",'Al Bundy'!$N$5:$N$14971,'Tasks 1,2'!T$10,'Al Bundy'!$D$5:$D$14971,"United States") -> 3 | U11: =COUNTIFS('Al Bundy'!$G$5:$G$14971,"Male",'Al Bundy'!$H$5:$H$14971,'Tasks 1,2'!$B11,'Al Bundy'!$M$5:$M$14971,"2016",'Al Bundy'!$N$5:$N$14971,'Tasks 1,2'!U$10,'Al Bundy'!$D$5:$D$14971,"United States") -> 3 | V11: =COUNTIFS('Al Bundy'!$G$5:$G$14971,"Male",'Al Bundy'!$H$5:$H$14971,'Tasks 1,2'!$B11,'Al Bundy'!$M$5:$M$14971,"2016",'Al Bundy'!$N$5:$N$14971,'Tasks 1,2'!V$10,'Al Bundy'!$D$5:$D$14971,"United States") -> 3 | W11: =COUNTIFS('Al Bundy'!$G$5:$G$14971,"Male",'Al Bundy'!$H$5:$H$14971,'Tasks 1,2'!$B11,'Al Bundy'!$M$5:$M$14971,"2016",'Al Bundy'!$N$5:$N$14971,'Tasks 1,2'!W$10,'Al Bundy'!$D$5:$D$14971,"United States") -> 4 | ... AA11: =COUNTIFS('Al Bundy'!$G$5:$G$14971,"Male",'Al Bundy'!$H$5:$H$14971,'Tasks 1,2'!$B11,'Al Bundy'!$M$5:$M$14971,"2016",'Al Bundy'!$N$5:$N$14971,'Tasks 1,2'!AA$10,'Al Bundy'!$D$5:$D$14971,"United States") -> 0 | AC11: =AVERAGE(C11:AA11) -> 2.1666667 | AE11: =_xlfn.STDEV.S(C11:AA11)/SQRT($AJ$31) -> 0.39317855 | AG11: =AE11*$AJ$32 -> 0.81348642 | AI11: =AC11-AG11 -> 1.3531802 | AJ11: =AC11+AG11 -> 2.9801531 | AL11: =ROUND(AJ11,0) -> 3 | AN11: =ROUNDUP(AJ11,0) -> 3 | AP11: 4.0373597 | AR11: =AP11-AL11 -> 1.0373597
B12: 6.5 | C12: =COUNTIFS('Al Bundy'!$G$5:$G$14971,"Male",'Al Bundy'!$H$5:$H$14971,'Tasks 1,2'!$B12,'Al Bundy'!$M$5:$M$14971,"2015",'Al Bundy'!$N$5:$N$14971,'Tasks 1,2'!C$10,'Al Bundy'!$D$5:$D$14971,"United States") -> 4 | D12: =COUNTIFS('Al Bundy'!$G$5:$G$14971,"Male",'Al Bundy'!$H$5:$H$14971,'Tasks 1,2'!$B12,'Al Bundy'!$M$5:$M$14971,"2015",'Al Bundy'!$N$5:$N$14971,'Tasks 1,2'!D$10,'Al Bundy'!$D$5:$D$14971,"United States") -> 1 | E12: =COUNTIFS('Al Bundy'!$G$5:$G$14971,"Male",'Al Bundy'!$H$5:$H$14971,'Tasks 1,2'!$B12,'Al Bundy'!$M$5:$M$14971,"2015",'Al Bundy'!$N$5:$N$14971,'Tasks 1,2'!E$10,'Al Bundy'!$D$5:$D$14971,"United States") -> 0 | F12: =COUNTIFS('Al Bundy'!$G$5:$G$14971,"Male",'Al Bundy'!$H$5:$H$14971,'Tasks 1,2'!$B12,'Al Bundy'!$M$5:$M$14971,"2015",'Al Bundy'!$N$5:$N$14971,'Tasks 1,2'!F$10,'Al Bundy'!$D$5:$D$14971,"United States") -> 1 | G12: =COUNTIFS('Al Bundy'!$G$5:$G$14971,"Male",'Al Bundy'!$H$5:$H$14971,'Tasks 1,2'!$B12,'Al Bundy'!$M$5:$M$14971,"2015",'Al Bundy'!$N$5:$N$14971,'Tasks 1,2'!G$10,'Al Bundy'!$D$5:$D$14971,"United States") -> 0 | H12: =COUNTIFS('Al Bundy'!$G$5:$G$14971,"Male",'Al Bundy'!$H$5:$H$14971,'Tasks 1,2'!$B12,'Al Bundy'!$M$5:$M$14971,"2015",'Al Bundy'!$N$5:$N$14971,'Tasks 1,2'!H$10,'Al Bundy'!$D$5:$D$14971,"United States") -> 0 | I12: =COUNTIFS('Al Bundy'!$G$5:$G$14971,"Male",'Al Bundy'!$H$5:$H$14971,'Tasks 1,2'!$B12,'Al Bundy'!$M$5:$M$14971,"2015",'Al Bundy'!$N$5:$N$14971,'Tasks 1,2'!I$10,'Al Bundy'!$D$5:$D$14971,"United States") -> 2 | J12: =COUNTIFS('Al Bundy'!$G$5:$G$14971,"Male",'Al Bundy'!$H$5:$H$14971,'Tasks 1,2'!$B12,'Al Bundy'!$M$5:$M$14971,"2015",'Al Bundy'!$N$5:$N$14971,'Tasks 1,2'!J$10,'Al Bundy'!$D$5:$D$14971,"United States") -> 3 | ... N12: =COUNTIFS('Al Bundy'!$G$5:$G$14971,"Male",'Al Bundy'!$H$5:$H$14971,'Tasks 1,2'!$B12,'Al Bundy'!$M$5:$M$14971,"2015",'Al Bundy'!$N$5:$N$14971,'Tasks 1,2'!N$10,'Al Bundy'!$D$5:$D$14971,"United States") -> 3 | P12: =COUNTIFS('Al Bundy'!$G$5:$G$14971,"Male",'Al Bundy'!$H$5:$H$14971,'Tasks 1,2'!$B12,'Al Bundy'!$M$5:$M$14971,"2016",'Al Bundy'!$N$5:$N$14971,'Tasks 1,2'!P$10,'Al Bundy'!$D$5:$D$14971,"United States") -> 3 | Q12: =COUNTIFS('Al Bundy'!$G$5:$G$14971,"Male",'Al Bundy'!$H$5:$H$14971,'Tasks 1,2'!$B12,'Al Bundy'!$M$5:$M$14971,"2016",'Al Bundy'!$N$5:$N$14971,'Tasks 1,2'!Q$10,'Al Bundy'!$D$5:$D$14971,"United States") -> 2 | R12: =COUNTIFS('Al Bundy'!$G$5:$G$14971,"Male",'Al Bundy'!$H$5:$H$14971,'Tasks 1,2'!$B12,'Al Bundy'!$M$5:$M$14971,"2016",'Al Bundy'!$N$5:$N$14971,'Tasks 1,2'!R$10,'Al Bundy'!$D$5:$D$14971,"United States") -> 0 | S12: =COUNTIFS('Al Bundy'!$G$5:$G$14971,"Male",'Al Bundy'!$H$5:$H$14971,'Tasks 1,2'!$B12,'Al Bundy'!$M$5:$M$14971,"2016",'Al Bundy'!$N$5:$N$14971,'Tasks 1,2'!S$10,'Al Bundy'!$D$5:$D$14971,"United States") -> 1 | T12: =COUNTIFS('Al Bundy'!$G$5:$G$14971,"Male",'Al Bundy'!$H$5:$H$14971,'Tasks 1,2'!$B12,'Al Bundy'!$M$5:$M$14971,"2016",'Al Bundy'!$N$5:$N$14971,'Tasks 1,2'!T$10,'Al Bundy'!$D$5:$D$14971,"United States") -> 0 | U12: =COUNTIFS('Al Bundy'!$G$5:$G$14971,"Male",'Al Bundy'!$H$5:$H$14971,'Tasks 1,2'!$B12,'Al Bundy'!$M$5:$M$14971,"2016",'Al Bundy'!$N$5:$N$14971,'Tasks 1,2'!U$10,'Al Bundy'!$D$5:$D$14971,"United States") -> 0 | V12: =COUNTIFS('Al Bundy'!$G$5:$G$14971,"Male",'Al Bundy'!$H$5:$H$14971,'Tasks 1,2'!$B12,'Al Bundy'!$M$5:$M$14971,"2016",'Al Bundy'!$N$5:$N$14971,'Tasks 1,2'!V$10,'Al Bundy'!$D$5:$D$14971,"United States") -> 1 | W12: =COUNTIFS('Al Bundy'!$G$5:$G$14971,"Male",'Al Bundy'!$H$5:$H$14971,'Tasks 1,2'!$B12,'Al Bundy'!$M$5:$M$14971,"2016",'Al Bundy'!$N$5:$N$14971,'Tasks 1,2'!W$10,'Al Bundy'!$D$5:$D$14971,"United States") -> 7 | ... AA12: =COUNTIFS('Al Bundy'!$G$5:$G$14971,"Male",'Al Bundy'!$H$5:$H$14971,'Tasks 1,2'!$B12,'Al Bundy'!$M$5:$M$14971,"2016",'Al Bundy'!$N$5:$N$14971,'Tasks 1,2'!AA$10,'Al Bundy'!$D$5:$D$14971,"United States") -> 1 | AC12: =AVERAGE(C12:AA12) -> 1.5833333 | AE12: =_xlfn.STDEV.S(C12:AA12)/SQRT($AJ$31) -> 0.34005896 | AG12: =AE12*$AJ$32 -> 0.70358199 | AI12: =AC12-AG12 -> 0.87975134 | AJ12: =AC12+AG12 -> 2.2869153 | AL12: =ROUND(AJ12,0) -> 2 | AN12: =ROUNDUP(AJ12,0) -> 3 | AP12: 2.8761212 | AR12: =AP12-AL12 -> 0.87612122
B13: 7 | C13: =COUNTIFS('Al Bundy'!$G$5:$G$14971,"Male",'Al Bundy'!$H$5:$H$14971,'Tasks 1,2'!$B13,'Al Bundy'!$M$5:$M$14971,"2015",'Al Bundy'!$N$5:$N$14971,'Tasks 1,2'!C$10,'Al Bundy'!$D$5:$D$14971,"United States") -> 0 | D13: =COUNTIFS('Al Bundy'!$G$5:$G$14971,"Male",'Al Bundy'!$H$5:$H$14971,'Tasks 1,2'!$B13,'Al Bundy'!$M$5:$M$14971,"2015",'Al Bundy'!$N$5:$N$14971,'Tasks 1,2'!D$10,'Al Bundy'!$D$5:$D$14971,"United States") -> 0 | E13: =COUNTIFS('Al Bundy'!$G$5:$G$14971,"Male",'Al Bundy'!$H$5:$H$14971,'Tasks 1,2'!$B13,'Al Bundy'!$M$5:$M$14971,"2015",'Al Bundy'!$N$5:$N$14971,'Tasks 1,2'!E$10,'Al Bundy'!$D$5:$D$14971,"United States") -> 0 | F13: =COUNTIFS('Al Bundy'!$G$5:$G$14971,"Male",'Al Bundy'!$H$5:$H$14971,'Tasks 1,2'!$B13,'Al Bundy'!$M$5:$M$14971,"2015",'Al Bundy'!$N$5:$N$14971,'Tasks 1,2'!F$10,'Al Bundy'!$D$5:$D$14971,"United States") -> 0 | G13: =COUNTIFS('Al Bundy'!$G$5:$G$14971,"Male",'Al Bundy'!$H$5:$H$14971,'Tasks 1,2'!$B13,'Al Bundy'!$M$5:$M$14971,"2015",'Al Bundy'!$N$5:$N$14971,'Tasks 1,2'!G$10,'Al Bundy'!$D$5:$D$14971,"United States") -> 1 | H13: =COUNTIFS('Al Bundy'!$G$5:$G$14971,"Male",'Al Bundy'!$H$5:$H$14971,'Tasks 1,2'!$B13,'Al Bundy'!$M$5:$M$14971,"2015",'Al Bundy'!$N$5:$N$14971,'Tasks 1,2'!H$10,'Al Bundy'!$D$5:$D$14971,"United States") -> 2 | I13: =COUNTIFS('Al Bundy'!$G$5:$G$14971,"Male",'Al Bundy'!$H$5:$H$14971,'Tasks 1,2'!$B13,'Al Bundy'!$M$5:$M$14971,"2015",'Al Bundy'!$N$5:$N$14971,'Tasks 1,2'!I$10,'Al Bundy'!$D$5:$D$14971,"United States") -> 1 | J13: =COUNTIFS('Al Bundy'!$G$5:$G$14971,"Male",'Al Bundy'!$H$5:$H$14971,'Tasks 1,2'!$B13,'Al Bundy'!$M$5:$M$14971,"2015",'Al Bundy'!$N$5:$N$14971,'Tasks 1,2'!J$10,'Al Bundy'!$D$5:$D$14971,"United States") -> 0 | ... N13: =COUNTIFS('Al Bundy'!$G$5:$G$14971,"Male",'Al Bundy'!$H$5:$H$14971,'Tasks 1,2'!$B13,'Al Bundy'!$M$5:$M$14971,"2015",'Al Bundy'!$N$5:$N$14971,'Tasks 1,2'!N$10,'Al Bundy'!$D$5:$D$14971,"United States") -> 3 | P13: =COUNTIFS('Al Bundy'!$G$5:$G$14971,"Male",'Al Bundy'!$H$5:$H$14971,'Tasks 1,2'!$B13,'Al Bundy'!$M$5:$M$14971,"2016",'Al Bundy'!$N$5:$N$14971,'Tasks 1,2'!P$10,'Al Bundy'!$D$5:$D$14971,"United States") -> 0 | Q13: =COUNTIFS('Al Bundy'!$G$5:$G$14971,"Male",'Al Bundy'!$H$5:$H$14971,'Tasks 1,2'!$B13,'Al Bundy'!$M$5:$M$14971,"2016",'Al Bundy'!$N$5:$N$14971,'Tasks 1,2'!Q$10,'Al Bundy'!$D$5:$D$14971,"United States") -> 0 | R13: =COUNTIFS('Al Bundy'!$G$5:$G$14971,"Male",'Al Bundy'!$H$5:$H$14971,'Tasks 1,2'!$B13,'Al Bundy'!$M$5:$M$14971,"2016",'Al Bundy'!$N$5:$N$14971,'Tasks 1,2'!R$10,'Al Bundy'!$D$5:$D$14971,"United States") -> 1 | S13: =COUNTIFS('Al Bundy'!$G$5:$G$14971,"Male",'Al Bundy'!$H$5:$H$14971,'Tasks 1,2'!$B13,'Al Bundy'!$M$5:$M$14971,"2016",'Al Bundy'!$N$5:$N$14971,'Tasks 1,2'!S$10,'Al Bundy'!$D$5:$D$14971,"United States") -> 0 | T13: =COUNTIFS('Al Bundy'!$G$5:$G$14971,"Male",'Al Bundy'!$H$5:$H$14971,'Tasks 1,2'!$B13,'Al Bundy'!$M$5:$M$14971,"2016",'Al Bundy'!$N$5:$N$14971,'Tasks 1,2'!T$10,'Al Bundy'!$D$5:$D$14971,"United States") -> 6 | U13: =COUNTIFS('Al Bundy'!$G$5:$G$14971,"Male",'Al Bundy'!$H$5:$H$14971,'Tasks 1,2'!$B13,'Al Bundy'!$M$5:$M$14971,"2016",'Al Bundy'!$N$5:$N$14971,'Tasks 1,2'!U$10,'Al Bundy'!$D$5:$D$14971,"United States") -> 4 | V13: =COUNTIFS('Al Bundy'!$G$5:$G$14971,"Male",'Al Bundy'!$H$5:$H$14971,'Tasks 1,2'!$B13,'Al Bundy'!$M$5:$M$14971,"2016",'Al Bundy'!$N$5:$N$14971,'Tasks 1,2'!V$10,'Al Bundy'!$D$5:$D$14971,"United States") -> 4 | W13: =COUNTIFS('Al Bundy'!$G$5:$G$14971,"Male",'Al Bundy'!$H$5:$H$14971,'Tasks 1,2'!$B13,'Al Bundy'!$M$5:$M$14971,"2016",'Al Bundy'!$N$5:$N$14971,'Tasks 1,2'!W$10,'Al Bundy'!$D$5:$D$14971,"United States") -> 2 | ... AA13: =COUNTIFS('Al Bundy'!$G$5:$G$14971,"Male",'Al Bundy'!$H$5:$H$14971,'Tasks 1,2'!$B13,'Al Bundy'!$M$5:$M$14971,"2016",'Al Bundy'!$N$5:$N$14971,'Tasks 1,2'!AA$10,'Al Bundy'!$D$5:$D$14971,"United States") -> 0 | AC13: =AVERAGE(C13:AA13) -> 1.3333333 | AE13: =_xlfn.STDEV.S(C13:AA13)/SQRT($AJ$31) -> 0.33872452 | AG13: =AE13*$AJ$32 -> 0.70082103 | AI13: =AC13-AG13 -> 0.6325123 | AJ13: =AC13+AG13 -> 2.0341544 | AL13: =ROUND(AJ13,0) -> 2 | AN13: =ROUNDUP(AJ13,0) -> 3 | AP13: 2.9897465 | AR13: =AP13-AL13 -> 0.98974655
B14: 7.5 | C14: =COUNTIFS('Al Bundy'!$G$5:$G$14971,"Male",'Al Bundy'!$H$5:$H$14971,'Tasks 1,2'!$B14,'Al Bundy'!$M$5:$M$14971,"2015",'Al Bundy'!$N$5:$N$14971,'Tasks 1,2'!C$10,'Al Bundy'!$D$5:$D$14971,"United States") -> 0 | D14: =COUNTIFS('Al Bundy'!$G$5:$G$14971,"Male",'Al Bundy'!$H$5:$H$14971,'Tasks 1,2'!$B14,'Al Bundy'!$M$5:$M$14971,"2015",'Al Bundy'!$N$5:$N$14971,'Tasks 1,2'!D$10,'Al Bundy'!$D$5:$D$14971,"United States") -> 1 | E14: =COUNTIFS('Al Bundy'!$G$5:$G$14971,"Male",'Al Bundy'!$H$5:$H$14971,'Tasks 1,2'!$B14,'Al Bundy'!$M$5:$M$14971,"2015",'Al Bundy'!$N$5:$N$14971,'Tasks 1,2'!E$10,'Al Bundy'!$D$5:$D$14971,"United States") -> 2 | F14: =COUNTIFS('Al Bundy'!$G$5:$G$14971,"Male",'Al Bundy'!$H$5:$H$14971,'Tasks 1,2'!$B14,'Al Bundy'!$M$5:$M$14971,"2015",'Al Bundy'!$N$5:$N$14971,'Tasks 1,2'!F$10,'Al Bundy'!$D$5:$D$14971,"United States") -> 1 | G14: =COUNTIFS('Al Bundy'!$G$5:$G$14971,"Male",'Al Bundy'!$H$5:$H$14971,'Tasks 1,2'!$B14,'Al Bundy'!$M$5:$M$14971,"2015",'Al Bundy'!$N$5:$N$14971,'Tasks 1,2'!G$10,'Al Bundy'!$D$5:$D$14971,"United States") -> 0 | H14: =COUNTIFS('Al Bundy'!$G$5:$G$14971,"Male",'Al Bundy'!$H$5:$H$14971,'Tasks 1,2'!$B14,'Al Bundy'!$M$5:$M$14971,"2015",'Al Bundy'!$N$5:$N$14971,'Tasks 1,2'!H$10,'Al Bundy'!$D$5:$D$14971,"United States") -> 0 | I14: =COUNTIFS('Al Bundy'!$G$5:$G$14971,"Male",'Al Bundy'!$H$5:$H$14971,'Tasks 1,2'!$B14,'Al Bundy'!$M$5:$M$14971,"2015",'Al Bundy'!$N$5:$N$14971,'Tasks 1,2'!I$10,'Al Bundy'!$D$5:$D$14971,"United States") -> 3 | J14: =COUNTIFS('Al Bundy'!$G$5:$G$14971,"Male",'Al Bundy'!$H$5:$H$14971,'Tasks 1,2'!$B14,'Al Bundy'!$M$5:$M$14971,"2015",'Al Bundy'!$N$5:$N$14971,'Tasks 1,2'!J$10,'Al Bundy'!$D$5:$D$14971,"United States") -> 2 | ... N14: =COUNTIFS('Al Bundy'!$G$5:$G$14971,"Male",'Al Bundy'!$H$5:$H$14971,'Tasks 1,2'!$B14,'Al Bundy'!$M$5:$M$14971,"2015",'Al Bundy'!$N$5:$N$14971,'Tasks 1,2'!N$10,'Al Bundy'!$D$5:$D$14971,"United States") -> 2 | P14: =COUNTIFS('Al Bundy'!$G$5:$G$14971,"Male",'Al Bundy'!$H$5:$H$14971,'Tasks 1,2'!$B14,'Al Bundy'!$M$5:$M$14971,"2016",'Al Bundy'!$N$5:$N$14971,'Tasks 1,2'!P$10,'Al Bundy'!$D$5:$D$14971,"United States") -> 3 | Q14: =COUNTIFS('Al Bundy'!$G$5:$G$14971,"Male",'Al Bundy'!$H$5:$H$14971,'Tasks 1,2'!$B14,'Al Bundy'!$M$5:$M$14971,"2016",'Al Bundy'!$N$5:$N$14971,'Tasks 1,2'!Q$10,'Al Bundy'!$D$5:$D$14971,"United States") -> 2 | R14: =COUNTIFS('Al Bundy'!$G$5:$G$14971,"Male",'Al Bundy'!$H$5:$H$14971,'Tasks 1,2'!$B14,'Al Bundy'!$M$5:$M$14971,"2016",'Al Bundy'!$N$5:$N$14971,'Tasks 1,2'!R$10,'Al Bundy'!$D$5:$D$14971,"United States") -> 3 | S14: =COUNTIFS('Al Bundy'!$G$5:$G$14971,"Male",'Al Bundy'!$H$5:$H$14971,'Tasks 1,2'!$B14,'Al Bundy'!$M$5:$M$14971,"2016",'Al Bundy'!$N$5:$N$14971,'Tasks 1,2'!S$10,'Al Bundy'!$D$5:$D$14971,"United States") -> 1 | T14: =COUNTIFS('Al Bundy'!$G$5:$G$14971,"Male",'Al Bundy'!$H$5:$H$14971,'Tasks 1,2'!$B14,'Al Bundy'!$M$5:$M$14971,"2016",'Al Bundy'!$N$5:$N$14971,'Tasks 1,2'!T$10,'Al Bundy'!$D$5:$D$14971,"United States") -> 7 | U14: =COUNTIFS('Al Bundy'!$G$5:$G$14971,"Male",'Al Bundy'!$H$5:$H$14971,'Tasks 1,2'!$B14,'Al Bundy'!$M$5:$M$14971,"2016",'Al Bundy'!$N$5:$N$14971,'Tasks 1,2'!U$10,'Al Bundy'!$D$5:$D$14971,"United States") -> 0 | V14: =COUNTIFS('Al Bundy'!$G$5:$G$14971,"Male",'Al Bundy'!$H$5:$H$14971,'Tasks 1,2'!$B14,'Al Bundy'!$M$5:$M$14971,"2016",'Al Bundy'!$N$5:$N$14971,'Tasks 1,2'!V$10,'Al Bundy'!$D$5:$D$14971,"United States") -> 7 | W14: =COUNTIFS('Al Bundy'!$G$5:$G$14971,"Male",'Al Bundy'!$H$5:$H$14971,'Tasks 1,2'!$B14,'Al Bundy'!$M$5:$M$14971,"2016",'Al Bundy'!$N$5:$N$14971,'Tasks 1,2'!W$10,'Al Bundy'!$D$5:$D$14971,"United States") -> 3 | ... AA14: =COUNTIFS('Al Bundy'!$G$5:$G$14971,"Male",'Al Bundy'!$H$5:$H$14971,'Tasks 1,2'!$B14,'Al Bundy'!$M$5:$M$14971,"2016",'Al Bundy'!$N$5:$N$14971,'Tasks 1,2'!AA$10,'Al Bundy'!$D$5:$D$14971,"United States") -> 1 | AC14: =AVERAGE(C14:AA14) -> 2.3333333 | AE14: =_xlfn.STDEV.S(C14:AA14)/SQRT($AJ$31) -> 0.41119597 | AG14: =AE14*$AJ$32 -> 0.85076446 | AI14: =AC14-AG14 -> 1.4825689 | AJ14: =AC14+AG14 -> 3.1840978 | AL14: =ROUND(AJ14,0) -> 3 | AN14: =ROUNDUP(AJ14,0) -> 4 | AP14: 4.6799712 | AR14: =AP14-AL14 -> 1.6799712
B15: 8 | C15: =COUNTIFS('Al Bundy'!$G$5:$G$14971,"Male",'Al Bundy'!$H$5:$H$14971,'Tasks 1,2'!$B15,'Al Bundy'!$M$5:$M$14971,"2015",'Al Bundy'!$N$5:$N$14971,'Tasks 1,2'!C$10,'Al Bundy'!$D$5:$D$14971,"United States") -> 5 | D15: =COUNTIFS('Al Bundy'!$G$5:$G$14971,"Male",'Al Bundy'!$H$5:$H$14971,'Tasks 1,2'!$B15,'Al Bundy'!$M$5:$M$14971,"2015",'Al Bundy'!$N$5:$N$14971,'Tasks 1,2'!D$10,'Al Bundy'!$D$5:$D$14971,"United States") -> 3 | E15: =COUNTIFS('Al Bundy'!$G$5:$G$14971,"Male",'Al Bundy'!$H$5:$H$14971,'Tasks 1,2'!$B15,'Al Bundy'!$M$5:$M$14971,"2015",'Al Bundy'!$N$5:$N$14971,'Tasks 1,2'!E$10,'Al Bundy'!$D$5:$D$14971,"United States") -> 1 | F15: =COUNTIFS('Al Bundy'!$G$5:$G$14971,"Male",'Al Bundy'!$H$5:$H$14971,'Tasks 1,2'!$B15,'Al Bundy'!$M$5:$M$14971,"2015",'Al Bundy'!$N$5:$N$14971,'Tasks 1,2'!F$10,'Al Bundy'!$D$5:$D$14971,"United States") -> 0 | G15: =COUNTIFS('Al Bundy'!$G$5:$G$14971,"Male",'Al Bundy'!$H$5:$H$14971,'Tasks 1,2'!$B15,'Al Bundy'!$M$5:$M$14971,"2015",'Al Bundy'!$N$5:$N$14971,'Tasks 1,2'!G$10,'Al Bundy'!$D$5:$D$14971,"United States") -> 6 | H15: =COUNTIFS('Al Bundy'!$G$5:$G$14971,"Male",'Al Bundy'!$H$5:$H$14971,'Tasks 1,2'!$B15,'Al Bundy'!$M$5:$M$14971,"2015",'Al Bundy'!$N$5:$N$14971,'Tasks 1,2'!H$10,'Al Bundy'!$D$5:$D$14971,"United States") -> 6 | I15: =COUNTIFS('Al Bundy'!$G$5:$G$14971,"Male",'Al Bundy'!$H$5:$H$14971,'Tasks 1,2'!$B15,'Al Bundy'!$M$5:$M$14971,"2015",'Al Bundy'!$N$5:$N$14971,'Tasks 1,2'!I$10,'Al Bundy'!$D$5:$D$14971,"United States") -> 4 | J15: =COUNTIFS('Al Bundy'!$G$5:$G$14971,"Male",'Al Bundy'!$H$5:$H$14971,'Tasks 1,2'!$B15,'Al Bundy'!$M$5:$M$14971,"2015",'Al Bundy'!$N$5:$N$14971,'Tasks 1,2'!J$10,'Al Bundy'!$D$5:$D$14971,"United States") -> 0 | ... N15: =COUNTIFS('Al Bundy'!$G$5:$G$14971,"Male",'Al Bundy'!$H$5:$H$14971,'Tasks 1,2'!$B15,'Al Bundy'!$M$5:$M$14971,"2015",'Al Bundy'!$N$5:$N$14971,'Tasks 1,2'!N$10,'Al Bundy'!$D$5:$D$14971,"United States") -> 3 | P15: =COUNTIFS('Al Bundy'!$G$5:$G$14971,"Male",'Al Bundy'!$H$5:$H$14971,'Tasks 1,2'!$B15,'Al Bundy'!$M$5:$M$14971,"2016",'Al Bundy'!$N$5:$N$14971,'Tasks 1,2'!P$10,'Al Bundy'!$D$5:$D$14971,"United States") -> 7 | Q15: =COUNTIFS('Al Bundy'!$G$5:$G$14971,"Male",'Al Bundy'!$H$5:$H$14971,'Tasks 1,2'!$B15,'Al Bundy'!$M$5:$M$14971,"2016",'Al Bundy'!$N$5:$N$14971,'Tasks 1,2'!Q$10,'Al Bundy'!$D$5:$D$14971,"United States") -> 9 | R15: =COUNTIFS('Al Bundy'!$G$5:$G$14971,"Male",'Al Bundy'!$H$5:$H$14971,'Tasks 1,2'!$B15,'Al Bundy'!$M$5:$M$14971,"2016",'Al Bundy'!$N$5:$N$14971,'Tasks 1,2'!R$10,'Al Bundy'!$D$5:$D$14971,"United States") -> 7 | S15: =COUNTIFS('Al Bundy'!$G$5:$G$14971,"Male",'Al Bundy'!$H$5:$H$14971,'Tasks 1,2'!$B15,'Al Bundy'!$M$5:$M$14971,"2016",'Al Bundy'!$N$5:$N$14971,'Tasks 1,2'!S$10,'Al Bundy'!$D$5:$D$14971,"United States") -> 3 | T15: =COUNTIFS('Al Bundy'!$G$5:$G$14971,"Male",'Al Bundy'!$H$5:$H$14971,'Tasks 1,2'!$B15,'Al Bundy'!$M$5:$M$14971,"2016",'Al Bundy'!$N$5:$N$14971,'Tasks 1,2'!T$10,'Al Bundy'!$D$5:$D$14971,"United States") -> 12 | U15: =COUNTIFS('Al Bundy'!$G$5:$G$14971,"Male",'Al Bundy'!$H$5:$H$14971,'Tasks 1,2'!$B15,'Al Bundy'!$M$5:$M$14971,"2016",'Al Bundy'!$N$5:$N$14971,'Tasks 1,2'!U$10,'Al Bundy'!$D$5:$D$14971,"United States") -> 2 | V15: =COUNTIFS('Al Bundy'!$G$5:$G$14971,"Male",'Al Bundy'!$H$5:$H$14971,'Tasks 1,2'!$B15,'Al Bundy'!$M$5:$M$14971,"2016",'Al Bundy'!$N$5:$N$14971,'Tasks 1,2'!V$10,'Al Bundy'!$D$5:$D$14971,"United States") -> 9 | W15: =COUNTIFS('Al Bundy'!$G$5:$G$14971,"Male",'Al Bundy'!$H$5:$H$14971,'Tasks 1,2'!$B15,'Al Bundy'!$M$5:$M$14971,"2016",'Al Bundy'!$N$5:$N$14971,'Tasks 1,2'!W$10,'Al Bundy'!$D$5:$D$14971,"United States") -> 4 | ... AA15: =COUNTIFS('Al Bundy'!$G$5:$G$14971,"Male",'Al Bundy'!$H$5:$H$14971,'Tasks 1,2'!$B15,'Al Bundy'!$M$5:$M$14971,"2016",'Al Bundy'!$N$5:$N$14971,'Tasks 1,2'!AA$10,'Al Bundy'!$D$5:$D$14971,"United States") -> 6 | AC15: =AVERAGE(C15:AA15) -> 4.7916667 | AE15: =_xlfn.STDEV.S(C15:AA15)/SQRT($AJ$31) -> 0.59884904 | AG15: =AE15*$AJ$32 -> 1.2390187 | AI15: =AC15-AG15 -> 3.552648 | AJ15: =AC15+AG15 -> 6.0306853 | AL15: =ROUND(AJ15,0) -> 6 | AN15: =ROUNDUP(AJ15,0) -> 7 | AP15: 8.007369 | AR15: =AP15-AL15 -> 2.007369
B16: 8.5 | C16: =COUNTIFS('Al Bundy'!$G$5:$G$14971,"Male",'Al Bundy'!$H$5:$H$14971,'Tasks 1,2'!$B16,'Al Bundy'!$M$5:$M$14971,"2015",'Al Bundy'!$N$5:$N$14971,'Tasks 1,2'!C$10,'Al Bundy'!$D$5:$D$14971,"United States") -> 4 | D16: =COUNTIFS('Al Bundy'!$G$5:$G$14971,"Male",'Al Bundy'!$H$5:$H$14971,'Tasks 1,2'!$B16,'Al Bundy'!$M$5:$M$14971,"2015",'Al Bundy'!$N$5:$N$14971,'Tasks 1,2'!D$10,'Al Bundy'!$D$5:$D$14971,"United States") -> 5 | E16: =COUNTIFS('Al Bundy'!$G$5:$G$14971,"Male",'Al Bundy'!$H$5:$H$14971,'Tasks 1,2'!$B16,'Al Bundy'!$M$5:$M$14971,"2015",'Al Bundy'!$N$5:$N$14971,'Tasks 1,2'!E$10,'Al Bundy'!$D$5:$D$14971,"United States") -> 3 | F16: =COUNTIFS('Al Bundy'!$G$5:$G$14971,"Male",'Al Bundy'!$H$5:$H$14971,'Tasks 1,2'!$B16,'Al Bundy'!$M$5:$M$14971,"2015",'Al Bundy'!$N$5:$N$14971,'Tasks 1,2'!F$10,'Al Bundy'!$D$5:$D$14971,"United States") -> 1 | G16: =COUNTIFS('Al Bundy'!$G$5:$G$14971,"Male",'Al Bundy'!$H$5:$H$14971,'Tasks 1,2'!$B16,'Al Bundy'!$M$5:$M$14971,"2015",'Al Bundy'!$N$5:$N$14971,'Tasks 1,2'!G$10,'Al Bundy'!$D$5:$D$14971,"United States") -> 2 | H16: =COUNTIFS('Al Bundy'!$G$5:$G$14971,"Male",'Al Bundy'!$H$5:$H$14971,'Tasks 1,2'!$B16,'Al Bundy'!$M$5:$M$14971,"2015",'Al Bundy'!$N$5:$N$14971,'Tasks 1,2'!H$10,'Al Bundy'!$D$5:$D$14971,"United States") -> 11 | I16: =COUNTIFS('Al Bundy'!$G$5:$G$14971,"Male",'Al Bundy'!$H$5:$H$14971,'Tasks 1,2'!$B16,'Al Bundy'!$M$5:$M$14971,"2015",'Al Bundy'!$N$5:$N$14971,'Tasks 1,2'!I$10,'Al Bundy'!$D$5:$D$14971,"United States") -> 6 | J16: =COUNTIFS('Al Bundy'!$G$5:$G$14971,"Male",'Al Bundy'!$H$5:$H$14971,'Tasks 1,2'!$B16,'Al Bundy'!$M$5:$M$14971,"2015",'Al Bundy'!$N$5:$N$14971,'Tasks 1,2'!J$10,'Al Bundy'!$D$5:$D$14971,"United States") -> 6 | ... N16: =COUNTIFS('Al Bundy'!$G$5:$G$14971,"Male",'Al Bundy'!$H$5:$H$14971,'Tasks 1,2'!$B16,'Al Bundy'!$M$5:$M$14971,"2015",'Al Bundy'!$N$5:$N$14971,'Tasks 1,2'!N$10,'Al Bundy'!$D$5:$D$14971,"United States") -> 2 | P16: =COUNTIFS('Al Bundy'!$G$5:$G$14971,"Male",'Al Bundy'!$H$5:$H$14971,'Tasks 1,2'!$B16,'Al Bundy'!$M$5:$M$14971,"2016",'Al Bundy'!$N$5:$N$14971,'Tasks 1,2'!P$10,'Al Bundy'!$D$5:$D$14971,"United States") -> 12 | Q16: =COUNTIFS('Al Bundy'!$G$5:$G$14971,"Male",'Al Bundy'!$H$5:$H$14971,'Tasks 1,2'!$B16,'Al Bundy'!$M$5:$M$14971,"2016",'Al Bundy'!$N$5:$N$14971,'Tasks 1,2'!Q$10,'Al Bundy'!$D$5:$D$14971,"United States") -> 12 | R16: =COUNTIFS('Al Bundy'!$G$5:$G$14971,"Male",'Al Bundy'!$H$5:$H$14971,'Tasks 1,2'!$B16,'Al Bundy'!$M$5:$M$14971,"2016",'Al Bundy'!$N$5:$N$14971,'Tasks 1,2'!R$10,'Al Bundy'!$D$5:$D$14971,"United States") -> 8 | S16: =COUNTIFS('Al Bundy'!$G$5:$G$14971,"Male",'Al Bundy'!$H$5:$H$14971,'Tasks 1,2'!$B16,'Al Bundy'!$M$5:$M$14971,"2016",'Al Bundy'!$N$5:$N$14971,'Tasks 1,2'!S$10,'Al Bundy'!$D$5:$D$14971,"United States") -> 8 | T16: =COUNTIFS('Al Bundy'!$G$5:$G$14971,"Male",'Al Bundy'!$H$5:$H$14971,'Tasks 1,2'!$B16,'Al Bundy'!$M$5:$M$14971,"2016",'Al Bundy'!$N$5:$N$14971,'Tasks 1,2'!T$10,'Al Bundy'!$D$5:$D$14971,"United States") -> 15 | U16: =COUNTIFS('Al Bundy'!$G$5:$G$14971,"Male",'Al Bundy'!$H$5:$H$14971,'Tasks 1,2'!$B16,'Al Bundy'!$M$5:$M$14971,"2016",'Al Bundy'!$N$5:$N$14971,'Tasks 1,2'!U$10,'Al Bundy'!$D$5:$D$14971,"United States") -> 9 | V16: =COUNTIFS('Al Bundy'!$G$5:$G$14971,"Male",'Al Bundy'!$H$5:$H$14971,'Tasks 1,2'!$B16,'Al Bundy'!$M$5:$M$14971,"2016",'Al Bundy'!$N$5:$N$14971,'Tasks 1,2'!V$10,'Al Bundy'!$D$5:$D$14971,"United States") -> 17 | W16: =COUNTIFS('Al Bundy'!$G$5:$G$14971,"Male",'Al Bundy'!$H$5:$H$14971,'Tasks 1,2'!$B16,'Al Bundy'!$M$5:$M$14971,"2016",'Al Bundy'!$N$5:$N$14971,'Tasks 1,2'!W$10,'Al Bundy'!$D$5:$D$14971,"United States") -> 17 | ... AA16: =COUNTIFS('Al Bundy'!$G$5:$G$14971,"Male",'Al Bundy'!$H$5:$H$14971,'Tasks 1,2'!$B16,'Al Bundy'!$M$5:$M$14971,"2016",'Al Bundy'!$N$5:$N$14971,'Tasks 1,2'!AA$10,'Al Bundy'!$D$5:$D$14971,"United States") -> 6 | AC16: =AVERAGE(C16:AA16) -> 7.875 | AE16: =_xlfn.STDEV.S(C16:AA16)/SQRT($AJ$31) -> 0.94468862 | AG16: =AE16*$AJ$32 -> 1.9545608 | AI16: =AC16-AG16 -> 5.9204392 | AJ16: =AC16+AG16 -> 9.8295608 | AL16: =ROUND(AJ16,0) -> 10 | AN16: =ROUNDUP(AJ16,0) -> 10 | AP16: 13.195407 | AR16: =AP16-AL16 -> 3.1954067
B17: 9 | C17: =COUNTIFS('Al Bundy'!$G$5:$G$14971,"Male",'Al Bundy'!$H$5:$H$14971,'Tasks 1,2'!$B17,'Al Bundy'!$M$5:$M$14971,"2015",'Al Bundy'!$N$5:$N$14971,'Tasks 1,2'!C$10,'Al Bundy'!$D$5:$D$14971,"United States") -> 10 | D17: =COUNTIFS('Al Bundy'!$G$5:$G$14971,"Male",'Al Bundy'!$H$5:$H$14971,'Tasks 1,2'!$B17,'Al Bundy'!$M$5:$M$14971,"2015",'Al Bundy'!$N$5:$N$14971,'Tasks 1,2'!D$10,'Al Bundy'!$D$5:$D$14971,"United States") -> 14 | E17: =COUNTIFS('Al Bundy'!$G$5:$G$14971,"Male",'Al Bundy'!$H$5:$H$14971,'Tasks 1,2'!$B17,'Al Bundy'!$M$5:$M$14971,"2015",'Al Bundy'!$N$5:$N$14971,'Tasks 1,2'!E$10,'Al Bundy'!$D$5:$D$14971,"United States") -> 7 | F17: =COUNTIFS('Al Bundy'!$G$5:$G$14971,"Male",'Al Bundy'!$H$5:$H$14971,'Tasks 1,2'!$B17,'Al Bundy'!$M$5:$M$14971,"2015",'Al Bundy'!$N$5:$N$14971,'Tasks 1,2'!F$10,'Al Bundy'!$D$5:$D$14971,"United States") -> 9 | G17: =COUNTIFS('Al Bundy'!$G$5:$G$14971,"Male",'Al Bundy'!$H$5:$H$14971,'Tasks 1,2'!$B17,'Al Bundy'!$M$5:$M$14971,"2015",'Al Bundy'!$N$5:$N$14971,'Tasks 1,2'!G$10,'Al Bundy'!$D$5:$D$14971,"United States") -> 17 | H17: =COUNTIFS('Al Bundy'!$G$5:$G$14971,"Male",'Al Bundy'!$H$5:$H$14971,'Tasks 1,2'!$B17,'Al Bundy'!$M$5:$M$14971,"2015",'Al Bundy'!$N$5:$N$14971,'Tasks 1,2'!H$10,'Al Bundy'!$D$5:$D$14971,"United States") -> 16 | I17: =COUNTIFS('Al Bundy'!$G$5:$G$14971,"Male",'Al Bundy'!$H$5:$H$14971,'Tasks 1,2'!$B17,'Al Bundy'!$M$5:$M$14971,"2015",'Al Bundy'!$N$5:$N$14971,'Tasks 1,2'!I$10,'Al Bundy'!$D$5:$D$14971,"United States") -> 20 | J17: =COUNTIFS('Al Bundy'!$G$5:$G$14971,"Male",'Al Bundy'!$H$5:$H$14971,'Tasks 1,2'!$B17,'Al Bundy'!$M$5:$M$14971,"2015",'Al Bundy'!$N$5:$N$14971,'Tasks 1,2'!J$10,'Al Bundy'!$D$5:$D$14971,"United States") -> 21 | ... N17: =COUNTIFS('Al Bundy'!$G$5:$G$14971,"Male",'Al Bundy'!$H$5:$H$14971,'Tasks 1,2'!$B17,'Al Bundy'!$M$5:$M$14971,"2015",'Al Bundy'!$N$5:$N$14971,'Tasks 1,2'!N$10,'Al Bundy'!$D$5:$D$14971,"United States") -> 12 | P17: =COUNTIFS('Al Bundy'!$G$5:$G$14971,"Male",'Al Bundy'!$H$5:$H$14971,'Tasks 1,2'!$B17,'Al Bundy'!$M$5:$M$14971,"2016",'Al Bundy'!$N$5:$N$14971,'Tasks 1,2'!P$10,'Al Bundy'!$D$5:$D$14971,"United States") -> 17 | Q17: =COUNTIFS('Al Bundy'!$G$5:$G$14971,"Male",'Al Bundy'!$H$5:$H$14971,'Tasks 1,2'!$B17,'Al Bundy'!$M$5:$M$14971,"2016",'Al Bundy'!$N$5:$N$14971,'Tasks 1,2'!Q$10,'Al Bundy'!$D$5:$D$14971,"United States") -> 13 | R17: =COUNTIFS('Al Bundy'!$G$5:$G$14971,"Male",'Al Bundy'!$H$5:$H$14971,'Tasks 1,2'!$B17,'Al Bundy'!$M$5:$M$14971,"2016",'Al Bundy'!$N$5:$N$14971,'Tasks 1,2'!R$10,'Al Bundy'!$D$5:$D$14971,"United States") -> 13 | S17: =COUNTIFS('Al Bundy'!$G$5:$G$14971,"Male",'Al Bundy'!$H$5:$H$14971,'Tasks 1,2'!$B17,'Al Bundy'!$M$5:$M$14971,"2016",'Al Bundy'!$N$5:$N$14971,'Tasks 1,2'!S$10,'Al Bundy'!$D$5:$D$14971,"United States") -> 11 | T17: =COUNTIFS('Al Bundy'!$G$5:$G$14971,"Male",'Al Bundy'!$H$5:$H$14971,'Tasks 1,2'!$B17,'Al Bundy'!$M$5:$M$14971,"2016",'Al Bundy'!$N$5:$N$14971,'Tasks 1,2'!T$10,'Al Bundy'!$D$5:$D$14971,"United States") -> 21 | U17: =COUNTIFS('Al Bundy'!$G$5:$G$14971,"Male",'Al Bundy'!$H$5:$H$14971,'Tasks 1,2'!$B17,'Al Bundy'!$M$5:$M$14971,"2016",'Al Bundy'!$N$5:$N$14971,'Tasks 1,2'!U$10,'Al Bundy'!$D$5:$D$14971,"United States") -> 22 | V17: =COUNTIFS('Al Bundy'!$G$5:$G$14971,"Male",'Al Bundy'!$H$5:$H$14971,'Tasks 1,2'!$B17,'Al Bundy'!$M$5:$M$14971,"2016",'Al Bundy'!$N$5:$N$14971,'Tasks 1,2'!V$10,'Al Bundy'!$D$5:$D$14971,"United States") -> 25 | W17: =COUNTIFS('Al Bundy'!$G$5:$G$14971,"Male",'Al Bundy'!$H$5:$H$14971,'Tasks 1,2'!$B17,'Al Bundy'!$M$5:$M$14971,"2016",'Al Bundy'!$N$5:$N$14971,'Tasks 1,2'!W$10,'Al Bundy'!$D$5:$D$14971,"United States") -> 30 | ... AA17: =COUNTIFS('Al Bundy'!$G$5:$G$14971,"Male",'Al Bundy'!$H$5:$H$14971,'Tasks 1,2'!$B17,'Al Bundy'!$M$5:$M$14971,"2016",'Al Bundy'!$N$5:$N$14971,'Tasks 1,2'!AA$10,'Al Bundy'!$D$5:$D$14971,"United States") -> 10 | AC17: =AVERAGE(C17:AA17) -> 16.333333 | AE17: =_xlfn.STDEV.S(C17:AA17)/SQRT($AJ$31) -> 1.2621391 | AG17: =AE17*$AJ$32 -> 2.6113658 | AI17: =AC17-AG17 -> 13.721967 | AJ17: =AC17+AG17 -> 18.944699 | AL17: =ROUND(AJ17,0) -> 19 | AN17: =ROUNDUP(AJ17,0) -> 19 | AP17: 23.123398 | AR17: =AP17-AL17 -> 4.1233979
B18: 9.5 | C18: =COUNTIFS('Al Bundy'!$G$5:$G$14971,"Male",'Al Bundy'!$H$5:$H$14971,'Tasks 1,2'!$B18,'Al Bundy'!$M$5:$M$14971,"2015",'Al Bundy'!$N$5:$N$14971,'Tasks 1,2'!C$10,'Al Bundy'!$D$5:$D$14971,"United States") -> 18 | D18: =COUNTIFS('Al Bundy'!$G$5:$G$14971,"Male",'Al Bundy'!$H$5:$H$14971,'Tasks 1,2'!$B18,'Al Bundy'!$M$5:$M$14971,"2015",'Al Bundy'!$N$5:$N$14971,'Tasks 1,2'!D$10,'Al Bundy'!$D$5:$D$14971,"United States") -> 16 | E18: =COUNTIFS('Al Bundy'!$G$5:$G$14971,"Male",'Al Bundy'!$H$5:$H$14971,'Tasks 1,2'!$B18,'Al Bundy'!$M$5:$M$14971,"2015",'Al Bundy'!$N$5:$N$14971,'Tasks 1,2'!E$10,'Al Bundy'!$D$5:$D$14971,"United States") -> 23 | F18: =COUNTIFS('Al Bundy'!$G$5:$G$14971,"Male",'Al Bundy'!$H$5:$H$14971,'Tasks 1,2'!$B18,'Al Bundy'!$M$5:$M$14971,"2015",'Al Bundy'!$N$5:$N$14971,'Tasks 1,2'!F$10,'Al Bundy'!$D$5:$D$14971,"United States") -> 15 | G18: =COUNTIFS('Al Bundy'!$G$5:$G$14971,"Male",'Al Bundy'!$H$5:$H$14971,'Tasks 1,2'!$B18,'Al Bundy'!$M$5:$M$14971,"2015",'Al Bundy'!$N$5:$N$14971,'Tasks 1,2'!G$10,'Al Bundy'!$D$5:$D$14971,"United States") -> 16 | H18: =COUNTIFS('Al Bundy'!$G$5:$G$14971,"Male",'Al Bundy'!$H$5:$H$14971,'Tasks 1,2'!$B18,'Al Bundy'!$M$5:$M$14971,"2015",'Al Bundy'!$N$5:$N$14971,'Tasks 1,2'!H$10,'Al Bundy'!$D$5:$D$14971,"United States") -> 16 | I18: =COUNTIFS('Al Bundy'!$G$5:$G$14971,"Male",'Al Bundy'!$H$5:$H$14971,'Tasks 1,2'!$B18,'Al Bundy'!$M$5:$M$14971,"2015",'Al Bundy'!$N$5:$N$14971,'Tasks 1,2'!I$10,'Al Bundy'!$D$5:$D$14971,"United States") -> 19 | J18: =COUNTIFS('Al Bundy'!$G$5:$G$14971,"Male",'Al Bundy'!$H$5:$H$14971,'Tasks 1,2'!$B18,'Al Bundy'!$M$5:$M$14971,"2015",'Al Bundy'!$N$5:$N$14971,'Tasks 1,2'!J$10,'Al Bundy'!$D$5:$D$14971,"United States") -> 26 | ... N18: =COUNTIFS('Al Bundy'!$G$5:$G$14971,"Male",'Al Bundy'!$H$5:$H$14971,'Tasks 1,2'!$B18,'Al Bundy'!$M$5:$M$14971,"2015",'Al Bundy'!$N$5:$N$14971,'Tasks 1,2'!N$10,'Al Bundy'!$D$5:$D$14971,"United States") -> 24 | P18: =COUNTIFS('Al Bundy'!$G$5:$G$14971,"Male",'Al Bundy'!$H$5:$H$14971,'Tasks 1,2'!$B18,'Al Bundy'!$M$5:$M$14971,"2016",'Al Bundy'!$N$5:$N$14971,'Tasks 1,2'!P$10,'Al Bundy'!$D$5:$D$14971,"United States") -> 19 | Q18: =COUNTIFS('Al Bundy'!$G$5:$G$14971,"Male",'Al Bundy'!$H$5:$H$14971,'Tasks 1,2'!$B18,'Al Bundy'!$M$5:$M$14971,"2016",'Al Bundy'!$N$5:$N$14971,'Tasks 1,2'!Q$10,'Al Bundy'!$D$5:$D$14971,"United States") -> 25 | R18: =COUNTIFS('Al Bundy'!$G$5:$G$14971,"Male",'Al Bundy'!$H$5:$H$14971,'Tasks 1,2'!$B18,'Al Bundy'!$M$5:$M$14971,"2016",'Al Bundy'!$N$5:$N$14971,'Tasks 1,2'!R$10,'Al Bundy'!$D$5:$D$14971,"United States") -> 27 | S18: =COUNTIFS('Al Bundy'!$G$5:$G$14971,"Male",'Al Bundy'!$H$5:$H$14971,'Tasks 1,2'!$B18,'Al Bundy'!$M$5:$M$14971,"2016",'Al Bundy'!$N$5:$N$14971,'Tasks 1,2'!S$10,'Al Bundy'!$D$5:$D$14971,"United States") -> 24 | T18: =COUNTIFS('Al Bundy'!$G$5:$G$14971,"Male",'Al Bundy'!$H$5:$H$14971,'Tasks 1,2'!$B18,'Al Bundy'!$M$5:$M$14971,"2016",'Al Bundy'!$N$5:$N$14971,'Tasks 1,2'!T$10,'Al Bundy'!$D$5:$D$14971,"United States") -> 26 | U18: =COUNTIFS('Al Bundy'!$G$5:$G$14971,"Male",'Al Bundy'!$H$5:$H$14971,'Tasks 1,2'!$B18,'Al Bundy'!$M$5:$M$14971,"2016",'Al Bundy'!$N$5:$N$14971,'Tasks 1,2'!U$10,'Al Bundy'!$D$5:$D$14971,"United States") -> 33 | V18: =COUNTIFS('Al Bundy'!$G$5:$G$14971,"Male",'Al Bundy'!$H$5:$H$14971,'Tasks 1,2'!$B18,'Al Bundy'!$M$5:$M$14971,"2016",'Al Bundy'!$N$5:$N$14971,'Tasks 1,2'!V$10,'Al Bundy'!$D$5:$D$14971,"United States") -> 25 | W18: =COUNTIFS('Al Bundy'!$G$5:$G$14971,"Male",'Al Bundy'!$H$5:$H$14971,'Tasks 1,2'!$B18,'Al Bundy'!$M$5:$M$14971,"2016",'Al Bundy'!$N$5:$N$14971,'Tasks 1,2'!W$10,'Al Bundy'!$D$5:$D$14971,"United States") -> 47 | ... AA18: =COUNTIFS('Al Bundy'!$G$5:$G$14971,"Male",'Al Bundy'!$H$5:$H$14971,'Tasks 1,2'!$B18,'Al Bundy'!$M$5:$M$14971,"2016",'Al Bundy'!$N$5:$N$14971,'Tasks 1,2'!AA$10,'Al Bundy'!$D$5:$D$14971,"United States") -> 26 | AC18: =AVERAGE(C18:AA18) -> 25.583333 | AE18: =_xlfn.STDEV.S(C18:AA18)/SQRT($AJ$31) -> 1.7661436 | AG18: =AE18*$AJ$32 -> 3.6541511 | AI18: =AC18-AG18 -> 21.929182 | AJ18: =AC18+AG18 -> 29.237484 | AL18: =ROUND(AJ18,0) -> 29 | AN18: =ROUNDUP(AJ18,0) -> 30 | AP18: 35.666277 | AR18: =AP18-AL18 -> 6.6662768
B19: 10 | C19: =COUNTIFS('Al Bundy'!$G$5:$G$14971,"Male",'Al Bundy'!$H$5:$H$14971,'Tasks 1,2'!$B19,'Al Bundy'!$M$5:$M$14971,"2015",'Al Bundy'!$N$5:$N$14971,'Tasks 1,2'!C$10,'Al Bundy'!$D$5:$D$14971,"United States") -> 8 | D19: =COUNTIFS('Al Bundy'!$G$5:$G$14971,"Male",'Al Bundy'!$H$5:$H$14971,'Tasks 1,2'!$B19,'Al Bundy'!$M$5:$M$14971,"2015",'Al Bundy'!$N$5:$N$14971,'Tasks 1,2'!D$10,'Al Bundy'!$D$5:$D$14971,"United States") -> 13 | E19: =COUNTIFS('Al Bundy'!$G$5:$G$14971,"Male",'Al Bundy'!$H$5:$H$14971,'Tasks 1,2'!$B19,'Al Bundy'!$M$5:$M$14971,"2015",'Al Bundy'!$N$5:$N$14971,'Tasks 1,2'!E$10,'Al Bundy'!$D$5:$D$14971,"United States") -> 13 | F19: =COUNTIFS('Al Bundy'!$G$5:$G$14971,"Male",'Al Bundy'!$H$5:$H$14971,'Tasks 1,2'!$B19,'Al Bundy'!$M$5:$M$14971,"2015",'Al Bundy'!$N$5:$N$14971,'Tasks 1,2'!F$10,'Al Bundy'!$D$5:$D$14971,"United States") -> 15 | G19: =COUNTIFS('Al Bundy'!$G$5:$G$14971,"Male",'Al Bundy'!$H$5:$H$14971,'Tasks 1,2'!$B19,'Al Bundy'!$M$5:$M$14971,"2015",'Al Bundy'!$N$5:$N$14971,'Tasks 1,2'!G$10,'Al Bundy'!$D$5:$D$14971,"United States") -> 7 | H19: =COUNTIFS('Al Bundy'!$G$5:$G$14971,"Male",'Al Bundy'!$H$5:$H$14971,'Tasks 1,2'!$B19,'Al Bundy'!$M$5:$M$14971,"2015",'Al Bundy'!$N$5:$N$14971,'Tasks 1,2'!H$10,'Al Bundy'!$D$5:$D$14971,"United States") -> 20 | I19: =COUNTIFS('Al Bundy'!$G$5:$G$14971,"Male",'Al Bundy'!$H$5:$H$14971,'Tasks 1,2'!$B19,'Al Bundy'!$M$5:$M$14971,"2015",'Al Bundy'!$N$5:$N$14971,'Tasks 1,2'!I$10,'Al Bundy'!$D$5:$D$14971,"United States") -> 22 | J19: =COUNTIFS('Al Bundy'!$G$5:$G$14971,"Male",'Al Bundy'!$H$5:$H$14971,'Tasks 1,2'!$B19,'Al Bundy'!$M$5:$M$14971,"2015",'Al Bundy'!$N$5:$N$14971,'Tasks 1,2'!J$10,'Al Bundy'!$D$5:$D$14971,"United States") -> 18 | ... N19: =COUNTIFS('Al Bundy'!$G$5:$G$14971,"Male",'Al Bundy'!$H$5:$H$14971,'Tasks 1,2'!$B19,'Al Bundy'!$M$5:$M$14971,"2015",'Al Bundy'!$N$5:$N$14971,'Tasks 1,2'!N$10,'Al Bundy'!$D$5:$D$14971,"United States") -> 14 | P19: =COUNTIFS('Al Bundy'!$G$5:$G$14971,"Male",'Al Bundy'!$H$5:$H$14971,'Tasks 1,2'!$B19,'Al Bundy'!$M$5:$M$14971,"2016",'Al Bundy'!$N$5:$N$14971,'Tasks 1,2'!P$10,'Al Bundy'!$D$5:$D$14971,"United States") -> 17 | Q19: =COUNTIFS('Al Bundy'!$G$5:$G$14971,"Male",'Al Bundy'!$H$5:$H$14971,'Tasks 1,2'!$B19,'Al Bundy'!$M$5:$M$14971,"2016",'Al Bundy'!$N$5:$N$14971,'Tasks 1,2'!Q$10,'Al Bundy'!$D$5:$D$14971,"United States") -> 26 | R19: =COUNTIFS('Al Bundy'!$G$5:$G$14971,"Male",'Al Bundy'!$H$5:$H$14971,'Tasks 1,2'!$B19,'Al Bundy'!$M$5:$M$14971,"2016",'Al Bundy'!$N$5:$N$14971,'Tasks 1,2'!R$10,'Al Bundy'!$D$5:$D$14971,"United States") -> 26 | S19: =COUNTIFS('Al Bundy'!$G$5:$G$14971,"Male",'Al Bundy'!$H$5:$H$14971,'Tasks 1,2'!$B19,'Al Bundy'!$M$5:$M$14971,"2016",'Al Bundy'!$N$5:$N$14971,'Tasks 1,2'!S$10,'Al Bundy'!$D$5:$D$14971,"United States") -> 19 | T19: =COUNTIFS('Al Bundy'!$G$5:$G$14971,"Male",'Al Bundy'!$H$5:$H$14971,'Tasks 1,2'!$B19,'Al Bundy'!$M$5:$M$14971,"2016",'Al Bundy'!$N$5:$N$14971,'Tasks 1,2'!T$10,'Al Bundy'!$D$5:$D$14971,"United States") -> 16 | U19: =COUNTIFS('Al Bundy'!$G$5:$G$14971,"Male",'Al Bundy'!$H$5:$H$14971,'Tasks 1,2'!$B19,'Al Bundy'!$M$5:$M$14971,"2016",'Al Bundy'!$N$5:$N$14971,'Tasks 1,2'!U$10,'Al Bundy'!$D$5:$D$14971,"United States") -> 31 | V19: =COUNTIFS('Al Bundy'!$G$5:$G$14971,"Male",'Al Bundy'!$H$5:$H$14971,'Tasks 1,2'!$B19,'Al Bundy'!$M$5:$M$14971,"2016",'Al Bundy'!$N$5:$N$14971,'Tasks 1,2'!V$10,'Al Bundy'!$D$5:$D$14971,"United States") -> 25 | W19: =COUNTIFS('Al Bundy'!$G$5:$G$14971,"Male",'Al Bundy'!$H$5:$H$14971,'Tasks 1,2'!$B19,'Al Bundy'!$M$5:$M$14971,"2016",'Al Bundy'!$N$5:$N$14971,'Tasks 1,2'!W$10,'Al Bundy'!$D$5:$D$14971,"United States") -> 24 | ... AA19: =COUNTIFS('Al Bundy'!$G$5:$G$14971,"Male",'Al Bundy'!$H$5:$H$14971,'Tasks 1,2'!$B19,'Al Bundy'!$M$5:$M$14971,"2016",'Al Bundy'!$N$5:$N$14971,'Tasks 1,2'!AA$10,'Al Bundy'!$D$5:$D$14971,"United States") -> 20 | AC19: =AVERAGE(C19:AA19) -> 18.791667 | AE19: =_xlfn.STDEV.S(C19:AA19)/SQRT($AJ$31) -> 1.3255832 | AG19: =AE19*$AJ$32 -> 2.7426317 | AI19: =AC19-AG19 -> 16.049035 | AJ19: =AC19+AG19 -> 21.534298 | AL19: =ROUND(AJ19,0) -> 22 | AN19: =ROUNDUP(AJ19,0) -> 22 | AP19: 26.165154 | AR19: =AP19-AL19 -> 4.1651537
B20: 10.5 | C20: =COUNTIFS('Al Bundy'!$G$5:$G$14971,"Male",'Al Bundy'!$H$5:$H$14971,'Tasks 1,2'!$B20,'Al Bundy'!$M$5:$M$14971,"2015",'Al Bundy'!$N$5:$N$14971,'Tasks 1,2'!C$10,'Al Bundy'!$D$5:$D$14971,"United States") -> 7 | D20: =COUNTIFS('Al Bundy'!$G$5:$G$14971,"Male",'Al Bundy'!$H$5:$H$14971,'Tasks 1,2'!$B20,'Al Bundy'!$M$5:$M$14971,"2015",'Al Bundy'!$N$5:$N$14971,'Tasks 1,2'!D$10,'Al Bundy'!$D$5:$D$14971,"United States") -> 13 | E20: =COUNTIFS('Al Bundy'!$G$5:$G$14971,"Male",'Al Bundy'!$H$5:$H$14971,'Tasks 1,2'!$B20,'Al Bundy'!$M$5:$M$14971,"2015",'Al Bundy'!$N$5:$N$14971,'Tasks 1,2'!E$10,'Al Bundy'!$D$5:$D$14971,"United States") -> 8 | F20: =COUNTIFS('Al Bundy'!$G$5:$G$14971,"Male",'Al Bundy'!$H$5:$H$14971,'Tasks 1,2'!$B20,'Al Bundy'!$M$5:$M$14971,"2015",'Al Bundy'!$N$5:$N$14971,'Tasks 1,2'!F$10,'Al Bundy'!$D$5:$D$14971,"United States") -> 8 | G20: =COUNTIFS('Al Bundy'!$G$5:$G$14971,"Male",'Al Bundy'!$H$5:$H$14971,'Tasks 1,2'!$B20,'Al Bundy'!$M$5:$M$14971,"2015",'Al Bundy'!$N$5:$N$14971,'Tasks 1,2'!G$10,'Al Bundy'!$D$5:$D$14971,"United States") -> 15 | H20: =COUNTIFS('Al Bundy'!$G$5:$G$14971,"Male",'Al Bundy'!$H$5:$H$14971,'Tasks 1,2'!$B20,'Al Bundy'!$M$5:$M$14971,"2015",'Al Bundy'!$N$5:$N$14971,'Tasks 1,2'!H$10,'Al Bundy'!$D$5:$D$14971,"United States") -> 10 | I20: =COUNTIFS('Al Bundy'!$G$5:$G$14971,"Male",'Al Bundy'!$H$5:$H$14971,'Tasks 1,2'!$B20,'Al Bundy'!$M$5:$M$14971,"2015",'Al Bundy'!$N$5:$N$14971,'Tasks 1,2'!I$10,'Al Bundy'!$D$5:$D$14971,"United States") -> 16 | J20: =COUNTIFS('Al Bundy'!$G$5:$G$14971,"Male",'Al Bundy'!$H$5:$H$14971,'Tasks 1,2'!$B20,'Al Bundy'!$M$5:$M$14971,"2015",'Al Bundy'!$N$5:$N$14971,'Tasks 1,2'!J$10,'Al Bundy'!$D$5:$D$14971,"United States") -> 8 | ... N20: =COUNTIFS('Al Bundy'!$G$5:$G$14971,"Male",'Al Bundy'!$H$5:$H$14971,'Tasks 1,2'!$B20,'Al Bundy'!$M$5:$M$14971,"2015",'Al Bundy'!$N$5:$N$14971,'Tasks 1,2'!N$10,'Al Bundy'!$D$5:$D$14971,"United States") -> 14 | P20: =COUNTIFS('Al Bundy'!$G$5:$G$14971,"Male",'Al Bundy'!$H$5:$H$14971,'Tasks 1,2'!$B20,'Al Bundy'!$M$5:$M$14971,"2016",'Al Bundy'!$N$5:$N$14971,'Tasks 1,2'!P$10,'Al Bundy'!$D$5:$D$14971,"United States") -> 13 | Q20: =COUNTIFS('Al Bundy'!$G$5:$G$14971,"Male",'Al Bundy'!$H$5:$H$14971,'Tasks 1,2'!$B20,'Al Bundy'!$M$5:$M$14971,"2016",'Al Bundy'!$N$5:$N$14971,'Tasks 1,2'!Q$10,'Al Bundy'!$D$5:$D$14971,"United States") -> 16 | R20: =COUNTIFS('Al Bundy'!$G$5:$G$14971,"Male",'Al Bundy'!$H$5:$H$14971,'Tasks 1,2'!$B20,'Al Bundy'!$M$5:$M$14971,"2016",'Al Bundy'!$N$5:$N$14971,'Tasks 1,2'!R$10,'Al Bundy'!$D$5:$D$14971,"United States") -> 22 | S20: =COUNTIFS('Al Bundy'!$G$5:$G$14971,"Male",'Al Bundy'!$H$5:$H$14971,'Tasks 1,2'!$B20,'Al Bundy'!$M$5:$M$14971,"2016",'Al Bundy'!$N$5:$N$14971,'Tasks 1,2'!S$10,'Al Bundy'!$D$5:$D$14971,"United States") -> 14 | T20: =COUNTIFS('Al Bundy'!$G$5:$G$14971,"Male",'Al Bundy'!$H$5:$H$14971,'Tasks 1,2'!$B20,'Al Bundy'!$M$5:$M$14971,"2016",'Al Bundy'!$N$5:$N$14971,'Tasks 1,2'!T$10,'Al Bundy'!$D$5:$D$14971,"United States") -> 28 | U20: =COUNTIFS('Al Bundy'!$G$5:$G$14971,"Male",'Al Bundy'!$H$5:$H$14971,'Tasks 1,2'!$B20,'Al Bundy'!$M$5:$M$14971,"2016",'Al Bundy'!$N$5:$N$14971,'Tasks 1,2'!U$10,'Al Bundy'!$D$5:$D$14971,"United States") -> 19 | V20: =COUNTIFS('Al Bundy'!$G$5:$G$14971,"Male",'Al Bundy'!$H$5:$H$14971,'Tasks 1,2'!$B20,'Al Bundy'!$M$5:$M$14971,"2016",'Al Bundy'!$N$5:$N$14971,'Tasks 1,2'!V$10,'Al Bundy'!$D$5:$D$14971,"United States") -> 18 | W20: =COUNTIFS('Al Bundy'!$G$5:$G$14971,"Male",'Al Bundy'!$H$5:$H$14971,'Tasks 1,2'!$B20,'Al Bundy'!$M$5:$M$14971,"2016",'Al Bundy'!$N$5:$N$14971,'Tasks 1,2'!W$10,'Al Bundy'!$D$5:$D$14971,"United States") -> 15 | ... AA20: =COUNTIFS('Al Bundy'!$G$5:$G$14971,"Male",'Al Bundy'!$H$5:$H$14971,'Tasks 1,2'!$B20,'Al Bundy'!$M$5:$M$14971,"2016",'Al Bundy'!$N$5:$N$14971,'Tasks 1,2'!AA$10,'Al Bundy'!$D$5:$D$14971,"United States") -> 10 | AC20: =AVERAGE(C20:AA20) -> 14.958333 | AE20: =_xlfn.STDEV.S(C20:AA20)/SQRT($AJ$31) -> 1.0205837 | AG20: =AE20*$AJ$32 -> 2.1115878 | AI20: =AC20-AG20 -> 12.846746 | AJ20: =AC20+AG20 -> 17.069921 | AL20: =ROUND(AJ20,0) -> 17 | AN20: =ROUNDUP(AJ20,0) -> 18 | AP20: 20.563534 | AR20: =AP20-AL20 -> 3.5635337
B21: 11 | C21: =COUNTIFS('Al Bundy'!$G$5:$G$14971,"Male",'Al Bundy'!$H$5:$H$14971,'Tasks 1,2'!$B21,'Al Bundy'!$M$5:$M$14971,"2015",'Al Bundy'!$N$5:$N$14971,'Tasks 1,2'!C$10,'Al Bundy'!$D$5:$D$14971,"United States") -> 5 | D21: =COUNTIFS('Al Bundy'!$G$5:$G$14971,"Male",'Al Bundy'!$H$5:$H$14971,'Tasks 1,2'!$B21,'Al Bundy'!$M$5:$M$14971,"2015",'Al Bundy'!$N$5:$N$14971,'Tasks 1,2'!D$10,'Al Bundy'!$D$5:$D$14971,"United States") -> 5 | E21: =COUNTIFS('Al Bundy'!$G$5:$G$14971,"Male",'Al Bundy'!$H$5:$H$14971,'Tasks 1,2'!$B21,'Al Bundy'!$M$5:$M$14971,"2015",'Al Bundy'!$N$5:$N$14971,'Tasks 1,2'!E$10,'Al Bundy'!$D$5:$D$14971,"United States") -> 4 | F21: =COUNTIFS('Al Bundy'!$G$5:$G$14971,"Male",'Al Bundy'!$H$5:$H$14971,'Tasks 1,2'!$B21,'Al Bundy'!$M$5:$M$14971,"2015",'Al Bundy'!$N$5:$N$14971,'Tasks 1,2'!F$10,'Al Bundy'!$D$5:$D$14971,"United States") -> 7 | G21: =COUNTIFS('Al Bundy'!$G$5:$G$14971,"Male",'Al Bundy'!$H$5:$H$14971,'Tasks 1,2'!$B21,'Al Bundy'!$M$5:$M$14971,"2015",'Al Bundy'!$N$5:$N$14971,'Tasks 1,2'!G$10,'Al Bundy'!$D$5:$D$14971,"United States") -> 5 | H21: =COUNTIFS('Al Bundy'!$G$5:$G$14971,"Male",'Al Bundy'!$H$5:$H$14971,'Tasks 1,2'!$B21,'Al Bundy'!$M$5:$M$14971,"2015",'Al Bundy'!$N$5:$N$14971,'Tasks 1,2'!H$10,'Al Bundy'!$D$5:$D$14971,"United States") -> 5 | I21: =COUNTIFS('Al Bundy'!$G$5:$G$14971,"Male",'Al Bundy'!$H$5:$H$14971,'Tasks 1,2'!$B21,'Al Bundy'!$M$5:$M$14971,"2015",'Al Bundy'!$N$5:$N$14971,'Tasks 1,2'!I$10,'Al Bundy'!$D$5:$D$14971,"United States") -> 4 | J21: =COUNTIFS('Al Bundy'!$G$5:$G$14971,"Male",'Al Bundy'!$H$5:$H$14971,'Tasks 1,2'!$B21,'Al Bundy'!$M$5:$M$14971,"2015",'Al Bundy'!$N$5:$N$14971,'Tasks 1,2'!J$10,'Al Bundy'!$D$5:$D$14971,"United States") -> 6 | ... N21: =COUNTIFS('Al Bundy'!$G$5:$G$14971,"Male",'Al Bundy'!$H$5:$H$14971,'Tasks 1,2'!$B21,'Al Bundy'!$M$5:$M$14971,"2015",'Al Bundy'!$N$5:$N$14971,'Tasks 1,2'!N$10,'Al Bundy'!$D$5:$D$14971,"United States") -> 10 | P21: =COUNTIFS('Al Bundy'!$G$5:$G$14971,"Male",'Al Bundy'!$H$5:$H$14971,'Tasks 1,2'!$B21,'Al Bundy'!$M$5:$M$14971,"2016",'Al Bundy'!$N$5:$N$14971,'Tasks 1,2'!P$10,'Al Bundy'!$D$5:$D$14971,"United States") -> 5 | Q21: =COUNTIFS('Al Bundy'!$G$5:$G$14971,"Male",'Al Bundy'!$H$5:$H$14971,'Tasks 1,2'!$B21,'Al Bundy'!$M$5:$M$14971,"2016",'Al Bundy'!$N$5:$N$14971,'Tasks 1,2'!Q$10,'Al Bundy'!$D$5:$D$14971,"United States") -> 16 | R21: =COUNTIFS('Al Bundy'!$G$5:$G$14971,"Male",'Al Bundy'!$H$5:$H$14971,'Tasks 1,2'!$B21,'Al Bundy'!$M$5:$M$14971,"2016",'Al Bundy'!$N$5:$N$14971,'Tasks 1,2'!R$10,'Al Bundy'!$D$5:$D$14971,"United States") -> 13 | S21: =COUNTIFS('Al Bundy'!$G$5:$G$14971,"Male",'Al Bundy'!$H$5:$H$14971,'Tasks 1,2'!$B21,'Al Bundy'!$M$5:$M$14971,"2016",'Al Bundy'!$N$5:$N$14971,'Tasks 1,2'!S$10,'Al Bundy'!$D$5:$D$14971,"United States") -> 10 | T21: =COUNTIFS('Al Bundy'!$G$5:$G$14971,"Male",'Al Bundy'!$H$5:$H$14971,'Tasks 1,2'!$B21,'Al Bundy'!$M$5:$M$14971,"2016",'Al Bundy'!$N$5:$N$14971,'Tasks 1,2'!T$10,'Al Bundy'!$D$5:$D$14971,"United States") -> 10 | U21: =COUNTIFS('Al Bundy'!$G$5:$G$14971,"Male",'Al Bundy'!$H$5:$H$14971,'Tasks 1,2'!$B21,'Al Bundy'!$M$5:$M$14971,"2016",'Al Bundy'!$N$5:$N$14971,'Tasks 1,2'!U$10,'Al Bundy'!$D$5:$D$14971,"United States") -> 11 | V21: =COUNTIFS('Al Bundy'!$G$5:$G$14971,"Male",'Al Bundy'!$H$5:$H$14971,'Tasks 1,2'!$B21,'Al Bundy'!$M$5:$M$14971,"2016",'Al Bundy'!$N$5:$N$14971,'Tasks 1,2'!V$10,'Al Bundy'!$D$5:$D$14971,"United States") -> 15 | W21: =COUNTIFS('Al Bundy'!$G$5:$G$14971,"Male",'Al Bundy'!$H$5:$H$14971,'Tasks 1,2'!$B21,'Al Bundy'!$M$5:$M$14971,"2016",'Al Bundy'!$N$5:$N$14971,'Tasks 1,2'!W$10,'Al Bundy'!$D$5:$D$14971,"United States") -> 8 | ... AA21: =COUNTIFS('Al Bundy'!$G$5:$G$14971,"Male",'Al Bundy'!$H$5:$H$14971,'Tasks 1,2'!$B21,'Al Bundy'!$M$5:$M$14971,"2016",'Al Bundy'!$N$5:$N$14971,'Tasks 1,2'!AA$10,'Al Bundy'!$D$5:$D$14971,"United States") -> 7 | AC21: =AVERAGE(C21:AA21) -> 7.5416667 | AE21: =_xlfn.STDEV.S(C21:AA21)/SQRT($AJ$31) -> 0.71975028 | AG21: =AE21*$AJ$32 -> 1.4891633 | AI21: =AC21-AG21 -> 6.0525033 | AJ21: =AC21+AG21 -> 9.03083 | AL21: =ROUND(AJ21,0) -> 9 | AN21: =ROUNDUP(AJ21,0) -> 10 | AP21: 11.947493 | AR21: =AP21-AL21 -> 2.9474926
B22: 11.5 | C22: =COUNTIFS('Al Bundy'!$G$5:$G$14971,"Male",'Al Bundy'!$H$5:$H$14971,'Tasks 1,2'!$B22,'Al Bundy'!$M$5:$M$14971,"2015",'Al Bundy'!$N$5:$N$14971,'Tasks 1,2'!C$10,'Al Bundy'!$D$5:$D$14971,"United States") -> 3 | D22: =COUNTIFS('Al Bundy'!$G$5:$G$14971,"Male",'Al Bundy'!$H$5:$H$14971,'Tasks 1,2'!$B22,'Al Bundy'!$M$5:$M$14971,"2015",'Al Bundy'!$N$5:$N$14971,'Tasks 1,2'!D$10,'Al Bundy'!$D$5:$D$14971,"United States") -> 3 | E22: =COUNTIFS('Al Bundy'!$G$5:$G$14971,"Male",'Al Bundy'!$H$5:$H$14971,'Tasks 1,2'!$B22,'Al Bundy'!$M$5:$M$14971,"2015",'Al Bundy'!$N$5:$N$14971,'Tasks 1,2'!E$10,'Al Bundy'!$D$5:$D$14971,"United States") -> 2 | F22: =COUNTIFS('Al Bundy'!$G$5:$G$14971,"Male",'Al Bundy'!$H$5:$H$14971,'Tasks 1,2'!$B22,'Al Bundy'!$M$5:$M$14971,"2015",'Al Bundy'!$N$5:$N$14971,'Tasks 1,2'!F$10,'Al Bundy'!$D$5:$D$14971,"United States") -> 3 | G22: =COUNTIFS('Al Bundy'!$G$5:$G$14971,"Male",'Al Bundy'!$H$5:$H$14971,'Tasks 1,2'!$B22,'Al Bundy'!$M$5:$M$14971,"2015",'Al Bundy'!$N$5:$N$14971,'Tasks 1,2'!G$10,'Al Bundy'!$D$5:$D$14971,"United States") -> 6 | H22: =COUNTIFS('Al Bundy'!$G$5:$G$14971,"Male",'Al Bundy'!$H$5:$H$14971,'Tasks 1,2'!$B22,'Al Bundy'!$M$5:$M$14971,"2015",'Al Bundy'!$N$5:$N$14971,'Tasks 1,2'!H$10,'Al Bundy'!$D$5:$D$14971,"United States") -> 9 | I22: =COUNTIFS('Al Bundy'!$G$5:$G$14971,"Male",'Al Bundy'!$H$5:$H$14971,'Tasks 1,2'!$B22,'Al Bundy'!$M$5:$M$14971,"2015",'Al Bundy'!$N$5:$N$14971,'Tasks 1,2'!I$10,'Al Bundy'!$D$5:$D$14971,"United States") -> 6 | J22: =COUNTIFS('Al Bundy'!$G$5:$G$14971,"Male",'Al Bundy'!$H$5:$H$14971,'Tasks 1,2'!$B22,'Al Bundy'!$M$5:$M$14971,"2015",'Al Bundy'!$N$5:$N$14971,'Tasks 1,2'!J$10,'Al Bundy'!$D$5:$D$14971,"United States") -> 6 | ... N22: =COUNTIFS('Al Bundy'!$G$5:$G$14971,"Male",'Al Bundy'!$H$5:$H$14971,'Tasks 1,2'!$B22,'Al Bundy'!$M$5:$M$14971,"2015",'Al Bundy'!$N$5:$N$14971,'Tasks 1,2'!N$10,'Al Bundy'!$D$5:$D$14971,"United States") -> 7 | P22: =COUNTIFS('Al Bundy'!$G$5:$G$14971,"Male",'Al Bundy'!$H$5:$H$14971,'Tasks 1,2'!$B22,'Al Bundy'!$M$5:$M$14971,"2016",'Al Bundy'!$N$5:$N$14971,'Tasks 1,2'!P$10,'Al Bundy'!$D$5:$D$14971,"United States") -> 4 | Q22: =COUNTIFS('Al Bundy'!$G$5:$G$14971,"Male",'Al Bundy'!$H$5:$H$14971,'Tasks 1,2'!$B22,'Al Bundy'!$M$5:$M$14971,"2016",'Al Bundy'!$N$5:$N$14971,'Tasks 1,2'!Q$10,'Al Bundy'!$D$5:$D$14971,"United States") -> 3 | R22: =COUNTIFS('Al Bundy'!$G$5:$G$14971,"Male",'Al Bundy'!$H$5:$H$14971,'Tasks 1,2'!$B22,'Al Bundy'!$M$5:$M$14971,"2016",'Al Bundy'!$N$5:$N$14971,'Tasks 1,2'!R$10,'Al Bundy'!$D$5:$D$14971,"United States") -> 6 | S22: =COUNTIFS('Al Bundy'!$G$5:$G$14971,"Male",'Al Bundy'!$H$5:$H$14971,'Tasks 1,2'!$B22,'Al Bundy'!$M$5:$M$14971,"2016",'Al Bundy'!$N$5:$N$14971,'Tasks 1,2'!S$10,'Al Bundy'!$D$5:$D$14971,"United States") -> 3 | T22: =COUNTIFS('Al Bundy'!$G$5:$G$14971,"Male",'Al Bundy'!$H$5:$H$14971,'Tasks 1,2'!$B22,'Al Bundy'!$M$5:$M$14971,"2016",'Al Bundy'!$N$5:$N$14971,'Tasks 1,2'!T$10,'Al Bundy'!$D$5:$D$14971,"United States") -> 3 | U22: =COUNTIFS('Al Bundy'!$G$5:$G$14971,"Male",'Al Bundy'!$H$5:$H$14971,'Tasks 1,2'!$B22,'Al Bundy'!$M$5:$M$14971,"2016",'Al Bundy'!$N$5:$N$14971,'Tasks 1,2'!U$10,'Al Bundy'!$D$5:$D$14971,"United States") -> 5 | V22: =COUNTIFS('Al Bundy'!$G$5:$G$14971,"Male",'Al Bundy'!$H$5:$H$14971,'Tasks 1,2'!$B22,'Al Bundy'!$M$5:$M$14971,"2016",'Al Bundy'!$N$5:$N$14971,'Tasks 1,2'!V$10,'Al Bundy'!$D$5:$D$14971,"United States") -> 6 | W22: =COUNTIFS('Al Bundy'!$G$5:$G$14971,"Male",'Al Bundy'!$H$5:$H$14971,'Tasks 1,2'!$B22,'Al Bundy'!$M$5:$M$14971,"2016",'Al Bundy'!$N$5:$N$14971,'Tasks 1,2'!W$10,'Al Bundy'!$D$5:$D$14971,"United States") -> 4 | ... AA22: =COUNTIFS('Al Bundy'!$G$5:$G$14971,"Male",'Al Bundy'!$H$5:$H$14971,'Tasks 1,2'!$B22,'Al Bundy'!$M$5:$M$14971,"2016",'Al Bundy'!$N$5:$N$14971,'Tasks 1,2'!AA$10,'Al Bundy'!$D$5:$D$14971,"United States") -> 5 | AC22: =AVERAGE(C22:AA22) -> 5.3333333 | AE22: =_xlfn.STDEV.S(C22:AA22)/SQRT($AJ$31) -> 0.58255642 | AG22: =AE22*$AJ$32 -> 1.2053092 | AI22: =AC22-AG22 -> 4.1280241 | AJ22: =AC22+AG22 -> 6.5386426 | AL22: =ROUND(AJ22,0) -> 7 | AN22: =ROUNDUP(AJ22,0) -> 7 | AP22: 7.846982 | AR22: =AP22-AL22 -> 0.84698198
... B27: 16 | C27: =COUNTIFS('Al Bundy'!$G$5:$G$14971,"Male",'Al Bundy'!$H$5:$H$14971,'Tasks 1,2'!$B27,'Al Bundy'!$M$5:$M$14971,"2015",'Al Bundy'!$N$5:$N$14971,'Tasks 1,2'!C$10,'Al Bundy'!$D$5:$D$14971,"United States") -> 0 | D27: =COUNTIFS('Al Bundy'!$G$5:$G$14971,"Male",'Al Bundy'!$H$5:$H$14971,'Tasks 1,2'!$B27,'Al Bundy'!$M$5:$M$14971,"2015",'Al Bundy'!$N$5:$N$14971,'Tasks 1,2'!D$10,'Al Bundy'!$D$5:$D$14971,"United States") -> 0 | E27: =COUNTIFS('Al Bundy'!$G$5:$G$14971,"Male",'Al Bundy'!$H$5:$H$14971,'Tasks 1,2'!$B27,'Al Bundy'!$M$5:$M$14971,"2015",'Al Bundy'!$N$5:$N$14971,'Tasks 1,2'!E$10,'Al Bundy'!$D$5:$D$14971,"United States") -> 0 | F27: =COUNTIFS('Al Bundy'!$G$5:$G$14971,"Male",'Al Bundy'!$H$5:$H$14971,'Tasks 1,2'!$B27,'Al Bundy'!$M$5:$M$14971,"2015",'Al Bundy'!$N$5:$N$14971,'Tasks 1,2'!F$10,'Al Bundy'!$D$5:$D$14971,"United States") -> 0 | G27: =COUNTIFS('Al Bundy'!$G$5:$G$14971,"Male",'Al Bundy'!$H$5:$H$14971,'Tasks 1,2'!$B27,'Al Bundy'!$M$5:$M$14971,"2015",'Al Bundy'!$N$5:$N$14971,'Tasks 1,2'!G$10,'Al Bundy'!$D$5:$D$14971,"United States") -> 0 | H27: =COUNTIFS('Al Bundy'!$G$5:$G$14971,"Male",'Al Bundy'!$H$5:$H$14971,'Tasks 1,2'!$B27,'Al Bundy'!$M$5:$M$14971,"2015",'Al Bundy'!$N$5:$N$14971,'Tasks 1,2'!H$10,'Al Bundy'!$D$5:$D$14971,"United States") -> 0 | I27: =COUNTIFS('Al Bundy'!$G$5:$G$14971,"Male",'Al Bundy'!$H$5:$H$14971,'Tasks 1,2'!$B27,'Al Bundy'!$M$5:$M$14971,"2015",'Al Bundy'!$N$5:$N$14971,'Tasks 1,2'!I$10,'Al Bundy'!$D$5:$D$14971,"United States") -> 0 | J27: =COUNTIFS('Al Bundy'!$G$5:$G$14971,"Male",'Al Bundy'!$H$5:$H$14971,'Tasks 1,2'!$B27,'Al Bundy'!$M$5:$M$14971,"2015",'Al Bundy'!$N$5:$N$14971,'Tasks 1,2'!J$10,'Al Bundy'!$D$5:$D$14971,"United States") -> 0 | ... N27: =COUNTIFS('Al Bundy'!$G$5:$G$14971,"Male",'Al Bundy'!$H$5:$H$14971,'Tasks 1,2'!$B27,'Al Bundy'!$M$5:$M$14971,"2015",'Al Bundy'!$N$5:$N$14971,'Tasks 1,2'!N$10,'Al Bundy'!$D$5:$D$14971,"United States") -> 0 | P27: =COUNTIFS('Al Bundy'!$G$5:$G$14971,"Male",'Al Bundy'!$H$5:$H$14971,'Tasks 1,2'!$B27,'Al Bundy'!$M$5:$M$14971,"2016",'Al Bundy'!$N$5:$N$14971,'Tasks 1,2'!P$10,'Al Bundy'!$D$5:$D$14971,"United States") -> 0 | Q27: =COUNTIFS('Al Bundy'!$G$5:$G$14971,"Male",'Al Bundy'!$H$5:$H$14971,'Tasks 1,2'!$B27,'Al Bundy'!$M$5:$M$14971,"2016",'Al Bundy'!$N$5:$N$14971,'Tasks 1,2'!Q$10,'Al Bundy'!$D$5:$D$14971,"United States") -> 0 | R27: =COUNTIFS('Al Bundy'!$G$5:$G$14971,"Male",'Al Bundy'!$H$5:$H$14971,'Tasks 1,2'!$B27,'Al Bundy'!$M$5:$M$14971,"2016",'Al Bundy'!$N$5:$N$14971,'Tasks 1,2'!R$10,'Al Bundy'!$D$5:$D$14971,"United States") -> 0 | S27: =COUNTIFS('Al Bundy'!$G$5:$G$14971,"Male",'Al Bundy'!$H$5:$H$14971,'Tasks 1,2'!$B27,'Al Bundy'!$M$5:$M$14971,"2016",'Al Bundy'!$N$5:$N$14971,'Tasks 1,2'!S$10,'Al Bundy'!$D$5:$D$14971,"United States") -> 0 | T27: =COUNTIFS('Al Bundy'!$G$5:$G$14971,"Male",'Al Bundy'!$H$5:$H$14971,'Tasks 1,2'!$B27,'Al Bundy'!$M$5:$M$14971,"2016",'Al Bundy'!$N$5:$N$14971,'Tasks 1,2'!T$10,'Al Bundy'!$D$5:$D$14971,"United States") -> 0 | U27: =COUNTIFS('Al Bundy'!$G$5:$G$14971,"Male",'Al Bundy'!$H$5:$H$14971,'Tasks 1,2'!$B27,'Al Bundy'!$M$5:$M$14971,"2016",'Al Bundy'!$N$5:$N$14971,'Tasks 1,2'!U$10,'Al Bundy'!$D$5:$D$14971,"United States") -> 0 | V27: =COUNTIFS('Al Bundy'!$G$5:$G$14971,"Male",'Al Bundy'!$H$5:$H$14971,'Tasks 1,2'!$B27,'Al Bundy'!$M$5:$M$14971,"2016",'Al Bundy'!$N$5:$N$14971,'Tasks 1,2'!V$10,'Al Bundy'!$D$5:$D$14971,"United States") -> 0 | W27: =COUNTIFS('Al Bundy'!$G$5:$G$14971,"Male",'Al Bundy'!$H$5:$H$14971,'Tasks 1,2'!$B27,'Al Bundy'!$M$5:$M$14971,"2016",'Al Bundy'!$N$5:$N$14971,'Tasks 1,2'!W$10,'Al Bundy'!$D$5:$D$14971,"United States") -> 0 | ... AA27: =COUNTIFS('Al Bundy'!$G$5:$G$14971,"Male",'Al Bundy'!$H$5:$H$14971,'Tasks 1,2'!$B27,'Al Bundy'!$M$5:$M$14971,"2016",'Al Bundy'!$N$5:$N$14971,'Tasks 1,2'!AA$10,'Al Bundy'!$D$5:$D$14971,"United States") -> 0 | AC27: =AVERAGE(C27:AA27) -> 0 | AE27: =_xlfn.STDEV.S(C27:AA27)/SQRT($AJ$31) -> 0 | AG27: =AE27*$AJ$32 -> 0 | AI27: =AC27-AG27 -> 0 | AJ27: =AC27+AG27 -> 0 | AL27: =ROUND(AJ27,0) -> 0 | AN27: =ROUNDUP(AJ27,0) -> 0 | AP27: 0 | AR27: =AP27-AL27 -> 0
B28: Total | C28: =SUM(C11:C27) -> 66 | D28: =SUM(D11:D27) -> 76 | E28: =SUM(E11:E27) -> 65 | F28: =SUM(F11:F27) -> 65 | G28: =SUM(G11:G27) -> 82 | H28: =SUM(H11:H27) -> 103 | I28: =SUM(I11:I27) -> 109 | J28: =SUM(J11:J27) -> 105 | ... N28: =SUM(N11:N27) -> 101 | P28: =SUM(P11:P27) -> 110 | Q28: =SUM(Q11:Q27) -> 132 | R28: =SUM(R11:R27) -> 134 | S28: =SUM(S11:S27) -> 103 | T28: =SUM(T11:T27) -> 160 | U28: =SUM(U11:U27) -> 148 | V28: =SUM(V11:V27) -> 165 | W28: =SUM(W11:W27) -> 178 | ... AA28: =SUM(AA11:AA27) -> 98
AJ30: 15-'16 | AP30: The numbers are close, however most shoe sizes seem overestimated
AI31: n | AJ31: 24 | AP31: when we base the prediction only on one year. This may be because
AI32: t95%,23 | AJ32: 2.069 | AP32: 2016 was a very good year for sales, while 2015 wasn't.

Sheet Task 3
B1: Frequency distribution tables
B2: By size and month
B4: Task 3: Estimate the 90% confidence interval for the same task as the lesson. What changes can you see?
B6: Solution:
B8: Women shoe sales
C11: Germany, GER1 | P11: Germany, GER2 | AC11: Mean | AF11: Sample variance | AI11: Pooled variance | AK11: Margin of error | AM11: 90% CI
B12: US | C12: 1 | D12: 2 | E12: 3 | F12: 4 | G12: 5 | H12: 6 | I12: 7 | J12: 8 | K12: 9 | L12: 10 | M12: 11 | N12: 12 | P12: 1 | Q12: 2 | R12: 3 | S12: 4 | T12: 5 | U12: 6 | V12: 7 | W12: 8 | X12: 9 | Y12: 10 | Z12: 11 | AA12: 12 | AC12: GER1 | AD12: GER2 | AF12: GER1 | AG12: GER2
B13: 4 | C13: =COUNTIFS('Al Bundy'!$G$5:$G$14971,"Female",'Al Bundy'!$H$5:$H$14971,'Task 3'!$B13,'Al Bundy'!$N$5:$N$14971,'Task 3'!C$12,'Al Bundy'!$F$5:$F$14971,"GER1",'Al Bundy'!$M$5:$M$14971,"2016") -> 0 | D13: =COUNTIFS('Al Bundy'!$G$5:$G$14971,"Female",'Al Bundy'!$H$5:$H$14971,'Task 3'!$B13,'Al Bundy'!$N$5:$N$14971,'Task 3'!D$12,'Al Bundy'!$F$5:$F$14971,"GER1",'Al Bundy'!$M$5:$M$14971,"2016") -> 0 | E13: =COUNTIFS('Al Bundy'!$G$5:$G$14971,"Female",'Al Bundy'!$H$5:$H$14971,'Task 3'!$B13,'Al Bundy'!$N$5:$N$14971,'Task 3'!E$12,'Al Bundy'!$F$5:$F$14971,"GER1",'Al Bundy'!$M$5:$M$14971,"2016") -> 0 | F13: =COUNTIFS('Al Bundy'!$G$5:$G$14971,"Female",'Al Bundy'!$H$5:$H$14971,'Task 3'!$B13,'Al Bundy'!$N$5:$N$14971,'Task 3'!F$12,'Al Bundy'!$F$5:$F$14971,"GER1",'Al Bundy'!$M$5:$M$14971,"2016") -> 0 | G13: =COUNTIFS('Al Bundy'!$G$5:$G$14971,"Female",'Al Bundy'!$H$5:$H$14971,'Task 3'!$B13,'Al Bundy'!$N$5:$N$14971,'Task 3'!G$12,'Al Bundy'!$F$5:$F$14971,"GER1",'Al Bundy'!$M$5:$M$14971,"2016") -> 0 | H13: =COUNTIFS('Al Bundy'!$G$5:$G$14971,"Female",'Al Bundy'!$H$5:$H$14971,'Task 3'!$B13,'Al Bundy'!$N$5:$N$14971,'Task 3'!H$12,'Al Bundy'!$F$5:$F$14971,"GER1",'Al Bundy'!$M$5:$M$14971,"2016") -> 0 | I13: =COUNTIFS('Al Bundy'!$G$5:$G$14971,"Female",'Al Bundy'!$H$5:$H$14971,'Task 3'!$B13,'Al Bundy'!$N$5:$N$14971,'Task 3'!I$12,'Al Bundy'!$F$5:$F$14971,"GER1",'Al Bundy'!$M$5:$M$14971,"2016") -> 0 | J13: =COUNTIFS('Al Bundy'!$G$5:$G$14971,"Female",'Al Bundy'!$H$5:$H$14971,'Task 3'!$B13,'Al Bundy'!$N$5:$N$14971,'Task 3'!J$12,'Al Bundy'!$F$5:$F$14971,"GER1",'Al Bundy'!$M$5:$M$14971,"2016") -> 0 | ... N13: =COUNTIFS('Al Bundy'!$G$5:$G$14971,"Female",'Al Bundy'!$H$5:$H$14971,'Task 3'!$B13,'Al Bundy'!$N$5:$N$14971,'Task 3'!N$12,'Al Bundy'!$F$5:$F$14971,"GER1",'Al Bundy'!$M$5:$M$14971,"2016") -> 0 | P13: =COUNTIFS('Al Bundy'!$G$5:$G$14971,"Female",'Al Bundy'!$H$5:$H$14971,'Task 3'!$B13,'Al Bundy'!$N$5:$N$14971,'Task 3'!P$12,'Al Bundy'!$F$5:$F$14971,"GER2",'Al Bundy'!$M$5:$M$14971,"2016") -> 0 | Q13: =COUNTIFS('Al Bundy'!$G$5:$G$14971,"Female",'Al Bundy'!$H$5:$H$14971,'Task 3'!$B13,'Al Bundy'!$N$5:$N$14971,'Task 3'!Q$12,'Al Bundy'!$F$5:$F$14971,"GER2",'Al Bundy'!$M$5:$M$14971,"2016") -> 0 | R13: =COUNTIFS('Al Bundy'!$G$5:$G$14971,"Female",'Al Bundy'!$H$5:$H$14971,'Task 3'!$B13,'Al Bundy'!$N$5:$N$14971,'Task 3'!R$12,'Al Bundy'!$F$5:$F$14971,"GER2",'Al Bundy'!$M$5:$M$14971,"2016") -> 0 | S13: =COUNTIFS('Al Bundy'!$G$5:$G$14971,"Female",'Al Bundy'!$H$5:$H$14971,'Task 3'!$B13,'Al Bundy'!$N$5:$N$14971,'Task 3'!S$12,'Al Bundy'!$F$5:$F$14971,"GER2",'Al Bundy'!$M$5:$M$14971,"2016") -> 0 | T13: =COUNTIFS('Al Bundy'!$G$5:$G$14971,"Female",'Al Bundy'!$H$5:$H$14971,'Task 3'!$B13,'Al Bundy'!$N$5:$N$14971,'Task 3'!T$12,'Al Bundy'!$F$5:$F$14971,"GER2",'Al Bundy'!$M$5:$M$14971,"2016") -> 0 | U13: =COUNTIFS('Al Bundy'!$G$5:$G$14971,"Female",'Al Bundy'!$H$5:$H$14971,'Task 3'!$B13,'Al Bundy'!$N$5:$N$14971,'Task 3'!U$12,'Al Bundy'!$F$5:$F$14971,"GER2",'Al Bundy'!$M$5:$M$14971,"2016") -> 0 | V13: =COUNTIFS('Al Bundy'!$G$5:$G$14971,"Female",'Al Bundy'!$H$5:$H$14971,'Task 3'!$B13,'Al Bundy'!$N$5:$N$14971,'Task 3'!V$12,'Al Bundy'!$F$5:$F$14971,"GER2",'Al Bundy'!$M$5:$M$14971,"2016") -> 0 | W13: =COUNTIFS('Al Bundy'!$G$5:$G$14971,"Female",'Al Bundy'!$H$5:$H$14971,'Task 3'!$B13,'Al Bundy'!$N$5:$N$14971,'Task 3'!W$12,'Al Bundy'!$F$5:$F$14971,"GER2",'Al Bundy'!$M$5:$M$14971,"2016") -> 0 | ... AA13: =COUNTIFS('Al Bundy'!$G$5:$G$14971,"Female",'Al Bundy'!$H$5:$H$14971,'Task 3'!$B13,'Al Bundy'!$N$5:$N$14971,'Task 3'!AA$12,'Al Bundy'!$F$5:$F$14971,"GER2",'Al Bundy'!$M$5:$M$14971,"2016") -> 0 | AC13: =AVERAGE(C13:N13) -> 0 | AD13: =AVERAGE(P13:AA13) -> 0 | AF13: =_xlfn.VAR.S(C13:N13) -> 0 | AG13: =_xlfn.VAR.S(P13:AA13) -> 0 | AI13: =(($AM$31-1)*AF13+($AN$31-1)*AG13)/($AM$31+$AN$31-2) -> 0 | AK13: =$AN$32*SQRT(AI13/$AM$31+AI13/$AN$31) -> 0 | AM13: =AC13-AD13-AK13 -> 0 | AN13: =AC13-AD13+AK13 -> 0
B14: 4.5 | C14: =COUNTIFS('Al Bundy'!$G$5:$G$14971,"Female",'Al Bundy'!$H$5:$H$14971,'Task 3'!$B14,'Al Bundy'!$N$5:$N$14971,'Task 3'!C$12,'Al Bundy'!$F$5:$F$14971,"GER1",'Al Bundy'!$M$5:$M$14971,"2016") -> 0 | D14: =COUNTIFS('Al Bundy'!$G$5:$G$14971,"Female",'Al Bundy'!$H$5:$H$14971,'Task 3'!$B14,'Al Bundy'!$N$5:$N$14971,'Task 3'!D$12,'Al Bundy'!$F$5:$F$14971,"GER1",'Al Bundy'!$M$5:$M$14971,"2016") -> 0 | E14: =COUNTIFS('Al Bundy'!$G$5:$G$14971,"Female",'Al Bundy'!$H$5:$H$14971,'Task 3'!$B14,'Al Bundy'!$N$5:$N$14971,'Task 3'!E$12,'Al Bundy'!$F$5:$F$14971,"GER1",'Al Bundy'!$M$5:$M$14971,"2016") -> 0 | F14: =COUNTIFS('Al Bundy'!$G$5:$G$14971,"Female",'Al Bundy'!$H$5:$H$14971,'Task 3'!$B14,'Al Bundy'!$N$5:$N$14971,'Task 3'!F$12,'Al Bundy'!$F$5:$F$14971,"GER1",'Al Bundy'!$M$5:$M$14971,"2016") -> 0 | G14: =COUNTIFS('Al Bundy'!$G$5:$G$14971,"Female",'Al Bundy'!$H$5:$H$14971,'Task 3'!$B14,'Al Bundy'!$N$5:$N$14971,'Task 3'!G$12,'Al Bundy'!$F$5:$F$14971,"GER1",'Al Bundy'!$M$5:$M$14971,"2016") -> 1 | H14: =COUNTIFS('Al Bundy'!$G$5:$G$14971,"Female",'Al Bundy'!$H$5:$H$14971,'Task 3'!$B14,'Al Bundy'!$N$5:$N$14971,'Task 3'!H$12,'Al Bundy'!$F$5:$F$14971,"GER1",'Al Bundy'!$M$5:$M$14971,"2016") -> 3 | I14: =COUNTIFS('Al Bundy'!$G$5:$G$14971,"Female",'Al Bundy'!$H$5:$H$14971,'Task 3'!$B14,'Al Bundy'!$N$5:$N$14971,'Task 3'!I$12,'Al Bundy'!$F$5:$F$14971,"GER1",'Al Bundy'!$M$5:$M$14971,"2016") -> 0 | J14: =COUNTIFS('Al Bundy'!$G$5:$G$14971,"Female",'Al Bundy'!$H$5:$H$14971,'Task 3'!$B14,'Al Bundy'!$N$5:$N$14971,'Task 3'!J$12,'Al Bundy'!$F$5:$F$14971,"GER1",'Al Bundy'!$M$5:$M$14971,"2016") -> 0 | ... N14: =COUNTIFS('Al Bundy'!$G$5:$G$14971,"Female",'Al Bundy'!$H$5:$H$14971,'Task 3'!$B14,'Al Bundy'!$N$5:$N$14971,'Task 3'!N$12,'Al Bundy'!$F$5:$F$14971,"GER1",'Al Bundy'!$M$5:$M$14971,"2016") -> 0 | P14: =COUNTIFS('Al Bundy'!$G$5:$G$14971,"Female",'Al Bundy'!$H$5:$H$14971,'Task 3'!$B14,'Al Bundy'!$N$5:$N$14971,'Task 3'!P$12,'Al Bundy'!$F$5:$F$14971,"GER2",'Al Bundy'!$M$5:$M$14971,"2016") -> 0 | Q14: =COUNTIFS('Al Bundy'!$G$5:$G$14971,"Female",'Al Bundy'!$H$5:$H$14971,'Task 3'!$B14,'Al Bundy'!$N$5:$N$14971,'Task 3'!Q$12,'Al Bundy'!$F$5:$F$14971,"GER2",'Al Bundy'!$M$5:$M$14971,"2016") -> 0 | R14: =COUNTIFS('Al Bundy'!$G$5:$G$14971,"Female",'Al Bundy'!$H$5:$H$14971,'Task 3'!$B14,'Al Bundy'!$N$5:$N$14971,'Task 3'!R$12,'Al Bundy'!$F$5:$F$14971,"GER2",'Al Bundy'!$M$5:$M$14971,"2016") -> 0 | S14: =COUNTIFS('Al Bundy'!$G$5:$G$14971,"Female",'Al Bundy'!$H$5:$H$14971,'Task 3'!$B14,'Al Bundy'!$N$5:$N$14971,'Task 3'!S$12,'Al Bundy'!$F$5:$F$14971,"GER2",'Al Bundy'!$M$5:$M$14971,"2016") -> 0 | T14: =COUNTIFS('Al Bundy'!$G$5:$G$14971,"Female",'Al Bundy'!$H$5:$H$14971,'Task 3'!$B14,'Al Bundy'!$N$5:$N$14971,'Task 3'!T$12,'Al Bundy'!$F$5:$F$14971,"GER2",'Al Bundy'!$M$5:$M$14971,"2016") -> 0 | U14: =COUNTIFS('Al Bundy'!$G$5:$G$14971,"Female",'Al Bundy'!$H$5:$H$14971,'Task 3'!$B14,'Al Bundy'!$N$5:$N$14971,'Task 3'!U$12,'Al Bundy'!$F$5:$F$14971,"GER2",'Al Bundy'!$M$5:$M$14971,"2016") -> 0 | V14: =COUNTIFS('Al Bundy'!$G$5:$G$14971,"Female",'Al Bundy'!$H$5:$H$14971,'Task 3'!$B14,'Al Bundy'!$N$5:$N$14971,'Task 3'!V$12,'Al Bundy'!$F$5:$F$14971,"GER2",'Al Bundy'!$M$5:$M$14971,"2016") -> 0 | W14: =COUNTIFS('Al Bundy'!$G$5:$G$14971,"Female",'Al Bundy'!$H$5:$H$14971,'Task 3'!$B14,'Al Bundy'!$N$5:$N$14971,'Task 3'!W$12,'Al Bundy'!$F$5:$F$14971,"GER2",'Al Bundy'!$M$5:$M$14971,"2016") -> 0 | ... AA14: =COUNTIFS('Al Bundy'!$G$5:$G$14971,"Female",'Al Bundy'!$H$5:$H$14971,'Task 3'!$B14,'Al Bundy'!$N$5:$N$14971,'Task 3'!AA$12,'Al Bundy'!$F$5:$F$14971,"GER2",'Al Bundy'!$M$5:$M$14971,"2016") -> 0 | AC14: =AVERAGE(C14:N14) -> 0.41666667 | AD14: =AVERAGE(P14:AA14) -> 0.083333333 | AF14: =_xlfn.VAR.S(C14:N14) -> 0.81060606 | AG14: =_xlfn.VAR.S(P14:AA14) -> 0.083333333 | AI14: =(($AM$31-1)*AF14+($AN$31-1)*AG14)/($AM$31+$AN$31-2) -> 0.4469697 | AK14: =$AN$32*SQRT(AI14/$AM$31+AI14/$AN$31) -> 0.46672335 | AM14: =AC14-AD14-AK14 -> -0.13339001 | AN14: =AC14-AD14+AK14 -> 0.80005668 | AP14: For a single shoe size (marked), we can clearly see that one shop outperforms the other.
B15: 5 | C15: =COUNTIFS('Al Bundy'!$G$5:$G$14971,"Female",'Al Bundy'!$H$5:$H$14971,'Task 3'!$B15,'Al Bundy'!$N$5:$N$14971,'Task 3'!C$12,'Al Bundy'!$F$5:$F$14971,"GER1",'Al Bundy'!$M$5:$M$14971,"2016") -> 0 | D15: =COUNTIFS('Al Bundy'!$G$5:$G$14971,"Female",'Al Bundy'!$H$5:$H$14971,'Task 3'!$B15,'Al Bundy'!$N$5:$N$14971,'Task 3'!D$12,'Al Bundy'!$F$5:$F$14971,"GER1",'Al Bundy'!$M$5:$M$14971,"2016") -> 0 | E15: =COUNTIFS('Al Bundy'!$G$5:$G$14971,"Female",'Al Bundy'!$H$5:$H$14971,'Task 3'!$B15,'Al Bundy'!$N$5:$N$14971,'Task 3'!E$12,'Al Bundy'!$F$5:$F$14971,"GER1",'Al Bundy'!$M$5:$M$14971,"2016") -> 0 | F15: =COUNTIFS('Al Bundy'!$G$5:$G$14971,"Female",'Al Bundy'!$H$5:$H$14971,'Task 3'!$B15,'Al Bundy'!$N$5:$N$14971,'Task 3'!F$12,'Al Bundy'!$F$5:$F$14971,"GER1",'Al Bundy'!$M$5:$M$14971,"2016") -> 0 | G15: =COUNTIFS('Al Bundy'!$G$5:$G$14971,"Female",'Al Bundy'!$H$5:$H$14971,'Task 3'!$B15,'Al Bundy'!$N$5:$N$14971,'Task 3'!G$12,'Al Bundy'!$F$5:$F$14971,"GER1",'Al Bundy'!$M$5:$M$14971,"2016") -> 0 | H15: =COUNTIFS('Al Bundy'!$G$5:$G$14971,"Female",'Al Bundy'!$H$5:$H$14971,'Task 3'!$B15,'Al Bundy'!$N$5:$N$14971,'Task 3'!H$12,'Al Bundy'!$F$5:$F$14971,"GER1",'Al Bundy'!$M$5:$M$14971,"2016") -> 0 | I15: =COUNTIFS('Al Bundy'!$G$5:$G$14971,"Female",'Al Bundy'!$H$5:$H$14971,'Task 3'!$B15,'Al Bundy'!$N$5:$N$14971,'Task 3'!I$12,'Al Bundy'!$F$5:$F$14971,"GER1",'Al Bundy'!$M$5:$M$14971,"2016") -> 2 | J15: =COUNTIFS('Al Bundy'!$G$5:$G$14971,"Female",'Al Bundy'!$H$5:$H$14971,'Task 3'!$B15,'Al Bundy'!$N$5:$N$14971,'Task 3'!J$12,'Al Bundy'!$F$5:$F$14971,"GER1",'Al Bundy'!$M$5:$M$14971,"2016") -> 0 | ... N15: =COUNTIFS('Al Bundy'!$G$5:$G$14971,"Female",'Al Bundy'!$H$5:$H$14971,'Task 3'!$B15,'Al Bundy'!$N$5:$N$14971,'Task 3'!N$12,'Al Bundy'!$F$5:$F$14971,"GER1",'Al Bundy'!$M$5:$M$14971,"2016") -> 0 | P15: =COUNTIFS('Al Bundy'!$G$5:$G$14971,"Female",'Al Bundy'!$H$5:$H$14971,'Task 3'!$B15,'Al Bundy'!$N$5:$N$14971,'Task 3'!P$12,'Al Bundy'!$F$5:$F$14971,"GER2",'Al Bundy'!$M$5:$M$14971,"2016") -> 0 | Q15: =COUNTIFS('Al Bundy'!$G$5:$G$14971,"Female",'Al Bundy'!$H$5:$H$14971,'Task 3'!$B15,'Al Bundy'!$N$5:$N$14971,'Task 3'!Q$12,'Al Bundy'!$F$5:$F$14971,"GER2",'Al Bundy'!$M$5:$M$14971,"2016") -> 0 | R15: =COUNTIFS('Al Bundy'!$G$5:$G$14971,"Female",'Al Bundy'!$H$5:$H$14971,'Task 3'!$B15,'Al Bundy'!$N$5:$N$14971,'Task 3'!R$12,'Al Bundy'!$F$5:$F$14971,"GER2",'Al Bundy'!$M$5:$M$14971,"2016") -> 0 | S15: =COUNTIFS('Al Bundy'!$G$5:$G$14971,"Female",'Al Bundy'!$H$5:$H$14971,'Task 3'!$B15,'Al Bundy'!$N$5:$N$14971,'Task 3'!S$12,'Al Bundy'!$F$5:$F$14971,"GER2",'Al Bundy'!$M$5:$M$14971,"2016") -> 0 | T15: =COUNTIFS('Al Bundy'!$G$5:$G$14971,"Female",'Al Bundy'!$H$5:$H$14971,'Task 3'!$B15,'Al Bundy'!$N$5:$N$14971,'Task 3'!T$12,'Al Bundy'!$F$5:$F$14971,"GER2",'Al Bundy'!$M$5:$M$14971,"2016") -> 0 | U15: =COUNTIFS('Al Bundy'!$G$5:$G$14971,"Female",'Al Bundy'!$H$5:$H$14971,'Task 3'!$B15,'Al Bundy'!$N$5:$N$14971,'Task 3'!U$12,'Al Bundy'!$F$5:$F$14971,"GER2",'Al Bundy'!$M$5:$M$14971,"2016") -> 0 | V15: =COUNTIFS('Al Bundy'!$G$5:$G$14971,"Female",'Al Bundy'!$H$5:$H$14971,'Task 3'!$B15,'Al Bundy'!$N$5:$N$14971,'Task 3'!V$12,'Al Bundy'!$F$5:$F$14971,"GER2",'Al Bundy'!$M$5:$M$14971,"2016") -> 0 | W15: =COUNTIFS('Al Bundy'!$G$5:$G$14971,"Female",'Al Bundy'!$H$5:$H$14971,'Task 3'!$B15,'Al Bundy'!$N$5:$N$14971,'Task 3'!W$12,'Al Bundy'!$F$5:$F$14971,"GER2",'Al Bundy'!$M$5:$M$14971,"2016") -> 2 | ... AA15: =COUNTIFS('Al Bundy'!$G$5:$G$14971,"Female",'Al Bundy'!$H$5:$H$14971,'Task 3'!$B15,'Al Bundy'!$N$5:$N$14971,'Task 3'!AA$12,'Al Bundy'!$F$5:$F$14971,"GER2",'Al Bundy'!$M$5:$M$14971,"2016") -> 0 | AC15: =AVERAGE(C15:N15) -> 0.16666667 | AD15: =AVERAGE(P15:AA15) -> 0.16666667 | AF15: =_xlfn.VAR.S(C15:N15) -> 0.33333333 | AG15: =_xlfn.VAR.S(P15:AA15) -> 0.33333333 | AI15: =(($AM$31-1)*AF15+($AN$31-1)*AG15)/($AM$31+$AN$31-2) -> 0.33333333 | AK15: =$AN$32*SQRT(AI15/$AM$31+AI15/$AN$31) -> 0.40305087 | AM15: =AC15-AD15-AK15 -> -0.40305087 | AN15: =AC15-AD15+AK15 -> 0.40305087 | AP15: However, our confidence is lower.
B16: 5.5 | C16: =COUNTIFS('Al Bundy'!$G$5:$G$14971,"Female",'Al Bundy'!$H$5:$H$14971,'Task 3'!$B16,'Al Bundy'!$N$5:$N$14971,'Task 3'!C$12,'Al Bundy'!$F$5:$F$14971,"GER1",'Al Bundy'!$M$5:$M$14971,"2016") -> 0 | D16: =COUNTIFS('Al Bundy'!$G$5:$G$14971,"Female",'Al Bundy'!$H$5:$H$14971,'Task 3'!$B16,'Al Bundy'!$N$5:$N$14971,'Task 3'!D$12,'Al Bundy'!$F$5:$F$14971,"GER1",'Al Bundy'!$M$5:$M$14971,"2016") -> 0 | E16: =COUNTIFS('Al Bundy'!$G$5:$G$14971,"Female",'Al Bundy'!$H$5:$H$14971,'Task 3'!$B16,'Al Bundy'!$N$5:$N$14971,'Task 3'!E$12,'Al Bundy'!$F$5:$F$14971,"GER1",'Al Bundy'!$M$5:$M$14971,"2016") -> 0 | F16: =COUNTIFS('Al Bundy'!$G$5:$G$14971,"Female",'Al Bundy'!$H$5:$H$14971,'Task 3'!$B16,'Al Bundy'!$N$5:$N$14971,'Task 3'!F$12,'Al Bundy'!$F$5:$F$14971,"GER1",'Al Bundy'!$M$5:$M$14971,"2016") -> 0 | G16: =COUNTIFS('Al Bundy'!$G$5:$G$14971,"Female",'Al Bundy'!$H$5:$H$14971,'Task 3'!$B16,'Al Bundy'!$N$5:$N$14971,'Task 3'!G$12,'Al Bundy'!$F$5:$F$14971,"GER1",'Al Bundy'!$M$5:$M$14971,"2016") -> 0 | H16: =COUNTIFS('Al Bundy'!$G$5:$G$14971,"Female",'Al Bundy'!$H$5:$H$14971,'Task 3'!$B16,'Al Bundy'!$N$5:$N$14971,'Task 3'!H$12,'Al Bundy'!$F$5:$F$14971,"GER1",'Al Bundy'!$M$5:$M$14971,"2016") -> 0 | I16: =COUNTIFS('Al Bundy'!$G$5:$G$14971,"Female",'Al Bundy'!$H$5:$H$14971,'Task 3'!$B16,'Al Bundy'!$N$5:$N$14971,'Task 3'!I$12,'Al Bundy'!$F$5:$F$14971,"GER1",'Al Bundy'!$M$5:$M$14971,"2016") -> 0 | J16: =COUNTIFS('Al Bundy'!$G$5:$G$14971,"Female",'Al Bundy'!$H$5:$H$14971,'Task 3'!$B16,'Al Bundy'!$N$5:$N$14971,'Task 3'!J$12,'Al Bundy'!$F$5:$F$14971,"GER1",'Al Bundy'!$M$5:$M$14971,"2016") -> 0 | ... N16: =COUNTIFS('Al Bundy'!$G$5:$G$14971,"Female",'Al Bundy'!$H$5:$H$14971,'Task 3'!$B16,'Al Bundy'!$N$5:$N$14971,'Task 3'!N$12,'Al Bundy'!$F$5:$F$14971,"GER1",'Al Bundy'!$M$5:$M$14971,"2016") -> 0 | P16: =COUNTIFS('Al Bundy'!$G$5:$G$14971,"Female",'Al Bundy'!$H$5:$H$14971,'Task 3'!$B16,'Al Bundy'!$N$5:$N$14971,'Task 3'!P$12,'Al Bundy'!$F$5:$F$14971,"GER2",'Al Bundy'!$M$5:$M$14971,"2016") -> 0 | Q16: =COUNTIFS('Al Bundy'!$G$5:$G$14971,"Female",'Al Bundy'!$H$5:$H$14971,'Task 3'!$B16,'Al Bundy'!$N$5:$N$14971,'Task 3'!Q$12,'Al Bundy'!$F$5:$F$14971,"GER2",'Al Bundy'!$M$5:$M$14971,"2016") -> 0 | R16: =COUNTIFS('Al Bundy'!$G$5:$G$14971,"Female",'Al Bundy'!$H$5:$H$14971,'Task 3'!$B16,'Al Bundy'!$N$5:$N$14971,'Task 3'!R$12,'Al Bundy'!$F$5:$F$14971,"GER2",'Al Bundy'!$M$5:$M$14971,"2016") -> 0 | S16: =COUNTIFS('Al Bundy'!$G$5:$G$14971,"Female",'Al Bundy'!$H$5:$H$14971,'Task 3'!$B16,'Al Bundy'!$N$5:$N$14971,'Task 3'!S$12,'Al Bundy'!$F$5:$F$14971,"GER2",'Al Bundy'!$M$5:$M$14971,"2016") -> 0 | T16: =COUNTIFS('Al Bundy'!$G$5:$G$14971,"Female",'Al Bundy'!$H$5:$H$14971,'Task 3'!$B16,'Al Bundy'!$N$5:$N$14971,'Task 3'!T$12,'Al Bundy'!$F$5:$F$14971,"GER2",'Al Bundy'!$M$5:$M$14971,"2016") -> 0 | U16: =COUNTIFS('Al Bundy'!$G$5:$G$14971,"Female",'Al Bundy'!$H$5:$H$14971,'Task 3'!$B16,'Al Bundy'!$N$5:$N$14971,'Task 3'!U$12,'Al Bundy'!$F$5:$F$14971,"GER2",'Al Bundy'!$M$5:$M$14971,"2016") -> 0 | V16: =COUNTIFS('Al Bundy'!$G$5:$G$14971,"Female",'Al Bundy'!$H$5:$H$14971,'Task 3'!$B16,'Al Bundy'!$N$5:$N$14971,'Task 3'!V$12,'Al Bundy'!$F$5:$F$14971,"GER2",'Al Bundy'!$M$5:$M$14971,"2016") -> 0 | W16: =COUNTIFS('Al Bundy'!$G$5:$G$14971,"Female",'Al Bundy'!$H$5:$H$14971,'Task 3'!$B16,'Al Bundy'!$N$5:$N$14971,'Task 3'!W$12,'Al Bundy'!$F$5:$F$14971,"GER2",'Al Bundy'!$M$5:$M$14971,"2016") -> 1 | ... AA16: =COUNTIFS('Al Bundy'!$G$5:$G$14971,"Female",'Al Bundy'!$H$5:$H$14971,'Task 3'!$B16,'Al Bundy'!$N$5:$N$14971,'Task 3'!AA$12,'Al Bundy'!$F$5:$F$14971,"GER2",'Al Bundy'!$M$5:$M$14971,"2016") -> 1 | AC16: =AVERAGE(C16:N16) -> 0.083333333 | AD16: =AVERAGE(P16:AA16) -> 0.33333333 | AF16: =_xlfn.VAR.S(C16:N16) -> 0.083333333 | AG16: =_xlfn.VAR.S(P16:AA16) -> 0.42424242 | AI16: =(($AM$31-1)*AF16+($AN$31-1)*AG16)/($AM$31+$AN$31-2) -> 0.25378788 | AK16: =$AN$32*SQRT(AI16/$AM$31+AI16/$AN$31) -> 0.35168668 | AM16: =AC16-AD16-AK16 -> -0.60168668 | AN16: =AC16-AD16+AK16 -> 0.10168668 | AP16: This shows you that the level of confidence does make a difference.
B17: 6 | C17: =COUNTIFS('Al Bundy'!$G$5:$G$14971,"Female",'Al Bundy'!$H$5:$H$14971,'Task 3'!$B17,'Al Bundy'!$N$5:$N$14971,'Task 3'!C$12,'Al Bundy'!$F$5:$F$14971,"GER1",'Al Bundy'!$M$5:$M$14971,"2016") -> 0 | D17: =COUNTIFS('Al Bundy'!$G$5:$G$14971,"Female",'Al Bundy'!$H$5:$H$14971,'Task 3'!$B17,'Al Bundy'!$N$5:$N$14971,'Task 3'!D$12,'Al Bundy'!$F$5:$F$14971,"GER1",'Al Bundy'!$M$5:$M$14971,"2016") -> 2 | E17: =COUNTIFS('Al Bundy'!$G$5:$G$14971,"Female",'Al Bundy'!$H$5:$H$14971,'Task 3'!$B17,'Al Bundy'!$N$5:$N$14971,'Task 3'!E$12,'Al Bundy'!$F$5:$F$14971,"GER1",'Al Bundy'!$M$5:$M$14971,"2016") -> 0 | F17: =COUNTIFS('Al Bundy'!$G$5:$G$14971,"Female",'Al Bundy'!$H$5:$H$14971,'Task 3'!$B17,'Al Bundy'!$N$5:$N$14971,'Task 3'!F$12,'Al Bundy'!$F$5:$F$14971,"GER1",'Al Bundy'!$M$5:$M$14971,"2016") -> 0 | G17: =COUNTIFS('Al Bundy'!$G$5:$G$14971,"Female",'Al Bundy'!$H$5:$H$14971,'Task 3'!$B17,'Al Bundy'!$N$5:$N$14971,'Task 3'!G$12,'Al Bundy'!$F$5:$F$14971,"GER1",'Al Bundy'!$M$5:$M$14971,"2016") -> 0 | H17: =COUNTIFS('Al Bundy'!$G$5:$G$14971,"Female",'Al Bundy'!$H$5:$H$14971,'Task 3'!$B17,'Al Bundy'!$N$5:$N$14971,'Task 3'!H$12,'Al Bundy'!$F$5:$F$14971,"GER1",'Al Bundy'!$M$5:$M$14971,"2016") -> 0 | I17: =COUNTIFS('Al Bundy'!$G$5:$G$14971,"Female",'Al Bundy'!$H$5:$H$14971,'Task 3'!$B17,'Al Bundy'!$N$5:$N$14971,'Task 3'!I$12,'Al Bundy'!$F$5:$F$14971,"GER1",'Al Bundy'!$M$5:$M$14971,"2016") -> 0 | J17: =COUNTIFS('Al Bundy'!$G$5:$G$14971,"Female",'Al Bundy'!$H$5:$H$14971,'Task 3'!$B17,'Al Bundy'!$N$5:$N$14971,'Task 3'!J$12,'Al Bundy'!$F$5:$F$14971,"GER1",'Al Bundy'!$M$5:$M$14971,"2016") -> 0 | ... N17: =COUNTIFS('Al Bundy'!$G$5:$G$14971,"Female",'Al Bundy'!$H$5:$H$14971,'Task 3'!$B17,'Al Bundy'!$N$5:$N$14971,'Task 3'!N$12,'Al Bundy'!$F$5:$F$14971,"GER1",'Al Bundy'!$M$5:$M$14971,"2016") -> 0 | P17: =COUNTIFS('Al Bundy'!$G$5:$G$14971,"Female",'Al Bundy'!$H$5:$H$14971,'Task 3'!$B17,'Al Bundy'!$N$5:$N$14971,'Task 3'!P$12,'Al Bundy'!$F$5:$F$14971,"GER2",'Al Bundy'!$M$5:$M$14971,"2016") -> 0 | Q17: =COUNTIFS('Al Bundy'!$G$5:$G$14971,"Female",'Al Bundy'!$H$5:$H$14971,'Task 3'!$B17,'Al Bundy'!$N$5:$N$14971,'Task 3'!Q$12,'Al Bundy'!$F$5:$F$14971,"GER2",'Al Bundy'!$M$5:$M$14971,"2016") -> 1 | R17: =COUNTIFS('Al Bundy'!$G$5:$G$14971,"Female",'Al Bundy'!$H$5:$H$14971,'Task 3'!$B17,'Al Bundy'!$N$5:$N$14971,'Task 3'!R$12,'Al Bundy'!$F$5:$F$14971,"GER2",'Al Bundy'!$M$5:$M$14971,"2016") -> 3 | S17: =COUNTIFS('Al Bundy'!$G$5:$G$14971,"Female",'Al Bundy'!$H$5:$H$14971,'Task 3'!$B17,'Al Bundy'!$N$5:$N$14971,'Task 3'!S$12,'Al Bundy'!$F$5:$F$14971,"GER2",'Al Bundy'!$M$5:$M$14971,"2016") -> 1 | T17: =COUNTIFS('Al Bundy'!$G$5:$G$14971,"Female",'Al Bundy'!$H$5:$H$14971,'Task 3'!$B17,'Al Bundy'!$N$5:$N$14971,'Task 3'!T$12,'Al Bundy'!$F$5:$F$14971,"GER2",'Al Bundy'!$M$5:$M$14971,"2016") -> 2 | U17: =COUNTIFS('Al Bundy'!$G$5:$G$14971,"Female",'Al Bundy'!$H$5:$H$14971,'Task 3'!$B17,'Al Bundy'!$N$5:$N$14971,'Task 3'!U$12,'Al Bundy'!$F$5:$F$14971,"GER2",'Al Bundy'!$M$5:$M$14971,"2016") -> 0 | V17: =COUNTIFS('Al Bundy'!$G$5:$G$14971,"Female",'Al Bundy'!$H$5:$H$14971,'Task 3'!$B17,'Al Bundy'!$N$5:$N$14971,'Task 3'!V$12,'Al Bundy'!$F$5:$F$14971,"GER2",'Al Bundy'!$M$5:$M$14971,"2016") -> 0 | W17: =COUNTIFS('Al Bundy'!$G$5:$G$14971,"Female",'Al Bundy'!$H$5:$H$14971,'Task 3'!$B17,'Al Bundy'!$N$5:$N$14971,'Task 3'!W$12,'Al Bundy'!$F$5:$F$14971,"GER2",'Al Bundy'!$M$5:$M$14971,"2016") -> 0 | ... AA17: =COUNTIFS('Al Bundy'!$G$5:$G$14971,"Female",'Al Bundy'!$H$5:$H$14971,'Task 3'!$B17,'Al Bundy'!$N$5:$N$14971,'Task 3'!AA$12,'Al Bundy'!$F$5:$F$14971,"GER2",'Al Bundy'!$M$5:$M$14971,"2016") -> 0 | AC17: =AVERAGE(C17:N17) -> 0.16666667 | AD17: =AVERAGE(P17:AA17) -> 0.58333333 | AF17: =_xlfn.VAR.S(C17:N17) -> 0.33333333 | AG17: =_xlfn.VAR.S(P17:AA17) -> 0.99242424 | AI17: =(($AM$31-1)*AF17+($AN$31-1)*AG17)/($AM$31+$AN$31-2) -> 0.66287879 | AK17: =$AN$32*SQRT(AI17/$AM$31+AI17/$AN$31) -> 0.56837838 | AM17: =AC17-AD17-AK17 -> -0.98504504 | AN17: =AC17-AD17+AK17 -> 0.15171171 | AP17: Also notice that the intervals are narrower.
B18: 6.5 | C18: =COUNTIFS('Al Bundy'!$G$5:$G$14971,"Female",'Al Bundy'!$H$5:$H$14971,'Task 3'!$B18,'Al Bundy'!$N$5:$N$14971,'Task 3'!C$12,'Al Bundy'!$F$5:$F$14971,"GER1",'Al Bundy'!$M$5:$M$14971,"2016") -> 3 | D18: =COUNTIFS('Al Bundy'!$G$5:$G$14971,"Female",'Al Bundy'!$H$5:$H$14971,'Task 3'!$B18,'Al Bundy'!$N$5:$N$14971,'Task 3'!D$12,'Al Bundy'!$F$5:$F$14971,"GER1",'Al Bundy'!$M$5:$M$14971,"2016") -> 3 | E18: =COUNTIFS('Al Bundy'!$G$5:$G$14971,"Female",'Al Bundy'!$H$5:$H$14971,'Task 3'!$B18,'Al Bundy'!$N$5:$N$14971,'Task 3'!E$12,'Al Bundy'!$F$5:$F$14971,"GER1",'Al Bundy'!$M$5:$M$14971,"2016") -> 1 | F18: =COUNTIFS('Al Bundy'!$G$5:$G$14971,"Female",'Al Bundy'!$H$5:$H$14971,'Task 3'!$B18,'Al Bundy'!$N$5:$N$14971,'Task 3'!F$12,'Al Bundy'!$F$5:$F$14971,"GER1",'Al Bundy'!$M$5:$M$14971,"2016") -> 2 | G18: =COUNTIFS('Al Bundy'!$G$5:$G$14971,"Female",'Al Bundy'!$H$5:$H$14971,'Task 3'!$B18,'Al Bundy'!$N$5:$N$14971,'Task 3'!G$12,'Al Bundy'!$F$5:$F$14971,"GER1",'Al Bundy'!$M$5:$M$14971,"2016") -> 1 | H18: =COUNTIFS('Al Bundy'!$G$5:$G$14971,"Female",'Al Bundy'!$H$5:$H$14971,'Task 3'!$B18,'Al Bundy'!$N$5:$N$14971,'Task 3'!H$12,'Al Bundy'!$F$5:$F$14971,"GER1",'Al Bundy'!$M$5:$M$14971,"2016") -> 0 | I18: =COUNTIFS('Al Bundy'!$G$5:$G$14971,"Female",'Al Bundy'!$H$5:$H$14971,'Task 3'!$B18,'Al Bundy'!$N$5:$N$14971,'Task 3'!I$12,'Al Bundy'!$F$5:$F$14971,"GER1",'Al Bundy'!$M$5:$M$14971,"2016") -> 2 | J18: =COUNTIFS('Al Bundy'!$G$5:$G$14971,"Female",'Al Bundy'!$H$5:$H$14971,'Task 3'!$B18,'Al Bundy'!$N$5:$N$14971,'Task 3'!J$12,'Al Bundy'!$F$5:$F$14971,"GER1",'Al Bundy'!$M$5:$M$14971,"2016") -> 0 | ... N18: =COUNTIFS('Al Bundy'!$G$5:$G$14971,"Female",'Al Bundy'!$H$5:$H$14971,'Task 3'!$B18,'Al Bundy'!$N$5:$N$14971,'Task 3'!N$12,'Al Bundy'!$F$5:$F$14971,"GER1",'Al Bundy'!$M$5:$M$14971,"2016") -> 4 | P18: =COUNTIFS('Al Bundy'!$G$5:$G$14971,"Female",'Al Bundy'!$H$5:$H$14971,'Task 3'!$B18,'Al Bundy'!$N$5:$N$14971,'Task 3'!P$12,'Al Bundy'!$F$5:$F$14971,"GER2",'Al Bundy'!$M$5:$M$14971,"2016") -> 2 | Q18: =COUNTIFS('Al Bundy'!$G$5:$G$14971,"Female",'Al Bundy'!$H$5:$H$14971,'Task 3'!$B18,'Al Bundy'!$N$5:$N$14971,'Task 3'!Q$12,'Al Bundy'!$F$5:$F$14971,"GER2",'Al Bundy'!$M$5:$M$14971,"2016") -> 0 | R18: =COUNTIFS('Al Bundy'!$G$5:$G$14971,"Female",'Al Bundy'!$H$5:$H$14971,'Task 3'!$B18,'Al Bundy'!$N$5:$N$14971,'Task 3'!R$12,'Al Bundy'!$F$5:$F$14971,"GER2",'Al Bundy'!$M$5:$M$14971,"2016") -> 2 | S18: =COUNTIFS('Al Bundy'!$G$5:$G$14971,"Female",'Al Bundy'!$H$5:$H$14971,'Task 3'!$B18,'Al Bundy'!$N$5:$N$14971,'Task 3'!S$12,'Al Bundy'!$F$5:$F$14971,"GER2",'Al Bundy'!$M$5:$M$14971,"2016") -> 1 | T18: =COUNTIFS('Al Bundy'!$G$5:$G$14971,"Female",'Al Bundy'!$H$5:$H$14971,'Task 3'!$B18,'Al Bundy'!$N$5:$N$14971,'Task 3'!T$12,'Al Bundy'!$F$5:$F$14971,"GER2",'Al Bundy'!$M$5:$M$14971,"2016") -> 1 | U18: =COUNTIFS('Al Bundy'!$G$5:$G$14971,"Female",'Al Bundy'!$H$5:$H$14971,'Task 3'!$B18,'Al Bundy'!$N$5:$N$14971,'Task 3'!U$12,'Al Bundy'!$F$5:$F$14971,"GER2",'Al Bundy'!$M$5:$M$14971,"2016") -> 2 | V18: =COUNTIFS('Al Bundy'!$G$5:$G$14971,"Female",'Al Bundy'!$H$5:$H$14971,'Task 3'!$B18,'Al Bundy'!$N$5:$N$14971,'Task 3'!V$12,'Al Bundy'!$F$5:$F$14971,"GER2",'Al Bundy'!$M$5:$M$14971,"2016") -> 0 | W18: =COUNTIFS('Al Bundy'!$G$5:$G$14971,"Female",'Al Bundy'!$H$5:$H$14971,'Task 3'!$B18,'Al Bundy'!$N$5:$N$14971,'Task 3'!W$12,'Al Bundy'!$F$5:$F$14971,"GER2",'Al Bundy'!$M$5:$M$14971,"2016") -> 1 | ... AA18: =COUNTIFS('Al Bundy'!$G$5:$G$14971,"Female",'Al Bundy'!$H$5:$H$14971,'Task 3'!$B18,'Al Bundy'!$N$5:$N$14971,'Task 3'!AA$12,'Al Bundy'!$F$5:$F$14971,"GER2",'Al Bundy'!$M$5:$M$14971,"2016") -> 0 | AC18: =AVERAGE(C18:N18) -> 1.8333333 | AD18: =AVERAGE(P18:AA18) -> 1.25 | AF18: =_xlfn.VAR.S(C18:N18) -> 1.6060606 | AG18: =_xlfn.VAR.S(P18:AA18) -> 0.93181818 | AI18: =(($AM$31-1)*AF18+($AN$31-1)*AG18)/($AM$31+$AN$31-2) -> 1.2689394 | AK18: =$AN$32*SQRT(AI18/$AM$31+AI18/$AN$31) -> 0.78639533 | AM18: =AC18-AD18-AK18 -> -0.203062 | AN18: =AC18-AD18+AK18 -> 1.3697287 | AP18: Overall the two shops are extremely similar in terms of sales.
B19: 7 | C19: =COUNTIFS('Al Bundy'!$G$5:$G$14971,"Female",'Al Bundy'!$H$5:$H$14971,'Task 3'!$B19,'Al Bundy'!$N$5:$N$14971,'Task 3'!C$12,'Al Bundy'!$F$5:$F$14971,"GER1",'Al Bundy'!$M$5:$M$14971,"2016") -> 0 | D19: =COUNTIFS('Al Bundy'!$G$5:$G$14971,"Female",'Al Bundy'!$H$5:$H$14971,'Task 3'!$B19,'Al Bundy'!$N$5:$N$14971,'Task 3'!D$12,'Al Bundy'!$F$5:$F$14971,"GER1",'Al Bundy'!$M$5:$M$14971,"2016") -> 3 | E19: =COUNTIFS('Al Bundy'!$G$5:$G$14971,"Female",'Al Bundy'!$H$5:$H$14971,'Task 3'!$B19,'Al Bundy'!$N$5:$N$14971,'Task 3'!E$12,'Al Bundy'!$F$5:$F$14971,"GER1",'Al Bundy'!$M$5:$M$14971,"2016") -> 3 | F19: =COUNTIFS('Al Bundy'!$G$5:$G$14971,"Female",'Al Bundy'!$H$5:$H$14971,'Task 3'!$B19,'Al Bundy'!$N$5:$N$14971,'Task 3'!F$12,'Al Bundy'!$F$5:$F$14971,"GER1",'Al Bundy'!$M$5:$M$14971,"2016") -> 4 | G19: =COUNTIFS('Al Bundy'!$G$5:$G$14971,"Female",'Al Bundy'!$H$5:$H$14971,'Task 3'!$B19,'Al Bundy'!$N$5:$N$14971,'Task 3'!G$12,'Al Bundy'!$F$5:$F$14971,"GER1",'Al Bundy'!$M$5:$M$14971,"2016") -> 1 | H19: =COUNTIFS('Al Bundy'!$G$5:$G$14971,"Female",'Al Bundy'!$H$5:$H$14971,'Task 3'!$B19,'Al Bundy'!$N$5:$N$14971,'Task 3'!H$12,'Al Bundy'!$F$5:$F$14971,"GER1",'Al Bundy'!$M$5:$M$14971,"2016") -> 0 | I19: =COUNTIFS('Al Bundy'!$G$5:$G$14971,"Female",'Al Bundy'!$H$5:$H$14971,'Task 3'!$B19,'Al Bundy'!$N$5:$N$14971,'Task 3'!I$12,'Al Bundy'!$F$5:$F$14971,"GER1",'Al Bundy'!$M$5:$M$14971,"2016") -> 1 | J19: =COUNTIFS('Al Bundy'!$G$5:$G$14971,"Female",'Al Bundy'!$H$5:$H$14971,'Task 3'!$B19,'Al Bundy'!$N$5:$N$14971,'Task 3'!J$12,'Al Bundy'!$F$5:$F$14971,"GER1",'Al Bundy'!$M$5:$M$14971,"2016") -> 0 | ... N19: =COUNTIFS('Al Bundy'!$G$5:$G$14971,"Female",'Al Bundy'!$H$5:$H$14971,'Task 3'!$B19,'Al Bundy'!$N$5:$N$14971,'Task 3'!N$12,'Al Bundy'!$F$5:$F$14971,"GER1",'Al Bundy'!$M$5:$M$14971,"2016") -> 1 | P19: =COUNTIFS('Al Bundy'!$G$5:$G$14971,"Female",'Al Bundy'!$H$5:$H$14971,'Task 3'!$B19,'Al Bundy'!$N$5:$N$14971,'Task 3'!P$12,'Al Bundy'!$F$5:$F$14971,"GER2",'Al Bundy'!$M$5:$M$14971,"2016") -> 0 | Q19: =COUNTIFS('Al Bundy'!$G$5:$G$14971,"Female",'Al Bundy'!$H$5:$H$14971,'Task 3'!$B19,'Al Bundy'!$N$5:$N$14971,'Task 3'!Q$12,'Al Bundy'!$F$5:$F$14971,"GER2",'Al Bundy'!$M$5:$M$14971,"2016") -> 0 | R19: =COUNTIFS('Al Bundy'!$G$5:$G$14971,"Female",'Al Bundy'!$H$5:$H$14971,'Task 3'!$B19,'Al Bundy'!$N$5:$N$14971,'Task 3'!R$12,'Al Bundy'!$F$5:$F$14971,"GER2",'Al Bundy'!$M$5:$M$14971,"2016") -> 0 | S19: =COUNTIFS('Al Bundy'!$G$5:$G$14971,"Female",'Al Bundy'!$H$5:$H$14971,'Task 3'!$B19,'Al Bundy'!$N$5:$N$14971,'Task 3'!S$12,'Al Bundy'!$F$5:$F$14971,"GER2",'Al Bundy'!$M$5:$M$14971,"2016") -> 4 | T19: =COUNTIFS('Al Bundy'!$G$5:$G$14971,"Female",'Al Bundy'!$H$5:$H$14971,'Task 3'!$B19,'Al Bundy'!$N$5:$N$14971,'Task 3'!T$12,'Al Bundy'!$F$5:$F$14971,"GER2",'Al Bundy'!$M$5:$M$14971,"2016") -> 1 | U19: =COUNTIFS('Al Bundy'!$G$5:$G$14971,"Female",'Al Bundy'!$H$5:$H$14971,'Task 3'!$B19,'Al Bundy'!$N$5:$N$14971,'Task 3'!U$12,'Al Bundy'!$F$5:$F$14971,"GER2",'Al Bundy'!$M$5:$M$14971,"2016") -> 3 | V19: =COUNTIFS('Al Bundy'!$G$5:$G$14971,"Female",'Al Bundy'!$H$5:$H$14971,'Task 3'!$B19,'Al Bundy'!$N$5:$N$14971,'Task 3'!V$12,'Al Bundy'!$F$5:$F$14971,"GER2",'Al Bundy'!$M$5:$M$14971,"2016") -> 1 | W19: =COUNTIFS('Al Bundy'!$G$5:$G$14971,"Female",'Al Bundy'!$H$5:$H$14971,'Task 3'!$B19,'Al Bundy'!$N$5:$N$14971,'Task 3'!W$12,'Al Bundy'!$F$5:$F$14971,"GER2",'Al Bundy'!$M$5:$M$14971,"2016") -> 1 | ... AA19: =COUNTIFS('Al Bundy'!$G$5:$G$14971,"Female",'Al Bundy'!$H$5:$H$14971,'Task 3'!$B19,'Al Bundy'!$N$5:$N$14971,'Task 3'!AA$12,'Al Bundy'!$F$5:$F$14971,"GER2",'Al Bundy'!$M$5:$M$14971,"2016") -> 4 | AC19: =AVERAGE(C19:N19) -> 1.25 | AD19: =AVERAGE(P19:AA19) -> 1.5833333 | AF19: =_xlfn.VAR.S(C19:N19) -> 2.0227273 | AG19: =_xlfn.VAR.S(P19:AA19) -> 2.2651515 | AI19: =(($AM$31-1)*AF19+($AN$31-1)*AG19)/($AM$31+$AN$31-2) -> 2.1439394 | AK19: =$AN$32*SQRT(AI19/$AM$31+AI19/$AN$31) -> 1.0221785 | AM19: =AC19-AD19-AK19 -> -1.3555118 | AN19: =AC19-AD19+AK19 -> 0.68884516
B20: 7.5 | C20: =COUNTIFS('Al Bundy'!$G$5:$G$14971,"Female",'Al Bundy'!$H$5:$H$14971,'Task 3'!$B20,'Al Bundy'!$N$5:$N$14971,'Task 3'!C$12,'Al Bundy'!$F$5:$F$14971,"GER1",'Al Bundy'!$M$5:$M$14971,"2016") -> 1 | D20: =COUNTIFS('Al Bundy'!$G$5:$G$14971,"Female",'Al Bundy'!$H$5:$H$14971,'Task 3'!$B20,'Al Bundy'!$N$5:$N$14971,'Task 3'!D$12,'Al Bundy'!$F$5:$F$14971,"GER1",'Al Bundy'!$M$5:$M$14971,"2016") -> 2 | E20: =COUNTIFS('Al Bundy'!$G$5:$G$14971,"Female",'Al Bundy'!$H$5:$H$14971,'Task 3'!$B20,'Al Bundy'!$N$5:$N$14971,'Task 3'!E$12,'Al Bundy'!$F$5:$F$14971,"GER1",'Al Bundy'!$M$5:$M$14971,"2016") -> 4 | F20: =COUNTIFS('Al Bundy'!$G$5:$G$14971,"Female",'Al Bundy'!$H$5:$H$14971,'Task 3'!$B20,'Al Bundy'!$N$5:$N$14971,'Task 3'!F$12,'Al Bundy'!$F$5:$F$14971,"GER1",'Al Bundy'!$M$5:$M$14971,"2016") -> 1 | G20: =COUNTIFS('Al Bundy'!$G$5:$G$14971,"Female",'Al Bundy'!$H$5:$H$14971,'Task 3'!$B20,'Al Bundy'!$N$5:$N$14971,'Task 3'!G$12,'Al Bundy'!$F$5:$F$14971,"GER1",'Al Bundy'!$M$5:$M$14971,"2016") -> 2 | H20: =COUNTIFS('Al Bundy'!$G$5:$G$14971,"Female",'Al Bundy'!$H$5:$H$14971,'Task 3'!$B20,'Al Bundy'!$N$5:$N$14971,'Task 3'!H$12,'Al Bundy'!$F$5:$F$14971,"GER1",'Al Bundy'!$M$5:$M$14971,"2016") -> 6 | I20: =COUNTIFS('Al Bundy'!$G$5:$G$14971,"Female",'Al Bundy'!$H$5:$H$14971,'Task 3'!$B20,'Al Bundy'!$N$5:$N$14971,'Task 3'!I$12,'Al Bundy'!$F$5:$F$14971,"GER1",'Al Bundy'!$M$5:$M$14971,"2016") -> 4 | J20: =COUNTIFS('Al Bundy'!$G$5:$G$14971,"Female",'Al Bundy'!$H$5:$H$14971,'Task 3'!$B20,'Al Bundy'!$N$5:$N$14971,'Task 3'!J$12,'Al Bundy'!$F$5:$F$14971,"GER1",'Al Bundy'!$M$5:$M$14971,"2016") -> 3 | ... N20: =COUNTIFS('Al Bundy'!$G$5:$G$14971,"Female",'Al Bundy'!$H$5:$H$14971,'Task 3'!$B20,'Al Bundy'!$N$5:$N$14971,'Task 3'!N$12,'Al Bundy'!$F$5:$F$14971,"GER1",'Al Bundy'!$M$5:$M$14971,"2016") -> 1 | P20: =COUNTIFS('Al Bundy'!$G$5:$G$14971,"Female",'Al Bundy'!$H$5:$H$14971,'Task 3'!$B20,'Al Bundy'!$N$5:$N$14971,'Task 3'!P$12,'Al Bundy'!$F$5:$F$14971,"GER2",'Al Bundy'!$M$5:$M$14971,"2016") -> 2 | Q20: =COUNTIFS('Al Bundy'!$G$5:$G$14971,"Female",'Al Bundy'!$H$5:$H$14971,'Task 3'!$B20,'Al Bundy'!$N$5:$N$14971,'Task 3'!Q$12,'Al Bundy'!$F$5:$F$14971,"GER2",'Al Bundy'!$M$5:$M$14971,"2016") -> 1 | R20: =COUNTIFS('Al Bundy'!$G$5:$G$14971,"Female",'Al Bundy'!$H$5:$H$14971,'Task 3'!$B20,'Al Bundy'!$N$5:$N$14971,'Task 3'!R$12,'Al Bundy'!$F$5:$F$14971,"GER2",'Al Bundy'!$M$5:$M$14971,"2016") -> 1 | S20: =COUNTIFS('Al Bundy'!$G$5:$G$14971,"Female",'Al Bundy'!$H$5:$H$14971,'Task 3'!$B20,'Al Bundy'!$N$5:$N$14971,'Task 3'!S$12,'Al Bundy'!$F$5:$F$14971,"GER2",'Al Bundy'!$M$5:$M$14971,"2016") -> 3 | T20: =COUNTIFS('Al Bundy'!$G$5:$G$14971,"Female",'Al Bundy'!$H$5:$H$14971,'Task 3'!$B20,'Al Bundy'!$N$5:$N$14971,'Task 3'!T$12,'Al Bundy'!$F$5:$F$14971,"GER2",'Al Bundy'!$M$5:$M$14971,"2016") -> 2 | U20: =COUNTIFS('Al Bundy'!$G$5:$G$14971,"Female",'Al Bundy'!$H$5:$H$14971,'Task 3'!$B20,'Al Bundy'!$N$5:$N$14971,'Task 3'!U$12,'Al Bundy'!$F$5:$F$14971,"GER2",'Al Bundy'!$M$5:$M$14971,"2016") -> 7 | V20: =COUNTIFS('Al Bundy'!$G$5:$G$14971,"Female",'Al Bundy'!$H$5:$H$14971,'Task 3'!$B20,'Al Bundy'!$N$5:$N$14971,'Task 3'!V$12,'Al Bundy'!$F$5:$F$14971,"GER2",'Al Bundy'!$M$5:$M$14971,"2016") -> 9 | W20: =COUNTIFS('Al Bundy'!$G$5:$G$14971,"Female",'Al Bundy'!$H$5:$H$14971,'Task 3'!$B20,'Al Bundy'!$N$5:$N$14971,'Task 3'!W$12,'Al Bundy'!$F$5:$F$14971,"GER2",'Al Bundy'!$M$5:$M$14971,"2016") -> 8 | ... AA20: =COUNTIFS('Al Bundy'!$G$5:$G$14971,"Female",'Al Bundy'!$H$5:$H$14971,'Task 3'!$B20,'Al Bundy'!$N$5:$N$14971,'Task 3'!AA$12,'Al Bundy'!$F$5:$F$14971,"GER2",'Al Bundy'!$M$5:$M$14971,"2016") -> 3 | AC20: =AVERAGE(C20:N20) -> 3.25 | AD20: =AVERAGE(P20:AA20) -> 5.3333333 | AF20: =_xlfn.VAR.S(C20:N20) -> 4.9318182 | AG20: =_xlfn.VAR.S(P20:AA20) -> 16.060606 | AI20: =(($AM$31-1)*AF20+($AN$31-1)*AG20)/($AM$31+$AN$31-2) -> 10.496212 | AK20: =$AN$32*SQRT(AI20/$AM$31+AI20/$AN$31) -> 2.2617093 | AM20: =AC20-AD20-AK20 -> -4.3450426 | AN20: =AC20-AD20+AK20 -> 0.17837597
B21: 8 | C21: =COUNTIFS('Al Bundy'!$G$5:$G$14971,"Female",'Al Bundy'!$H$5:$H$14971,'Task 3'!$B21,'Al Bundy'!$N$5:$N$14971,'Task 3'!C$12,'Al Bundy'!$F$5:$F$14971,"GER1",'Al Bundy'!$M$5:$M$14971,"2016") -> 6 | D21: =COUNTIFS('Al Bundy'!$G$5:$G$14971,"Female",'Al Bundy'!$H$5:$H$14971,'Task 3'!$B21,'Al Bundy'!$N$5:$N$14971,'Task 3'!D$12,'Al Bundy'!$F$5:$F$14971,"GER1",'Al Bundy'!$M$5:$M$14971,"2016") -> 10 | E21: =COUNTIFS('Al Bundy'!$G$5:$G$14971,"Female",'Al Bundy'!$H$5:$H$14971,'Task 3'!$B21,'Al Bundy'!$N$5:$N$14971,'Task 3'!E$12,'Al Bundy'!$F$5:$F$14971,"GER1",'Al Bundy'!$M$5:$M$14971,"2016") -> 3 | F21: =COUNTIFS('Al Bundy'!$G$5:$G$14971,"Female",'Al Bundy'!$H$5:$H$14971,'Task 3'!$B21,'Al Bundy'!$N$5:$N$14971,'Task 3'!F$12,'Al Bundy'!$F$5:$F$14971,"GER1",'Al Bundy'!$M$5:$M$14971,"2016") -> 9 | G21: =COUNTIFS('Al Bundy'!$G$5:$G$14971,"Female",'Al Bundy'!$H$5:$H$14971,'Task 3'!$B21,'Al Bundy'!$N$5:$N$14971,'Task 3'!G$12,'Al Bundy'!$F$5:$F$14971,"GER1",'Al Bundy'!$M$5:$M$14971,"2016") -> 1 | H21: =COUNTIFS('Al Bundy'!$G$5:$G$14971,"Female",'Al Bundy'!$H$5:$H$14971,'Task 3'!$B21,'Al Bundy'!$N$5:$N$14971,'Task 3'!H$12,'Al Bundy'!$F$5:$F$14971,"GER1",'Al Bundy'!$M$5:$M$14971,"2016") -> 3 | I21: =COUNTIFS('Al Bundy'!$G$5:$G$14971,"Female",'Al Bundy'!$H$5:$H$14971,'Task 3'!$B21,'Al Bundy'!$N$5:$N$14971,'Task 3'!I$12,'Al Bundy'!$F$5:$F$14971,"GER1",'Al Bundy'!$M$5:$M$14971,"2016") -> 6 | J21: =COUNTIFS('Al Bundy'!$G$5:$G$14971,"Female",'Al Bundy'!$H$5:$H$14971,'Task 3'!$B21,'Al Bundy'!$N$5:$N$14971,'Task 3'!J$12,'Al Bundy'!$F$5:$F$14971,"GER1",'Al Bundy'!$M$5:$M$14971,"2016") -> 8 | ... N21: =COUNTIFS('Al Bundy'!$G$5:$G$14971,"Female",'Al Bundy'!$H$5:$H$14971,'Task 3'!$B21,'Al Bundy'!$N$5:$N$14971,'Task 3'!N$12,'Al Bundy'!$F$5:$F$14971,"GER1",'Al Bundy'!$M$5:$M$14971,"2016") -> 9 | P21: =COUNTIFS('Al Bundy'!$G$5:$G$14971,"Female",'Al Bundy'!$H$5:$H$14971,'Task 3'!$B21,'Al Bundy'!$N$5:$N$14971,'Task 3'!P$12,'Al Bundy'!$F$5:$F$14971,"GER2",'Al Bundy'!$M$5:$M$14971,"2016") -> 13 | Q21: =COUNTIFS('Al Bundy'!$G$5:$G$14971,"Female",'Al Bundy'!$H$5:$H$14971,'Task 3'!$B21,'Al Bundy'!$N$5:$N$14971,'Task 3'!Q$12,'Al Bundy'!$F$5:$F$14971,"GER2",'Al Bundy'!$M$5:$M$14971,"2016") -> 6 | R21: =COUNTIFS('Al Bundy'!$G$5:$G$14971,"Female",'Al Bundy'!$H$5:$H$14971,'Task 3'!$B21,'Al Bundy'!$N$5:$N$14971,'Task 3'!R$12,'Al Bundy'!$F$5:$F$14971,"GER2",'Al Bundy'!$M$5:$M$14971,"2016") -> 5 | S21: =COUNTIFS('Al Bundy'!$G$5:$G$14971,"Female",'Al Bundy'!$H$5:$H$14971,'Task 3'!$B21,'Al Bundy'!$N$5:$N$14971,'Task 3'!S$12,'Al Bundy'!$F$5:$F$14971,"GER2",'Al Bundy'!$M$5:$M$14971,"2016") -> 13 | T21: =COUNTIFS('Al Bundy'!$G$5:$G$14971,"Female",'Al Bundy'!$H$5:$H$14971,'Task 3'!$B21,'Al Bundy'!$N$5:$N$14971,'Task 3'!T$12,'Al Bundy'!$F$5:$F$14971,"GER2",'Al Bundy'!$M$5:$M$14971,"2016") -> 5 | U21: =COUNTIFS('Al Bundy'!$G$5:$G$14971,"Female",'Al Bundy'!$H$5:$H$14971,'Task 3'!$B21,'Al Bundy'!$N$5:$N$14971,'Task 3'!U$12,'Al Bundy'!$F$5:$F$14971,"GER2",'Al Bundy'!$M$5:$M$14971,"2016") -> 3 | V21: =COUNTIFS('Al Bundy'!$G$5:$G$14971,"Female",'Al Bundy'!$H$5:$H$14971,'Task 3'!$B21,'Al Bundy'!$N$5:$N$14971,'Task 3'!V$12,'Al Bundy'!$F$5:$F$14971,"GER2",'Al Bundy'!$M$5:$M$14971,"2016") -> 11 | W21: =COUNTIFS('Al Bundy'!$G$5:$G$14971,"Female",'Al Bundy'!$H$5:$H$14971,'Task 3'!$B21,'Al Bundy'!$N$5:$N$14971,'Task 3'!W$12,'Al Bundy'!$F$5:$F$14971,"GER2",'Al Bundy'!$M$5:$M$14971,"2016") -> 6 | ... AA21: =COUNTIFS('Al Bundy'!$G$5:$G$14971,"Female",'Al Bundy'!$H$5:$H$14971,'Task 3'!$B21,'Al Bundy'!$N$5:$N$14971,'Task 3'!AA$12,'Al Bundy'!$F$5:$F$14971,"GER2",'Al Bundy'!$M$5:$M$14971,"2016") -> 3 | AC21: =AVERAGE(C21:N21) -> 6.0833333 | AD21: =AVERAGE(P21:AA21) -> 7.3333333 | AF21: =_xlfn.VAR.S(C21:N21) -> 12.265152 | AG21: =_xlfn.VAR.S(P21:AA21) -> 12.242424 | AI21: =(($AM$31-1)*AF21+($AN$31-1)*AG21)/($AM$31+$AN$31-2) -> 12.253788 | AK21: =$AN$32*SQRT(AI21/$AM$31+AI21/$AN$31) -> 2.4437438 | AM21: =AC21-AD21-AK21 -> -3.6937438 | AN21: =AC21-AD21+AK21 -> 1.1937438
B22: 8.5 | C22: =COUNTIFS('Al Bundy'!$G$5:$G$14971,"Female",'Al Bundy'!$H$5:$H$14971,'Task 3'!$B22,'Al Bundy'!$N$5:$N$14971,'Task 3'!C$12,'Al Bundy'!$F$5:$F$14971,"GER1",'Al Bundy'!$M$5:$M$14971,"2016") -> 10 | D22: =COUNTIFS('Al Bundy'!$G$5:$G$14971,"Female",'Al Bundy'!$H$5:$H$14971,'Task 3'!$B22,'Al Bundy'!$N$5:$N$14971,'Task 3'!D$12,'Al Bundy'!$F$5:$F$14971,"GER1",'Al Bundy'!$M$5:$M$14971,"2016") -> 10 | E22: =COUNTIFS('Al Bundy'!$G$5:$G$14971,"Female",'Al Bundy'!$H$5:$H$14971,'Task 3'!$B22,'Al Bundy'!$N$5:$N$14971,'Task 3'!E$12,'Al Bundy'!$F$5:$F$14971,"GER1",'Al Bundy'!$M$5:$M$14971,"2016") -> 10 | F22: =COUNTIFS('Al Bundy'!$G$5:$G$14971,"Female",'Al Bundy'!$H$5:$H$14971,'Task 3'!$B22,'Al Bundy'!$N$5:$N$14971,'Task 3'!F$12,'Al Bundy'!$F$5:$F$14971,"GER1",'Al Bundy'!$M$5:$M$14971,"2016") -> 7 | G22: =COUNTIFS('Al Bundy'!$G$5:$G$14971,"Female",'Al Bundy'!$H$5:$H$14971,'Task 3'!$B22,'Al Bundy'!$N$5:$N$14971,'Task 3'!G$12,'Al Bundy'!$F$5:$F$14971,"GER1",'Al Bundy'!$M$5:$M$14971,"2016") -> 14 | H22: =COUNTIFS('Al Bundy'!$G$5:$G$14971,"Female",'Al Bundy'!$H$5:$H$14971,'Task 3'!$B22,'Al Bundy'!$N$5:$N$14971,'Task 3'!H$12,'Al Bundy'!$F$5:$F$14971,"GER1",'Al Bundy'!$M$5:$M$14971,"2016") -> 4 | I22: =COUNTIFS('Al Bundy'!$G$5:$G$14971,"Female",'Al Bundy'!$H$5:$H$14971,'Task 3'!$B22,'Al Bundy'!$N$5:$N$14971,'Task 3'!I$12,'Al Bundy'!$F$5:$F$14971,"GER1",'Al Bundy'!$M$5:$M$14971,"2016") -> 7 | J22: =COUNTIFS('Al Bundy'!$G$5:$G$14971,"Female",'Al Bundy'!$H$5:$H$14971,'Task 3'!$B22,'Al Bundy'!$N$5:$N$14971,'Task 3'!J$12,'Al Bundy'!$F$5:$F$14971,"GER1",'Al Bundy'!$M$5:$M$14971,"2016") -> 7 | ... N22: =COUNTIFS('Al Bundy'!$G$5:$G$14971,"Female",'Al Bundy'!$H$5:$H$14971,'Task 3'!$B22,'Al Bundy'!$N$5:$N$14971,'Task 3'!N$12,'Al Bundy'!$F$5:$F$14971,"GER1",'Al Bundy'!$M$5:$M$14971,"2016") -> 9 | P22: =COUNTIFS('Al Bundy'!$G$5:$G$14971,"Female",'Al Bundy'!$H$5:$H$14971,'Task 3'!$B22,'Al Bundy'!$N$5:$N$14971,'Task 3'!P$12,'Al Bundy'!$F$5:$F$14971,"GER2",'Al Bundy'!$M$5:$M$14971,"2016") -> 8 | Q22: =COUNTIFS('Al Bundy'!$G$5:$G$14971,"Female",'Al Bundy'!$H$5:$H$14971,'Task 3'!$B22,'Al Bundy'!$N$5:$N$14971,'Task 3'!Q$12,'Al Bundy'!$F$5:$F$14971,"GER2",'Al Bundy'!$M$5:$M$14971,"2016") -> 5 | R22: =COUNTIFS('Al Bundy'!$G$5:$G$14971,"Female",'Al Bundy'!$H$5:$H$14971,'Task 3'!$B22,'Al Bundy'!$N$5:$N$14971,'Task 3'!R$12,'Al Bundy'!$F$5:$F$14971,"GER2",'Al Bundy'!$M$5:$M$14971,"2016") -> 10 | S22: =COUNTIFS('Al Bundy'!$G$5:$G$14971,"Female",'Al Bundy'!$H$5:$H$14971,'Task 3'!$B22,'Al Bundy'!$N$5:$N$14971,'Task 3'!S$12,'Al Bundy'!$F$5:$F$14971,"GER2",'Al Bundy'!$M$5:$M$14971,"2016") -> 4 | T22: =COUNTIFS('Al Bundy'!$G$5:$G$14971,"Female",'Al Bundy'!$H$5:$H$14971,'Task 3'!$B22,'Al Bundy'!$N$5:$N$14971,'Task 3'!T$12,'Al Bundy'!$F$5:$F$14971,"GER2",'Al Bundy'!$M$5:$M$14971,"2016") -> 5 | U22: =COUNTIFS('Al Bundy'!$G$5:$G$14971,"Female",'Al Bundy'!$H$5:$H$14971,'Task 3'!$B22,'Al Bundy'!$N$5:$N$14971,'Task 3'!U$12,'Al Bundy'!$F$5:$F$14971,"GER2",'Al Bundy'!$M$5:$M$14971,"2016") -> 5 | V22: =COUNTIFS('Al Bundy'!$G$5:$G$14971,"Female",'Al Bundy'!$H$5:$H$14971,'Task 3'!$B22,'Al Bundy'!$N$5:$N$14971,'Task 3'!V$12,'Al Bundy'!$F$5:$F$14971,"GER2",'Al Bundy'!$M$5:$M$14971,"2016") -> 9 | W22: =COUNTIFS('Al Bundy'!$G$5:$G$14971,"Female",'Al Bundy'!$H$5:$H$14971,'Task 3'!$B22,'Al Bundy'!$N$5:$N$14971,'Task 3'!W$12,'Al Bundy'!$F$5:$F$14971,"GER2",'Al Bundy'!$M$5:$M$14971,"2016") -> 7 | ... AA22: =COUNTIFS('Al Bundy'!$G$5:$G$14971,"Female",'Al Bundy'!$H$5:$H$14971,'Task 3'!$B22,'Al Bundy'!$N$5:$N$14971,'Task 3'!AA$12,'Al Bundy'!$F$5:$F$14971,"GER2",'Al Bundy'!$M$5:$M$14971,"2016") -> 8 | AC22: =AVERAGE(C22:N22) -> 8.0833333 | AD22: =AVERAGE(P22:AA22) -> 6.6666667 | AF22: =_xlfn.VAR.S(C22:N22) -> 7.719697 | AG22: =_xlfn.VAR.S(P22:AA22) -> 4.969697 | AI22: =(($AM$31-1)*AF22+($AN$31-1)*AG22)/($AM$31+$AN$31-2) -> 6.344697 | AK22: =$AN$32*SQRT(AI22/$AM$31+AI22/$AN$31) -> 1.7584334 | AM22: =AC22-AD22-AK22 -> -0.34176675 | AN22: =AC22-AD22+AK22 -> 3.1751001
B23: 9 | C23: =COUNTIFS('Al Bundy'!$G$5:$G$14971,"Female",'Al Bundy'!$H$5:$H$14971,'Task 3'!$B23,'Al Bundy'!$N$5:$N$14971,'Task 3'!C$12,'Al Bundy'!$F$5:$F$14971,"GER1",'Al Bundy'!$M$5:$M$14971,"2016") -> 1 | D23: =COUNTIFS('Al Bundy'!$G$5:$G$14971,"Female",'Al Bundy'!$H$5:$H$14971,'Task 3'!$B23,'Al Bundy'!$N$5:$N$14971,'Task 3'!D$12,'Al Bundy'!$F$5:$F$14971,"GER1",'Al Bundy'!$M$5:$M$14971,"2016") -> 3 | E23: =COUNTIFS('Al Bundy'!$G$5:$G$14971,"Female",'Al Bundy'!$H$5:$H$14971,'Task 3'!$B23,'Al Bundy'!$N$5:$N$14971,'Task 3'!E$12,'Al Bundy'!$F$5:$F$14971,"GER1",'Al Bundy'!$M$5:$M$14971,"2016") -> 8 | F23: =COUNTIFS('Al Bundy'!$G$5:$G$14971,"Female",'Al Bundy'!$H$5:$H$14971,'Task 3'!$B23,'Al Bundy'!$N$5:$N$14971,'Task 3'!F$12,'Al Bundy'!$F$5:$F$14971,"GER1",'Al Bundy'!$M$5:$M$14971,"2016") -> 6 | G23: =COUNTIFS('Al Bundy'!$G$5:$G$14971,"Female",'Al Bundy'!$H$5:$H$14971,'Task 3'!$B23,'Al Bundy'!$N$5:$N$14971,'Task 3'!G$12,'Al Bundy'!$F$5:$F$14971,"GER1",'Al Bundy'!$M$5:$M$14971,"2016") -> 3 | H23: =COUNTIFS('Al Bundy'!$G$5:$G$14971,"Female",'Al Bundy'!$H$5:$H$14971,'Task 3'!$B23,'Al Bundy'!$N$5:$N$14971,'Task 3'!H$12,'Al Bundy'!$F$5:$F$14971,"GER1",'Al Bundy'!$M$5:$M$14971,"2016") -> 1 | I23: =COUNTIFS('Al Bundy'!$G$5:$G$14971,"Female",'Al Bundy'!$H$5:$H$14971,'Task 3'!$B23,'Al Bundy'!$N$5:$N$14971,'Task 3'!I$12,'Al Bundy'!$F$5:$F$14971,"GER1",'Al Bundy'!$M$5:$M$14971,"2016") -> 4 | J23: =COUNTIFS('Al Bundy'!$G$5:$G$14971,"Female",'Al Bundy'!$H$5:$H$14971,'Task 3'!$B23,'Al Bundy'!$N$5:$N$14971,'Task 3'!J$12,'Al Bundy'!$F$5:$F$14971,"GER1",'Al Bundy'!$M$5:$M$14971,"2016") -> 4 | ... N23: =COUNTIFS('Al Bundy'!$G$5:$G$14971,"Female",'Al Bundy'!$H$5:$H$14971,'Task 3'!$B23,'Al Bundy'!$N$5:$N$14971,'Task 3'!N$12,'Al Bundy'!$F$5:$F$14971,"GER1",'Al Bundy'!$M$5:$M$14971,"2016") -> 2 | P23: =COUNTIFS('Al Bundy'!$G$5:$G$14971,"Female",'Al Bundy'!$H$5:$H$14971,'Task 3'!$B23,'Al Bundy'!$N$5:$N$14971,'Task 3'!P$12,'Al Bundy'!$F$5:$F$14971,"GER2",'Al Bundy'!$M$5:$M$14971,"2016") -> 5 | Q23: =COUNTIFS('Al Bundy'!$G$5:$G$14971,"Female",'Al Bundy'!$H$5:$H$14971,'Task 3'!$B23,'Al Bundy'!$N$5:$N$14971,'Task 3'!Q$12,'Al Bundy'!$F$5:$F$14971,"GER2",'Al Bundy'!$M$5:$M$14971,"2016") -> 2 | R23: =COUNTIFS('Al Bundy'!$G$5:$G$14971,"Female",'Al Bundy'!$H$5:$H$14971,'Task 3'!$B23,'Al Bundy'!$N$5:$N$14971,'Task 3'!R$12,'Al Bundy'!$F$5:$F$14971,"GER2",'Al Bundy'!$M$5:$M$14971,"2016") -> 2 | S23: =COUNTIFS('Al Bundy'!$G$5:$G$14971,"Female",'Al Bundy'!$H$5:$H$14971,'Task 3'!$B23,'Al Bundy'!$N$5:$N$14971,'Task 3'!S$12,'Al Bundy'!$F$5:$F$14971,"GER2",'Al Bundy'!$M$5:$M$14971,"2016") -> 9 | T23: =COUNTIFS('Al Bundy'!$G$5:$G$14971,"Female",'Al Bundy'!$H$5:$H$14971,'Task 3'!$B23,'Al Bundy'!$N$5:$N$14971,'Task 3'!T$12,'Al Bundy'!$F$5:$F$14971,"GER2",'Al Bundy'!$M$5:$M$14971,"2016") -> 3 | U23: =COUNTIFS('Al Bundy'!$G$5:$G$14971,"Female",'Al Bundy'!$H$5:$H$14971,'Task 3'!$B23,'Al Bundy'!$N$5:$N$14971,'Task 3'!U$12,'Al Bundy'!$F$5:$F$14971,"GER2",'Al Bundy'!$M$5:$M$14971,"2016") -> 1 | V23: =COUNTIFS('Al Bundy'!$G$5:$G$14971,"Female",'Al Bundy'!$H$5:$H$14971,'Task 3'!$B23,'Al Bundy'!$N$5:$N$14971,'Task 3'!V$12,'Al Bundy'!$F$5:$F$14971,"GER2",'Al Bundy'!$M$5:$M$14971,"2016") -> 1 | W23: =COUNTIFS('Al Bundy'!$G$5:$G$14971,"Female",'Al Bundy'!$H$5:$H$14971,'Task 3'!$B23,'Al Bundy'!$N$5:$N$14971,'Task 3'!W$12,'Al Bundy'!$F$5:$F$14971,"GER2",'Al Bundy'!$M$5:$M$14971,"2016") -> 7 | ... AA23: =COUNTIFS('Al Bundy'!$G$5:$G$14971,"Female",'Al Bundy'!$H$5:$H$14971,'Task 3'!$B23,'Al Bundy'!$N$5:$N$14971,'Task 3'!AA$12,'Al Bundy'!$F$5:$F$14971,"GER2",'Al Bundy'!$M$5:$M$14971,"2016") -> 2 | AC23: =AVERAGE(C23:N23) -> 3.1666667 | AD23: =AVERAGE(P23:AA23) -> 3.25 | AF23: =_xlfn.VAR.S(C23:N23) -> 5.0606061 | AG23: =_xlfn.VAR.S(P23:AA23) -> 6.5681818 | AI23: =(($AM$31-1)*AF23+($AN$31-1)*AG23)/($AM$31+$AN$31-2) -> 5.8143939 | AK23: =$AN$32*SQRT(AI23/$AM$31+AI23/$AN$31) -> 1.6833434 | AM23: =AC23-AD23-AK23 -> -1.7666767 | AN23: =AC23-AD23+AK23 -> 1.60001
B24: 9.5 | C24: =COUNTIFS('Al Bundy'!$G$5:$G$14971,"Female",'Al Bundy'!$H$5:$H$14971,'Task 3'!$B24,'Al Bundy'!$N$5:$N$14971,'Task 3'!C$12,'Al Bundy'!$F$5:$F$14971,"GER1",'Al Bundy'!$M$5:$M$14971,"2016") -> 4 | D24: =COUNTIFS('Al Bundy'!$G$5:$G$14971,"Female",'Al Bundy'!$H$5:$H$14971,'Task 3'!$B24,'Al Bundy'!$N$5:$N$14971,'Task 3'!D$12,'Al Bundy'!$F$5:$F$14971,"GER1",'Al Bundy'!$M$5:$M$14971,"2016") -> 1 | E24: =COUNTIFS('Al Bundy'!$G$5:$G$14971,"Female",'Al Bundy'!$H$5:$H$14971,'Task 3'!$B24,'Al Bundy'!$N$5:$N$14971,'Task 3'!E$12,'Al Bundy'!$F$5:$F$14971,"GER1",'Al Bundy'!$M$5:$M$14971,"2016") -> 2 | F24: =COUNTIFS('Al Bundy'!$G$5:$G$14971,"Female",'Al Bundy'!$H$5:$H$14971,'Task 3'!$B24,'Al Bundy'!$N$5:$N$14971,'Task 3'!F$12,'Al Bundy'!$F$5:$F$14971,"GER1",'Al Bundy'!$M$5:$M$14971,"2016") -> 1 | G24: =COUNTIFS('Al Bundy'!$G$5:$G$14971,"Female",'Al Bundy'!$H$5:$H$14971,'Task 3'!$B24,'Al Bundy'!$N$5:$N$14971,'Task 3'!G$12,'Al Bundy'!$F$5:$F$14971,"GER1",'Al Bundy'!$M$5:$M$14971,"2016") -> 2 | H24: =COUNTIFS('Al Bundy'!$G$5:$G$14971,"Female",'Al Bundy'!$H$5:$H$14971,'Task 3'!$B24,'Al Bundy'!$N$5:$N$14971,'Task 3'!H$12,'Al Bundy'!$F$5:$F$14971,"GER1",'Al Bundy'!$M$5:$M$14971,"2016") -> 2 | I24: =COUNTIFS('Al Bundy'!$G$5:$G$14971,"Female",'Al Bundy'!$H$5:$H$14971,'Task 3'!$B24,'Al Bundy'!$N$5:$N$14971,'Task 3'!I$12,'Al Bundy'!$F$5:$F$14971,"GER1",'Al Bundy'!$M$5:$M$14971,"2016") -> 2 | J24: =COUNTIFS('Al Bundy'!$G$5:$G$14971,"Female",'Al Bundy'!$H$5:$H$14971,'Task 3'!$B24,'Al Bundy'!$N$5:$N$14971,'Task 3'!J$12,'Al Bundy'!$F$5:$F$14971,"GER1",'Al Bundy'!$M$5:$M$14971,"2016") -> 4 | ... N24: =COUNTIFS('Al Bundy'!$G$5:$G$14971,"Female",'Al Bundy'!$H$5:$H$14971,'Task 3'!$B24,'Al Bundy'!$N$5:$N$14971,'Task 3'!N$12,'Al Bundy'!$F$5:$F$14971,"GER1",'Al Bundy'!$M$5:$M$14971,"2016") -> 2 | P24: =COUNTIFS('Al Bundy'!$G$5:$G$14971,"Female",'Al Bundy'!$H$5:$H$14971,'Task 3'!$B24,'Al Bundy'!$N$5:$N$14971,'Task 3'!P$12,'Al Bundy'!$F$5:$F$14971,"GER2",'Al Bundy'!$M$5:$M$14971,"2016") -> 0 | Q24: =COUNTIFS('Al Bundy'!$G$5:$G$14971,"Female",'Al Bundy'!$H$5:$H$14971,'Task 3'!$B24,'Al Bundy'!$N$5:$N$14971,'Task 3'!Q$12,'Al Bundy'!$F$5:$F$14971,"GER2",'Al Bundy'!$M$5:$M$14971,"2016") -> 1 | R24: =COUNTIFS('Al Bundy'!$G$5:$G$14971,"Female",'Al Bundy'!$H$5:$H$14971,'Task 3'!$B24,'Al Bundy'!$N$5:$N$14971,'Task 3'!R$12,'Al Bundy'!$F$5:$F$14971,"GER2",'Al Bundy'!$M$5:$M$14971,"2016") -> 1 | S24: =COUNTIFS('Al Bundy'!$G$5:$G$14971,"Female",'Al Bundy'!$H$5:$H$14971,'Task 3'!$B24,'Al Bundy'!$N$5:$N$14971,'Task 3'!S$12,'Al Bundy'!$F$5:$F$14971,"GER2",'Al Bundy'!$M$5:$M$14971,"2016") -> 0 | T24: =COUNTIFS('Al Bundy'!$G$5:$G$14971,"Female",'Al Bundy'!$H$5:$H$14971,'Task 3'!$B24,'Al Bundy'!$N$5:$N$14971,'Task 3'!T$12,'Al Bundy'!$F$5:$F$14971,"GER2",'Al Bundy'!$M$5:$M$14971,"2016") -> 1 | U24: =COUNTIFS('Al Bundy'!$G$5:$G$14971,"Female",'Al Bundy'!$H$5:$H$14971,'Task 3'!$B24,'Al Bundy'!$N$5:$N$14971,'Task 3'!U$12,'Al Bundy'!$F$5:$F$14971,"GER2",'Al Bundy'!$M$5:$M$14971,"2016") -> 2 | V24: =COUNTIFS('Al Bundy'!$G$5:$G$14971,"Female",'Al Bundy'!$H$5:$H$14971,'Task 3'!$B24,'Al Bundy'!$N$5:$N$14971,'Task 3'!V$12,'Al Bundy'!$F$5:$F$14971,"GER2",'Al Bundy'!$M$5:$M$14971,"2016") -> 2 | W24: =COUNTIFS('Al Bundy'!$G$5:$G$14971,"Female",'Al Bundy'!$H$5:$H$14971,'Task 3'!$B24,'Al Bundy'!$N$5:$N$14971,'Task 3'!W$12,'Al Bundy'!$F$5:$F$14971,"GER2",'Al Bundy'!$M$5:$M$14971,"2016") -> 1 | ... AA24: =COUNTIFS('Al Bundy'!$G$5:$G$14971,"Female",'Al Bundy'!$H$5:$H$14971,'Task 3'!$B24,'Al Bundy'!$N$5:$N$14971,'Task 3'!AA$12,'Al Bundy'!$F$5:$F$14971,"GER2",'Al Bundy'!$M$5:$M$14971,"2016") -> 2 | AC24: =AVERAGE(C24:N24) -> 2.5 | AD24: =AVERAGE(P24:AA24) -> 1.9166667 | AF24: =_xlfn.VAR.S(C24:N24) -> 1.5454545 | AG24: =_xlfn.VAR.S(P24:AA24) -> 3.719697 | AI24: =(($AM$31-1)*AF24+($AN$31-1)*AG24)/($AM$31+$AN$31-2) -> 2.6325758 | AK24: =$AN$32*SQRT(AI24/$AM$31+AI24/$AN$31) -> 1.1326896 | AM24: =AC24-AD24-AK24 -> -0.5493563 | AN24: =AC24-AD24+AK24 -> 1.716023
B25: 10 | C25: =COUNTIFS('Al Bundy'!$G$5:$G$14971,"Female",'Al Bundy'!$H$5:$H$14971,'Task 3'!$B25,'Al Bundy'!$N$5:$N$14971,'Task 3'!C$12,'Al Bundy'!$F$5:$F$14971,"GER1",'Al Bundy'!$M$5:$M$14971,"2016") -> 0 | D25: =COUNTIFS('Al Bundy'!$G$5:$G$14971,"Female",'Al Bundy'!$H$5:$H$14971,'Task 3'!$B25,'Al Bundy'!$N$5:$N$14971,'Task 3'!D$12,'Al Bundy'!$F$5:$F$14971,"GER1",'Al Bundy'!$M$5:$M$14971,"2016") -> 1 | E25: =COUNTIFS('Al Bundy'!$G$5:$G$14971,"Female",'Al Bundy'!$H$5:$H$14971,'Task 3'!$B25,'Al Bundy'!$N$5:$N$14971,'Task 3'!E$12,'Al Bundy'!$F$5:$F$14971,"GER1",'Al Bundy'!$M$5:$M$14971,"2016") -> 1 | F25: =COUNTIFS('Al Bundy'!$G$5:$G$14971,"Female",'Al Bundy'!$H$5:$H$14971,'Task 3'!$B25,'Al Bundy'!$N$5:$N$14971,'Task 3'!F$12,'Al Bundy'!$F$5:$F$14971,"GER1",'Al Bundy'!$M$5:$M$14971,"2016") -> 1 | G25: =COUNTIFS('Al Bundy'!$G$5:$G$14971,"Female",'Al Bundy'!$H$5:$H$14971,'Task 3'!$B25,'Al Bundy'!$N$5:$N$14971,'Task 3'!G$12,'Al Bundy'!$F$5:$F$14971,"GER1",'Al Bundy'!$M$5:$M$14971,"2016") -> 1 | H25: =COUNTIFS('Al Bundy'!$G$5:$G$14971,"Female",'Al Bundy'!$H$5:$H$14971,'Task 3'!$B25,'Al Bundy'!$N$5:$N$14971,'Task 3'!H$12,'Al Bundy'!$F$5:$F$14971,"GER1",'Al Bundy'!$M$5:$M$14971,"2016") -> 1 | I25: =COUNTIFS('Al Bundy'!$G$5:$G$14971,"Female",'Al Bundy'!$H$5:$H$14971,'Task 3'!$B25,'Al Bundy'!$N$5:$N$14971,'Task 3'!I$12,'Al Bundy'!$F$5:$F$14971,"GER1",'Al Bundy'!$M$5:$M$14971,"2016") -> 3 | J25: =COUNTIFS('Al Bundy'!$G$5:$G$14971,"Female",'Al Bundy'!$H$5:$H$14971,'Task 3'!$B25,'Al Bundy'!$N$5:$N$14971,'Task 3'!J$12,'Al Bundy'!$F$5:$F$14971,"GER1",'Al Bundy'!$M$5:$M$14971,"2016") -> 1 | ... N25: =COUNTIFS('Al Bundy'!$G$5:$G$14971,"Female",'Al Bundy'!$H$5:$H$14971,'Task 3'!$B25,'Al Bundy'!$N$5:$N$14971,'Task 3'!N$12,'Al Bundy'!$F$5:$F$14971,"GER1",'Al Bundy'!$M$5:$M$14971,"2016") -> 1 | P25: =COUNTIFS('Al Bundy'!$G$5:$G$14971,"Female",'Al Bundy'!$H$5:$H$14971,'Task 3'!$B25,'Al Bundy'!$N$5:$N$14971,'Task 3'!P$12,'Al Bundy'!$F$5:$F$14971,"GER2",'Al Bundy'!$M$5:$M$14971,"2016") -> 0 | Q25: =COUNTIFS('Al Bundy'!$G$5:$G$14971,"Female",'Al Bundy'!$H$5:$H$14971,'Task 3'!$B25,'Al Bundy'!$N$5:$N$14971,'Task 3'!Q$12,'Al Bundy'!$F$5:$F$14971,"GER2",'Al Bundy'!$M$5:$M$14971,"2016") -> 1 | R25: =COUNTIFS('Al Bundy'!$G$5:$G$14971,"Female",'Al Bundy'!$H$5:$H$14971,'Task 3'!$B25,'Al Bundy'!$N$5:$N$14971,'Task 3'!R$12,'Al Bundy'!$F$5:$F$14971,"GER2",'Al Bundy'!$M$5:$M$14971,"2016") -> 1 | S25: =COUNTIFS('Al Bundy'!$G$5:$G$14971,"Female",'Al Bundy'!$H$5:$H$14971,'Task 3'!$B25,'Al Bundy'!$N$5:$N$14971,'Task 3'!S$12,'Al Bundy'!$F$5:$F$14971,"GER2",'Al Bundy'!$M$5:$M$14971,"2016") -> 0 | T25: =COUNTIFS('Al Bundy'!$G$5:$G$14971,"Female",'Al Bundy'!$H$5:$H$14971,'Task 3'!$B25,'Al Bundy'!$N$5:$N$14971,'Task 3'!T$12,'Al Bundy'!$F$5:$F$14971,"GER2",'Al Bundy'!$M$5:$M$14971,"2016") -> 0 | U25: =COUNTIFS('Al Bundy'!$G$5:$G$14971,"Female",'Al Bundy'!$H$5:$H$14971,'Task 3'!$B25,'Al Bundy'!$N$5:$N$14971,'Task 3'!U$12,'Al Bundy'!$F$5:$F$14971,"GER2",'Al Bundy'!$M$5:$M$14971,"2016") -> 0 | V25: =COUNTIFS('Al Bundy'!$G$5:$G$14971,"Female",'Al Bundy'!$H$5:$H$14971,'Task 3'!$B25,'Al Bundy'!$N$5:$N$14971,'Task 3'!V$12,'Al Bundy'!$F$5:$F$14971,"GER2",'Al Bundy'!$M$5:$M$14971,"2016") -> 2 | W25: =COUNTIFS('Al Bundy'!$G$5:$G$14971,"Female",'Al Bundy'!$H$5:$H$14971,'Task 3'!$B25,'Al Bundy'!$N$5:$N$14971,'Task 3'!W$12,'Al Bundy'!$F$5:$F$14971,"GER2",'Al Bundy'!$M$5:$M$14971,"2016") -> 3 | ... AA25: =COUNTIFS('Al Bundy'!$G$5:$G$14971,"Female",'Al Bundy'!$H$5:$H$14971,'Task 3'!$B25,'Al Bundy'!$N$5:$N$14971,'Task 3'!AA$12,'Al Bundy'!$F$5:$F$14971,"GER2",'Al Bundy'!$M$5:$M$14971,"2016") -> 0 | AC25: =AVERAGE(C25:N25) -> 0.83333333 | AD25: =AVERAGE(P25:AA25) -> 0.75 | AF25: =_xlfn.VAR.S(C25:N25) -> 0.6969697 | AG25: =_xlfn.VAR.S(P25:AA25) -> 1.1136364 | AI25: =(($AM$31-1)*AF25+($AN$31-1)*AG25)/($AM$31+$AN$31-2) -> 0.90530303 | AK25: =$AN$32*SQRT(AI25/$AM$31+AI25/$AN$31) -> 0.66422845 | AM25: =AC25-AD25-AK25 -> -0.58089512 | AN25: =AC25-AD25+AK25 -> 0.74756178
B26: 10.5 | C26: =COUNTIFS('Al Bundy'!$G$5:$G$14971,"Female",'Al Bundy'!$H$5:$H$14971,'Task 3'!$B26,'Al Bundy'!$N$5:$N$14971,'Task 3'!C$12,'Al Bundy'!$F$5:$F$14971,"GER1",'Al Bundy'!$M$5:$M$14971,"2016") -> 1 | D26: =COUNTIFS('Al Bundy'!$G$5:$G$14971,"Female",'Al Bundy'!$H$5:$H$14971,'Task 3'!$B26,'Al Bundy'!$N$5:$N$14971,'Task 3'!D$12,'Al Bundy'!$F$5:$F$14971,"GER1",'Al Bundy'!$M$5:$M$14971,"2016") -> 0 | E26: =COUNTIFS('Al Bundy'!$G$5:$G$14971,"Female",'Al Bundy'!$H$5:$H$14971,'Task 3'!$B26,'Al Bundy'!$N$5:$N$14971,'Task 3'!E$12,'Al Bundy'!$F$5:$F$14971,"GER1",'Al Bundy'!$M$5:$M$14971,"2016") -> 0 | F26: =COUNTIFS('Al Bundy'!$G$5:$G$14971,"Female",'Al Bundy'!$H$5:$H$14971,'Task 3'!$B26,'Al Bundy'!$N$5:$N$14971,'Task 3'!F$12,'Al Bundy'!$F$5:$F$14971,"GER1",'Al Bundy'!$M$5:$M$14971,"2016") -> 0 | G26: =COUNTIFS('Al Bundy'!$G$5:$G$14971,"Female",'Al Bundy'!$H$5:$H$14971,'Task 3'!$B26,'Al Bundy'!$N$5:$N$14971,'Task 3'!G$12,'Al Bundy'!$F$5:$F$14971,"GER1",'Al Bundy'!$M$5:$M$14971,"2016") -> 2 | H26: =COUNTIFS('Al Bundy'!$G$5:$G$14971,"Female",'Al Bundy'!$H$5:$H$14971,'Task 3'!$B26,'Al Bundy'!$N$5:$N$14971,'Task 3'!H$12,'Al Bundy'!$F$5:$F$14971,"GER1",'Al Bundy'!$M$5:$M$14971,"2016") -> 2 | I26: =COUNTIFS('Al Bundy'!$G$5:$G$14971,"Female",'Al Bundy'!$H$5:$H$14971,'Task 3'!$B26,'Al Bundy'!$N$5:$N$14971,'Task 3'!I$12,'Al Bundy'!$F$5:$F$14971,"GER1",'Al Bundy'!$M$5:$M$14971,"2016") -> 4 | J26: =COUNTIFS('Al Bundy'!$G$5:$G$14971,"Female",'Al Bundy'!$H$5:$H$14971,'Task 3'!$B26,'Al Bundy'!$N$5:$N$14971,'Task 3'!J$12,'Al Bundy'!$F$5:$F$14971,"GER1",'Al Bundy'!$M$5:$M$14971,"2016") -> 1 | ... N26: =COUNTIFS('Al Bundy'!$G$5:$G$14971,"Female",'Al Bundy'!$H$5:$H$14971,'Task 3'!$B26,'Al Bundy'!$N$5:$N$14971,'Task 3'!N$12,'Al Bundy'!$F$5:$F$14971,"GER1",'Al Bundy'!$M$5:$M$14971,"2016") -> 1 | P26: =COUNTIFS('Al Bundy'!$G$5:$G$14971,"Female",'Al Bundy'!$H$5:$H$14971,'Task 3'!$B26,'Al Bundy'!$N$5:$N$14971,'Task 3'!P$12,'Al Bundy'!$F$5:$F$14971,"GER2",'Al Bundy'!$M$5:$M$14971,"2016") -> 0 | Q26: =COUNTIFS('Al Bundy'!$G$5:$G$14971,"Female",'Al Bundy'!$H$5:$H$14971,'Task 3'!$B26,'Al Bundy'!$N$5:$N$14971,'Task 3'!Q$12,'Al Bundy'!$F$5:$F$14971,"GER2",'Al Bundy'!$M$5:$M$14971,"2016") -> 2 | R26: =COUNTIFS('Al Bundy'!$G$5:$G$14971,"Female",'Al Bundy'!$H$5:$H$14971,'Task 3'!$B26,'Al Bundy'!$N$5:$N$14971,'Task 3'!R$12,'Al Bundy'!$F$5:$F$14971,"GER2",'Al Bundy'!$M$5:$M$14971,"2016") -> 0 | S26: =COUNTIFS('Al Bundy'!$G$5:$G$14971,"Female",'Al Bundy'!$H$5:$H$14971,'Task 3'!$B26,'Al Bundy'!$N$5:$N$14971,'Task 3'!S$12,'Al Bundy'!$F$5:$F$14971,"GER2",'Al Bundy'!$M$5:$M$14971,"2016") -> 0 | T26: =COUNTIFS('Al Bundy'!$G$5:$G$14971,"Female",'Al Bundy'!$H$5:$H$14971,'Task 3'!$B26,'Al Bundy'!$N$5:$N$14971,'Task 3'!T$12,'Al Bundy'!$F$5:$F$14971,"GER2",'Al Bundy'!$M$5:$M$14971,"2016") -> 0 | U26: =COUNTIFS('Al Bundy'!$G$5:$G$14971,"Female",'Al Bundy'!$H$5:$H$14971,'Task 3'!$B26,'Al Bundy'!$N$5:$N$14971,'Task 3'!U$12,'Al Bundy'!$F$5:$F$14971,"GER2",'Al Bundy'!$M$5:$M$14971,"2016") -> 1 | V26: =COUNTIFS('Al Bundy'!$G$5:$G$14971,"Female",'Al Bundy'!$H$5:$H$14971,'Task 3'!$B26,'Al Bundy'!$N$5:$N$14971,'Task 3'!V$12,'Al Bundy'!$F$5:$F$14971,"GER2",'Al Bundy'!$M$5:$M$14971,"2016") -> 0 | W26: =COUNTIFS('Al Bundy'!$G$5:$G$14971,"Female",'Al Bundy'!$H$5:$H$14971,'Task 3'!$B26,'Al Bundy'!$N$5:$N$14971,'Task 3'!W$12,'Al Bundy'!$F$5:$F$14971,"GER2",'Al Bundy'!$M$5:$M$14971,"2016") -> 0 | ... AA26: =COUNTIFS('Al Bundy'!$G$5:$G$14971,"Female",'Al Bundy'!$H$5:$H$14971,'Task 3'!$B26,'Al Bundy'!$N$5:$N$14971,'Task 3'!AA$12,'Al Bundy'!$F$5:$F$14971,"GER2",'Al Bundy'!$M$5:$M$14971,"2016") -> 1 | AC26: =AVERAGE(C26:N26) -> 1.25 | AD26: =AVERAGE(P26:AA26) -> 0.5 | AF26: =_xlfn.VAR.S(C26:N26) -> 1.6590909 | AG26: =_xlfn.VAR.S(P26:AA26) -> 0.63636364 | AI26: =(($AM$31-1)*AF26+($AN$31-1)*AG26)/($AM$31+$AN$31-2) -> 1.1477273 | AK26: =$AN$32*SQRT(AI26/$AM$31+AI26/$AN$31) -> 0.74789363 | AM26: =AC26-AD26-AK26 -> 0.0021063669 | AN26: =AC26-AD26+AK26 -> 1.4978936
B27: 11.5 | C27: =COUNTIFS('Al Bundy'!$G$5:$G$14971,"Female",'Al Bundy'!$H$5:$H$14971,'Task 3'!$B27,'Al Bundy'!$N$5:$N$14971,'Task 3'!C$12,'Al Bundy'!$F$5:$F$14971,"GER1",'Al Bundy'!$M$5:$M$14971,"2016") -> 0 | D27: =COUNTIFS('Al Bundy'!$G$5:$G$14971,"Female",'Al Bundy'!$H$5:$H$14971,'Task 3'!$B27,'Al Bundy'!$N$5:$N$14971,'Task 3'!D$12,'Al Bundy'!$F$5:$F$14971,"GER1",'Al Bundy'!$M$5:$M$14971,"2016") -> 0 | E27: =COUNTIFS('Al Bundy'!$G$5:$G$14971,"Female",'Al Bundy'!$H$5:$H$14971,'Task 3'!$B27,'Al Bundy'!$N$5:$N$14971,'Task 3'!E$12,'Al Bundy'!$F$5:$F$14971,"GER1",'Al Bundy'!$M$5:$M$14971,"2016") -> 0 | F27: =COUNTIFS('Al Bundy'!$G$5:$G$14971,"Female",'Al Bundy'!$H$5:$H$14971,'Task 3'!$B27,'Al Bundy'!$N$5:$N$14971,'Task 3'!F$12,'Al Bundy'!$F$5:$F$14971,"GER1",'Al Bundy'!$M$5:$M$14971,"2016") -> 2 | G27: =COUNTIFS('Al Bundy'!$G$5:$G$14971,"Female",'Al Bundy'!$H$5:$H$14971,'Task 3'!$B27,'Al Bundy'!$N$5:$N$14971,'Task 3'!G$12,'Al Bundy'!$F$5:$F$14971,"GER1",'Al Bundy'!$M$5:$M$14971,"2016") -> 0 | H27: =COUNTIFS('Al Bundy'!$G$5:$G$14971,"Female",'Al Bundy'!$H$5:$H$14971,'Task 3'!$B27,'Al Bundy'!$N$5:$N$14971,'Task 3'!H$12,'Al Bundy'!$F$5:$F$14971,"GER1",'Al Bundy'!$M$5:$M$14971,"2016") -> 0 | I27: =COUNTIFS('Al Bundy'!$G$5:$G$14971,"Female",'Al Bundy'!$H$5:$H$14971,'Task 3'!$B27,'Al Bundy'!$N$5:$N$14971,'Task 3'!I$12,'Al Bundy'!$F$5:$F$14971,"GER1",'Al Bundy'!$M$5:$M$14971,"2016") -> 0 | J27: =COUNTIFS('Al Bundy'!$G$5:$G$14971,"Female",'Al Bundy'!$H$5:$H$14971,'Task 3'!$B27,'Al Bundy'!$N$5:$N$14971,'Task 3'!J$12,'Al Bundy'!$F$5:$F$14971,"GER1",'Al Bundy'!$M$5:$M$14971,"2016") -> 0 | ... N27: =COUNTIFS('Al Bundy'!$G$5:$G$14971,"Female",'Al Bundy'!$H$5:$H$14971,'Task 3'!$B27,'Al Bundy'!$N$5:$N$14971,'Task 3'!N$12,'Al Bundy'!$F$5:$F$14971,"GER1",'Al Bundy'!$M$5:$M$14971,"2016") -> 0 | P27: =COUNTIFS('Al Bundy'!$G$5:$G$14971,"Female",'Al Bundy'!$H$5:$H$14971,'Task 3'!$B27,'Al Bundy'!$N$5:$N$14971,'Task 3'!P$12,'Al Bundy'!$F$5:$F$14971,"GER2",'Al Bundy'!$M$5:$M$14971,"2016") -> 0 | Q27: =COUNTIFS('Al Bundy'!$G$5:$G$14971,"Female",'Al Bundy'!$H$5:$H$14971,'Task 3'!$B27,'Al Bundy'!$N$5:$N$14971,'Task 3'!Q$12,'Al Bundy'!$F$5:$F$14971,"GER2",'Al Bundy'!$M$5:$M$14971,"2016") -> 0 | R27: =COUNTIFS('Al Bundy'!$G$5:$G$14971,"Female",'Al Bundy'!$H$5:$H$14971,'Task 3'!$B27,'Al Bundy'!$N$5:$N$14971,'Task 3'!R$12,'Al Bundy'!$F$5:$F$14971,"GER2",'Al Bundy'!$M$5:$M$14971,"2016") -> 5 | S27: =COUNTIFS('Al Bundy'!$G$5:$G$14971,"Female",'Al Bundy'!$H$5:$H$14971,'Task 3'!$B27,'Al Bundy'!$N$5:$N$14971,'Task 3'!S$12,'Al Bundy'!$F$5:$F$14971,"GER2",'Al Bundy'!$M$5:$M$14971,"2016") -> 0 | T27: =COUNTIFS('Al Bundy'!$G$5:$G$14971,"Female",'Al Bundy'!$H$5:$H$14971,'Task 3'!$B27,'Al Bundy'!$N$5:$N$14971,'Task 3'!T$12,'Al Bundy'!$F$5:$F$14971,"GER2",'Al Bundy'!$M$5:$M$14971,"2016") -> 0 | U27: =COUNTIFS('Al Bundy'!$G$5:$G$14971,"Female",'Al Bundy'!$H$5:$H$14971,'Task 3'!$B27,'Al Bundy'!$N$5:$N$14971,'Task 3'!U$12,'Al Bundy'!$F$5:$F$14971,"GER2",'Al Bundy'!$M$5:$M$14971,"2016") -> 0 | V27: =COUNTIFS('Al Bundy'!$G$5:$G$14971,"Female",'Al Bundy'!$H$5:$H$14971,'Task 3'!$B27,'Al Bundy'!$N$5:$N$14971,'Task 3'!V$12,'Al Bundy'!$F$5:$F$14971,"GER2",'Al Bundy'!$M$5:$M$14971,"2016") -> 0 | W27: =COUNTIFS('Al Bundy'!$G$5:$G$14971,"Female",'Al Bundy'!$H$5:$H$14971,'Task 3'!$B27,'Al Bundy'!$N$5:$N$14971,'Task 3'!W$12,'Al Bundy'!$F$5:$F$14971,"GER2",'Al Bundy'!$M$5:$M$14971,"2016") -> 1 | ... AA27: =COUNTIFS('Al Bundy'!$G$5:$G$14971,"Female",'Al Bundy'!$H$5:$H$14971,'Task 3'!$B27,'Al Bundy'!$N$5:$N$14971,'Task 3'!AA$12,'Al Bundy'!$F$5:$F$14971,"GER2",'Al Bundy'!$M$5:$M$14971,"2016") -> 0 | AC27: =AVERAGE(C27:N27) -> 0.16666667 | AD27: =AVERAGE(P27:AA27) -> 0.5 | AF27: =_xlfn.VAR.S(C27:N27) -> 0.33333333 | AG27: =_xlfn.VAR.S(P27:AA27) -> 2.0909091 | AI27: =(($AM$31-1)*AF27+($AN$31-1)*AG27)/($AM$31+$AN$31-2) -> 1.2121212 | AK27: =$AN$32*SQRT(AI27/$AM$31+AI27/$AN$31) -> 0.76858784 | AM27: =AC27-AD27-AK27 -> -1.1019212 | AN27: =AC27-AD27+AK27 -> 0.43525451
B28: Total | C28: =SUM(C13:C27) -> 26 | D28: =SUM(D13:D27) -> 35 | E28: =SUM(E13:E27) -> 32 | F28: =SUM(F13:F27) -> 33 | G28: =SUM(G13:G27) -> 28 | H28: =SUM(H13:H27) -> 22 | I28: =SUM(I13:I27) -> 35 | J28: =SUM(J13:J27) -> 28 | ... N28: =SUM(N13:N27) -> 30 | P28: =SUM(P13:P27) -> 30 | Q28: =SUM(Q13:Q27) -> 19 | R28: =SUM(R13:R27) -> 30 | S28: =SUM(S13:S27) -> 35 | T28: =SUM(T13:T27) -> 20 | U28: =SUM(U13:U27) -> 24 | V28: =SUM(V13:V27) -> 35 | W28: =SUM(W13:W27) -> 38 | ... AA28: =SUM(AA13:AA27) -> 24
AM30: GER1 | AN30: GER2
AL31: n | AM31: 12 | AN31: 12
AM32: t90%,22 | AN32: 1.71
