Workbook
Name Slicer_Host1: #N/A
Name Slicer_Year: #N/A

Sheet survey
A1: Timestamp | B1: Which country are you from? | C1: What is your gender? | D1: Trim_Gender | E1: Proper_Gender | F1: Left_gender | G1: Gender | H1: age | I1: age_bracket | J1: Which country is your favorite in ongoing FIFA worldcup? | K1: Which country do you think will win? | L1: What is your name (nickname) ? I will use it to call you in the class.
A2: 46221.547 | B2: India | C2: Female | D2: =TRIM(survey[[#This Row],[What is your gender?]]) -> Female | E2: =PROPER(survey[[#This Row],[Trim_Gender]]) -> Female | F2: =LEFT(survey[[#This Row],[Proper_Gender]],1) -> F | G2: =LEFT(PROPER(TRIM(survey[[#This Row],[What is your gender?]])),1) -> F | H2: 33 | I2: {=_xlfn.IFS(survey[[#This Row],[age]]< 25,"20-25",survey[[#This Row],[age]] <30,"25-30",survey[[#This Row],[age]]<35,"30-35",survey[[#This Row],[age]]<40,"35-40")} -> 30-35 | J2: None | K2: No idea | L2: Anitha
A3: 46221.548 | B3: Myanmar | C3: Female | D3: =TRIM(survey[[#This Row],[What is your gender?]]) -> Female | E3: =PROPER(survey[[#This Row],[Trim_Gender]]) -> Female | F3: =LEFT(survey[[#This Row],[Proper_Gender]],1) -> F | G3: =LEFT(PROPER(TRIM(survey[[#This Row],[What is your gender?]])),1) -> F | H3: 28 | I3: {=_xlfn.IFS(survey[[#This Row],[age]]< 25,"20-25",survey[[#This Row],[age]] <30,"25-30",survey[[#This Row],[age]]<35,"30-35",survey[[#This Row],[age]]<40,"35-40")} -> 25-30 | J3: Brazil | K3: Argentina | L3: Mihtet
A4: 46221.548 | B4: Myanmar | C4: Female | D4: =TRIM(survey[[#This Row],[What is your gender?]]) -> Female | E4: =PROPER(survey[[#This Row],[Trim_Gender]]) -> Female | F4: =LEFT(survey[[#This Row],[Proper_Gender]],1) -> F | G4: =LEFT(PROPER(TRIM(survey[[#This Row],[What is your gender?]])),1) -> F | H4: 39 | I4: {=_xlfn.IFS(survey[[#This Row],[age]]< 25,"20-25",survey[[#This Row],[age]] <30,"25-30",survey[[#This Row],[age]]<35,"30-35",survey[[#This Row],[age]]<40,"35-40")} -> 35-40 | J4: None | K4: Any Country | L4: Hnin Lae
A5: 46221.548 | B5: Nepal | C5: Female | D5: =TRIM(survey[[#This Row],[What is your gender?]]) -> Female | E5: =PROPER(survey[[#This Row],[Trim_Gender]]) -> Female | F5: =LEFT(survey[[#This Row],[Proper_Gender]],1) -> F | G5: =LEFT(PROPER(TRIM(survey[[#This Row],[What is your gender?]])),1) -> F | H5: 24 | I5: {=_xlfn.IFS(survey[[#This Row],[age]]< 25,"20-25",survey[[#This Row],[age]] <30,"25-30",survey[[#This Row],[age]]<35,"30-35",survey[[#This Row],[age]]<40,"35-40")} -> 20-25 | J5: Norway | K5: Spain | L5: Raisa | N5: Gender | O5: Count
A6: 46221.548 | B6: Myanmar | C6: Male | D6: =TRIM(survey[[#This Row],[What is your gender?]]) -> Male | E6: =PROPER(survey[[#This Row],[Trim_Gender]]) -> Male | F6: =LEFT(survey[[#This Row],[Proper_Gender]],1) -> M | G6: =LEFT(PROPER(TRIM(survey[[#This Row],[What is your gender?]])),1) -> M | H6: 27 | I6: {=_xlfn.IFS(survey[[#This Row],[age]]< 25,"20-25",survey[[#This Row],[age]] <30,"25-30",survey[[#This Row],[age]]<35,"30-35",survey[[#This Row],[age]]<40,"35-40")} -> 25-30 | J6: Brazil | K6: Brazil | L6: Kyaw Zin | N6: F | O6: =COUNTIF(survey[Gender], "F") -> 17
A7: 46221.548 | B7: Myanmar | C7: Male | D7: =TRIM(survey[[#This Row],[What is your gender?]]) -> Male | E7: =PROPER(survey[[#This Row],[Trim_Gender]]) -> Male | F7: =LEFT(survey[[#This Row],[Proper_Gender]],1) -> M | G7: =LEFT(PROPER(TRIM(survey[[#This Row],[What is your gender?]])),1) -> M | H7: 27 | I7: {=_xlfn.IFS(survey[[#This Row],[age]]< 25,"20-25",survey[[#This Row],[age]] <30,"25-30",survey[[#This Row],[age]]<35,"30-35",survey[[#This Row],[age]]<40,"35-40")} -> 25-30 | J7: Spain | K7: Spain | L7: Zaw | N7: M | O7: =COUNTIF(survey[Gender], "M") -> 9
A8: 46221.548 | B8: Vietnam | C8: Male | D8: =TRIM(survey[[#This Row],[What is your gender?]]) -> Male | E8: =PROPER(survey[[#This Row],[Trim_Gender]]) -> Male | F8: =LEFT(survey[[#This Row],[Proper_Gender]],1) -> M | G8: =LEFT(PROPER(TRIM(survey[[#This Row],[What is your gender?]])),1) -> M | H8: 23 | I8: {=_xlfn.IFS(survey[[#This Row],[age]]< 25,"20-25",survey[[#This Row],[age]] <30,"25-30",survey[[#This Row],[age]]<35,"30-35",survey[[#This Row],[age]]<40,"35-40")} -> 20-25 | J8: Argentina | K8: Suiiiiiiiii | L8: Kian | N8: Total | O8: =SUM(O6:O7) -> 26
A9: 46221.548 | B9: Myanmar | C9: Male | D9: =TRIM(survey[[#This Row],[What is your gender?]]) -> Male | E9: =PROPER(survey[[#This Row],[Trim_Gender]]) -> Male | F9: =LEFT(survey[[#This Row],[Proper_Gender]],1) -> M | G9: =LEFT(PROPER(TRIM(survey[[#This Row],[What is your gender?]])),1) -> M | H9: 26 | I9: {=_xlfn.IFS(survey[[#This Row],[age]]< 25,"20-25",survey[[#This Row],[age]] <30,"25-30",survey[[#This Row],[age]]<35,"30-35",survey[[#This Row],[age]]<40,"35-40")} -> 25-30 | J9: Norway | K9: Spain | L9: Parker
A10: 46221.549 | B10: Philippines | C10: Male | D10: =TRIM(survey[[#This Row],[What is your gender?]]) -> Male | E10: =PROPER(survey[[#This Row],[Trim_Gender]]) -> Male | F10: =LEFT(survey[[#This Row],[Proper_Gender]],1) -> M | G10: =LEFT(PROPER(TRIM(survey[[#This Row],[What is your gender?]])),1) -> M | H10: 37 | I10: {=_xlfn.IFS(survey[[#This Row],[age]]< 25,"20-25",survey[[#This Row],[age]] <30,"25-30",survey[[#This Row],[age]]<35,"30-35",survey[[#This Row],[age]]<40,"35-40")} -> 35-40 | J10: None | K10: Argentina maybe | L10: Mike
A11: 46221.549 | B11: Myanmar | C11: female | D11: =TRIM(survey[[#This Row],[What is your gender?]]) -> female | E11: =PROPER(survey[[#This Row],[Trim_Gender]]) -> Female | F11: =LEFT(survey[[#This Row],[Proper_Gender]],1) -> F | G11: =LEFT(PROPER(TRIM(survey[[#This Row],[What is your gender?]])),1) -> F | H11: 28 | I11: {=_xlfn.IFS(survey[[#This Row],[age]]< 25,"20-25",survey[[#This Row],[age]] <30,"25-30",survey[[#This Row],[age]]<35,"30-35",survey[[#This Row],[age]]<40,"35-40")} -> 25-30 | J11: Spain | K11: Spain | L11: Riley | N11: Age bracket | O11: Count
A12: 46221.549 | B12: Nepal | C12: Female | D12: =TRIM(survey[[#This Row],[What is your gender?]]) -> Female | E12: =PROPER(survey[[#This Row],[Trim_Gender]]) -> Female | F12: =LEFT(survey[[#This Row],[Proper_Gender]],1) -> F | G12: =LEFT(PROPER(TRIM(survey[[#This Row],[What is your gender?]])),1) -> F | H12: 23 | I12: {=_xlfn.IFS(survey[[#This Row],[age]]< 25,"20-25",survey[[#This Row],[age]] <30,"25-30",survey[[#This Row],[age]]<35,"30-35",survey[[#This Row],[age]]<40,"35-40")} -> 20-25 | J12: Argentina | K12: Argentina | L12: Khushi | N12: 20-25 | O12: =COUNTIF(survey[age_bracket], "20-25") -> 6
A13: 46221.549 | B13: Nepal | C13: Female | D13: =TRIM(survey[[#This Row],[What is your gender?]]) -> Female | E13: =PROPER(survey[[#This Row],[Trim_Gender]]) -> Female | F13: =LEFT(survey[[#This Row],[Proper_Gender]],1) -> F | G13: =LEFT(PROPER(TRIM(survey[[#This Row],[What is your gender?]])),1) -> F | H13: 24 | I13: {=_xlfn.IFS(survey[[#This Row],[age]]< 25,"20-25",survey[[#This Row],[age]] <30,"25-30",survey[[#This Row],[age]]<35,"30-35",survey[[#This Row],[age]]<40,"35-40")} -> 20-25 | J13: Argentina | K13: Argentina | L13: Nishma | N13: 25-30 | O13: =COUNTIF(survey[age_bracket], "25-30") -> 12
A14: 46221.549 | B14: Myanmar | C14: Female | D14: =TRIM(survey[[#This Row],[What is your gender?]]) -> Female | E14: =PROPER(survey[[#This Row],[Trim_Gender]]) -> Female | F14: =LEFT(survey[[#This Row],[Proper_Gender]],1) -> F | G14: =LEFT(PROPER(TRIM(survey[[#This Row],[What is your gender?]])),1) -> F | H14: 35 | I14: {=_xlfn.IFS(survey[[#This Row],[age]]< 25,"20-25",survey[[#This Row],[age]] <30,"25-30",survey[[#This Row],[age]]<35,"30-35",survey[[#This Row],[age]]<40,"35-40")} -> 35-40 | J14: Argentina | K14: Argentina | L14: Win | N14: 30-35 | O14: =COUNTIF(survey[age_bracket], "30-35") -> 5
A15: 46221.549 | B15: Nepal | C15: Male | D15: =TRIM(survey[[#This Row],[What is your gender?]]) -> Male | E15: =PROPER(survey[[#This Row],[Trim_Gender]]) -> Male | F15: =LEFT(survey[[#This Row],[Proper_Gender]],1) -> M | G15: =LEFT(PROPER(TRIM(survey[[#This Row],[What is your gender?]])),1) -> M | H15: 24 | I15: {=_xlfn.IFS(survey[[#This Row],[age]]< 25,"20-25",survey[[#This Row],[age]] <30,"25-30",survey[[#This Row],[age]]<35,"30-35",survey[[#This Row],[age]]<40,"35-40")} -> 20-25 | J15: Spain | K15: Spain | L15: Sovan | N15: 35-40 | O15: =COUNTIF(survey[age_bracket], "35-40") -> 3
A16: 46221.549 | B16: Thailand | C16: Female | D16: =TRIM(survey[[#This Row],[What is your gender?]]) -> Female | E16: =PROPER(survey[[#This Row],[Trim_Gender]]) -> Female | F16: =LEFT(survey[[#This Row],[Proper_Gender]],1) -> F | G16: =LEFT(PROPER(TRIM(survey[[#This Row],[What is your gender?]])),1) -> F | H16: 32 | I16: {=_xlfn.IFS(survey[[#This Row],[age]]< 25,"20-25",survey[[#This Row],[age]] <30,"25-30",survey[[#This Row],[age]]<35,"30-35",survey[[#This Row],[age]]<40,"35-40")} -> 30-35 | J16: None | K16: - | L16: Amm Wannarat | O16: =SUM(O12:O15) -> 26
A17: 46221.549 | B17: Bangladesh | C17: Male | D17: =TRIM(survey[[#This Row],[What is your gender?]]) -> Male | E17: =PROPER(survey[[#This Row],[Trim_Gender]]) -> Male | F17: =LEFT(survey[[#This Row],[Proper_Gender]],1) -> M | G17: =LEFT(PROPER(TRIM(survey[[#This Row],[What is your gender?]])),1) -> M | H17: 30 | I17: {=_xlfn.IFS(survey[[#This Row],[age]]< 25,"20-25",survey[[#This Row],[age]] <30,"25-30",survey[[#This Row],[age]]<35,"30-35",survey[[#This Row],[age]]<40,"35-40")} -> 30-35 | J17: Spain | K17: Argentina (RIGGED) | L17: Naseef
A18: 46221.549 | B18: Bangladesh | C18: female | D18: =TRIM(survey[[#This Row],[What is your gender?]]) -> female | E18: =PROPER(survey[[#This Row],[Trim_Gender]]) -> Female | F18: =LEFT(survey[[#This Row],[Proper_Gender]],1) -> F | G18: =LEFT(PROPER(TRIM(survey[[#This Row],[What is your gender?]])),1) -> F | H18: 25 | I18: {=_xlfn.IFS(survey[[#This Row],[age]]< 25,"20-25",survey[[#This Row],[age]] <30,"25-30",survey[[#This Row],[age]]<35,"30-35",survey[[#This Row],[age]]<40,"35-40")} -> 25-30 | J18: None | K18: Hopefully spain | L18: Rahma | N18: What is the count of females supporting Spain?
A19: 46221.549 | B19: Myanmar | C19: Female | D19: =TRIM(survey[[#This Row],[What is your gender?]]) -> Female | E19: =PROPER(survey[[#This Row],[Trim_Gender]]) -> Female | F19: =LEFT(survey[[#This Row],[Proper_Gender]],1) -> F | G19: =LEFT(PROPER(TRIM(survey[[#This Row],[What is your gender?]])),1) -> F | H19: 27 | I19: {=_xlfn.IFS(survey[[#This Row],[age]]< 25,"20-25",survey[[#This Row],[age]] <30,"25-30",survey[[#This Row],[age]]<35,"30-35",survey[[#This Row],[age]]<40,"35-40")} -> 25-30 | J19: None | L19: Shun Shun
A20: 46221.549 | B20: Bhutan | C20: Female | D20: =TRIM(survey[[#This Row],[What is your gender?]]) -> Female | E20: =PROPER(survey[[#This Row],[Trim_Gender]]) -> Female | F20: =LEFT(survey[[#This Row],[Proper_Gender]],1) -> F | G20: =LEFT(PROPER(TRIM(survey[[#This Row],[What is your gender?]])),1) -> F | H20: 31 | I20: {=_xlfn.IFS(survey[[#This Row],[age]]< 25,"20-25",survey[[#This Row],[age]] <30,"25-30",survey[[#This Row],[age]]<35,"30-35",survey[[#This Row],[age]]<40,"35-40")} -> 30-35 | J20: Spain | K20: Spain | L20: Tandin | O20: =COUNTIFS(survey[Gender],"F",survey[Which country is your favorite in ongoing FIFA worldcup?],"Spain") -> 2
A21: 46221.549 | B21: Thailand | C21: Male | D21: =TRIM(survey[[#This Row],[What is your gender?]]) -> Male | E21: =PROPER(survey[[#This Row],[Trim_Gender]]) -> Male | F21: =LEFT(survey[[#This Row],[Proper_Gender]],1) -> M | G21: =LEFT(PROPER(TRIM(survey[[#This Row],[What is your gender?]])),1) -> M | H21: 32 | I21: {=_xlfn.IFS(survey[[#This Row],[age]]< 25,"20-25",survey[[#This Row],[age]] <30,"25-30",survey[[#This Row],[age]]<35,"30-35",survey[[#This Row],[age]]<40,"35-40")} -> 30-35 | J21: England | K21: Argentina | L21: Bill
A22: 46221.549 | B22: Myanmar | C22: female | D22: =TRIM(survey[[#This Row],[What is your gender?]]) -> female | E22: =PROPER(survey[[#This Row],[Trim_Gender]]) -> Female | F22: =LEFT(survey[[#This Row],[Proper_Gender]],1) -> F | G22: =LEFT(PROPER(TRIM(survey[[#This Row],[What is your gender?]])),1) -> F | H22: 27 | I22: {=_xlfn.IFS(survey[[#This Row],[age]]< 25,"20-25",survey[[#This Row],[age]] <30,"25-30",survey[[#This Row],[age]]<35,"30-35",survey[[#This Row],[age]]<40,"35-40")} -> 25-30 | J22: Argentina | K22: Argentina | L22: Ying
A23: 46221.549 | B23: Nepal | C23: Female | D23: =TRIM(survey[[#This Row],[What is your gender?]]) -> Female | E23: =PROPER(survey[[#This Row],[Trim_Gender]]) -> Female | F23: =LEFT(survey[[#This Row],[Proper_Gender]],1) -> F | G23: =LEFT(PROPER(TRIM(survey[[#This Row],[What is your gender?]])),1) -> F | H23: 23 | I23: {=_xlfn.IFS(survey[[#This Row],[age]]< 25,"20-25",survey[[#This Row],[age]] <30,"25-30",survey[[#This Row],[age]]<35,"30-35",survey[[#This Row],[age]]<40,"35-40")} -> 20-25 | J23: Spain | K23: Spain | L23: Ranju
A24: 46221.549 | B24: Myanmar | C24: female | D24: =TRIM(survey[[#This Row],[What is your gender?]]) -> female | E24: =PROPER(survey[[#This Row],[Trim_Gender]]) -> Female | F24: =LEFT(survey[[#This Row],[Proper_Gender]],1) -> F | G24: =LEFT(PROPER(TRIM(survey[[#This Row],[What is your gender?]])),1) -> F | H24: 28 | I24: {=_xlfn.IFS(survey[[#This Row],[age]]< 25,"20-25",survey[[#This Row],[age]] <30,"25-30",survey[[#This Row],[age]]<35,"30-35",survey[[#This Row],[age]]<40,"35-40")} -> 25-30 | J24: None | K24: Argentina | L24: Thiri
A25: 46221.55 | B25: Nepal | C25: Male | D25: =TRIM(survey[[#This Row],[What is your gender?]]) -> Male | E25: =PROPER(survey[[#This Row],[Trim_Gender]]) -> Male | F25: =LEFT(survey[[#This Row],[Proper_Gender]],1) -> M | G25: =LEFT(PROPER(TRIM(survey[[#This Row],[What is your gender?]])),1) -> M | H25: 26 | I25: {=_xlfn.IFS(survey[[#This Row],[age]]< 25,"20-25",survey[[#This Row],[age]] <30,"25-30",survey[[#This Row],[age]]<35,"30-35",survey[[#This Row],[age]]<40,"35-40")} -> 25-30 | J25: Argentina | K25: Argentina | L25: Barun
A26: 46221.55 | B26: Myanmar | C26: Female | D26: =TRIM(survey[[#This Row],[What is your gender?]]) -> Female | E26: =PROPER(survey[[#This Row],[Trim_Gender]]) -> Female | F26: =LEFT(survey[[#This Row],[Proper_Gender]],1) -> F | G26: =LEFT(PROPER(TRIM(survey[[#This Row],[What is your gender?]])),1) -> F | H26: 29 | I26: {=_xlfn.IFS(survey[[#This Row],[age]]< 25,"20-25",survey[[#This Row],[age]] <30,"25-30",survey[[#This Row],[age]]<35,"30-35",survey[[#This Row],[age]]<40,"35-40")} -> 25-30 | J26: None | K26: Argentina | L26: Nwenny
A27: 46221.55 | B27: Nepal | C27: Female | D27: =TRIM(survey[[#This Row],[What is your gender?]]) -> Female | E27: =PROPER(survey[[#This Row],[Trim_Gender]]) -> Female | F27: =LEFT(survey[[#This Row],[Proper_Gender]],1) -> F | G27: =LEFT(PROPER(TRIM(survey[[#This Row],[What is your gender?]])),1) -> F | H27: 27 | I27: {=_xlfn.IFS(survey[[#This Row],[age]]< 25,"20-25",survey[[#This Row],[age]] <30,"25-30",survey[[#This Row],[age]]<35,"30-35",survey[[#This Row],[age]]<40,"35-40")} -> 25-30 | J27: None | K27: Argentina | L27: Neha

Sheet world_cup
A1: Year | B1: Host | C1: rank Xlookup | D1: rank Vloolup | E1: Teams | F1: Champion | G1: Runner-Up | H1: TopScorrer | I1: Attendance | J1: Propularity | K1: AttendanceAvg | L1: Matches
A2: 1930 | B2: Uruguay | C2: =IFERROR(_xlfn.XLOOKUP(world_cup[[#This Row],[Host]],fifa_ranking_2026_06_08[team],fifa_ranking_2026_06_08[2026_rank]),999) -> 16 | D2: =IFERROR(VLOOKUP(world_cup[[#This Row],[Host]],fifa_ranking_2026_06_08[[team]:[previous_rank]],4,FALSE),999) -> 16 | E2: 13 | F2: Uruguay | G2: Argentina | H2: Guillermo Stábile - 8 | I2: 590549 | J2: =world_cup[[#This Row],[Attendance]]/world_cup[[#This Row],[Teams]] -> 45426.846 | K2: 32808 | L2: 18
A3: 1934 | B3: Italy | C3: =IFERROR(_xlfn.XLOOKUP(world_cup[[#This Row],[Host]],fifa_ranking_2026_06_08[team],fifa_ranking_2026_06_08[2026_rank]),999) -> 12 | D3: =IFERROR(VLOOKUP(world_cup[[#This Row],[Host]],fifa_ranking_2026_06_08[[team]:[previous_rank]],4,FALSE),999) -> 12 | E3: 16 | F3: Italy | G3: Czechoslovakia | H3: Oldřich Nejedlý - 5 | I3: 363000 | J3: =world_cup[[#This Row],[Attendance]]/world_cup[[#This Row],[Teams]] -> 22687.5 | K3: 21353 | L3: 17
A4: 1938 | B4: France | C4: =IFERROR(_xlfn.XLOOKUP(world_cup[[#This Row],[Host]],fifa_ranking_2026_06_08[team],fifa_ranking_2026_06_08[2026_rank]),999) -> 3 | D4: =IFERROR(VLOOKUP(world_cup[[#This Row],[Host]],fifa_ranking_2026_06_08[[team]:[previous_rank]],4,FALSE),999) -> 3 | E4: 16 | F4: Italy | G4: Hungary | H4: Leônidas - 7 | I4: 375700 | J4: =world_cup[[#This Row],[Attendance]]/world_cup[[#This Row],[Teams]] -> 23481.25 | K4: 20872 | L4: 18
A5: 1950 | B5: Brazil | C5: =IFERROR(_xlfn.XLOOKUP(world_cup[[#This Row],[Host]],fifa_ranking_2026_06_08[team],fifa_ranking_2026_06_08[2026_rank]),999) -> 6 | D5: =IFERROR(VLOOKUP(world_cup[[#This Row],[Host]],fifa_ranking_2026_06_08[[team]:[previous_rank]],4,FALSE),999) -> 6 | E5: 15 | F5: Uruguay | G5: Brazil | H5: Ademir - 8 | I5: 1045246 | J5: =world_cup[[#This Row],[Attendance]]/world_cup[[#This Row],[Teams]] -> 69683.067 | K5: 47511 | L5: 22
A6: 1954 | B6: Switzerland | C6: =IFERROR(_xlfn.XLOOKUP(world_cup[[#This Row],[Host]],fifa_ranking_2026_06_08[team],fifa_ranking_2026_06_08[2026_rank]),999) -> 19 | D6: =IFERROR(VLOOKUP(world_cup[[#This Row],[Host]],fifa_ranking_2026_06_08[[team]:[previous_rank]],4,FALSE),999) -> 19 | E6: 16 | F6: Germany | G6: Hungary | H6: Sándor Kocsis - 11 | I6: 768607 | J6: =world_cup[[#This Row],[Attendance]]/world_cup[[#This Row],[Teams]] -> 48037.938 | K6: 29562 | L6: 26
A7: 1958 | B7: Sweden | C7: =IFERROR(_xlfn.XLOOKUP(world_cup[[#This Row],[Host]],fifa_ranking_2026_06_08[team],fifa_ranking_2026_06_08[2026_rank]),999) -> 38 | D7: =IFERROR(VLOOKUP(world_cup[[#This Row],[Host]],fifa_ranking_2026_06_08[[team]:[previous_rank]],4,FALSE),999) -> 38 | E7: 16 | F7: Brazil | G7: Sweden | H7: Just Fontaine - 13 | I7: 819810 | J7: =world_cup[[#This Row],[Attendance]]/world_cup[[#This Row],[Teams]] -> 51238.125 | K7: 23423 | L7: 35
A8: 1962 | B8: Chile | C8: =IFERROR(_xlfn.XLOOKUP(world_cup[[#This Row],[Host]],fifa_ranking_2026_06_08[team],fifa_ranking_2026_06_08[2026_rank]),999) -> 55 | D8: =IFERROR(VLOOKUP(world_cup[[#This Row],[Host]],fifa_ranking_2026_06_08[[team]:[previous_rank]],4,FALSE),999) -> 55 | E8: 16 | F8: Brazil | G8: Czechoslovakia | H8: Leonel Sánchez, Flórián Albert... - 4 | I8: 893172 | J8: =world_cup[[#This Row],[Attendance]]/world_cup[[#This Row],[Teams]] -> 55823.25 | K8: 27912 | L8: 32
A9: 1966 | B9: England | C9: =IFERROR(_xlfn.XLOOKUP(world_cup[[#This Row],[Host]],fifa_ranking_2026_06_08[team],fifa_ranking_2026_06_08[2026_rank]),999) -> 4 | D9: =IFERROR(VLOOKUP(world_cup[[#This Row],[Host]],fifa_ranking_2026_06_08[[team]:[previous_rank]],4,FALSE),999) -> 4 | E9: 16 | F9: England | G9: West Germany | H9: Eusébio - 9 | I9: 1563135 | J9: =world_cup[[#This Row],[Attendance]]/world_cup[[#This Row],[Teams]] -> 97695.938 | K9: 48848 | L9: 32
A10: 1970 | B10: Mexico | C10: =IFERROR(_xlfn.XLOOKUP(world_cup[[#This Row],[Host]],fifa_ranking_2026_06_08[team],fifa_ranking_2026_06_08[2026_rank]),999) -> 14 | D10: =IFERROR(VLOOKUP(world_cup[[#This Row],[Host]],fifa_ranking_2026_06_08[[team]:[previous_rank]],4,FALSE),999) -> 14 | E10: 16 | F10: Brazil | G10: Italy | H10: Gerd Müller - 10 | I10: 1603975 | J10: =world_cup[[#This Row],[Attendance]]/world_cup[[#This Row],[Teams]] -> 100248.44 | K10: 50124 | L10: 32
A11: 1974 | B11: Germany | C11: =IFERROR(_xlfn.XLOOKUP(world_cup[[#This Row],[Host]],fifa_ranking_2026_06_08[team],fifa_ranking_2026_06_08[2026_rank]),999) -> 10 | D11: =IFERROR(VLOOKUP(world_cup[[#This Row],[Host]],fifa_ranking_2026_06_08[[team]:[previous_rank]],4,FALSE),999) -> 10 | E11: 16 | F11: West Germany | G11: Netherlands | H11: Grzegorz Lato - 7 | I11: 1865753 | J11: =world_cup[[#This Row],[Attendance]]/world_cup[[#This Row],[Teams]] -> 116609.56 | K11: 49099 | L11: 38
A12: 1978 | B12: Argentina | C12: =IFERROR(_xlfn.XLOOKUP(world_cup[[#This Row],[Host]],fifa_ranking_2026_06_08[team],fifa_ranking_2026_06_08[2026_rank]),999) -> 1 | D12: =IFERROR(VLOOKUP(world_cup[[#This Row],[Host]],fifa_ranking_2026_06_08[[team]:[previous_rank]],4,FALSE),999) -> 1 | E12: 16 | F12: Argentina | G12: Netherlands | H12: Mario Kempes - 6 | I12: 1545791 | J12: =world_cup[[#This Row],[Attendance]]/world_cup[[#This Row],[Teams]] -> 96611.938 | K12: 40679 | L12: 38
A13: 1982 | B13: Spain | C13: =IFERROR(_xlfn.XLOOKUP(world_cup[[#This Row],[Host]],fifa_ranking_2026_06_08[team],fifa_ranking_2026_06_08[2026_rank]),999) -> 2 | D13: =IFERROR(VLOOKUP(world_cup[[#This Row],[Host]],fifa_ranking_2026_06_08[[team]:[previous_rank]],4,FALSE),999) -> 2 | E13: 24 | F13: Italy | G13: West Germany | H13: Paolo Rossi - 6 | I13: 2109723 | J13: =world_cup[[#This Row],[Attendance]]/world_cup[[#This Row],[Teams]] -> 87905.125 | K13: 40572 | L13: 52
... A23: 2022 | B23: Qatar | C23: =IFERROR(_xlfn.XLOOKUP(world_cup[[#This Row],[Host]],fifa_ranking_2026_06_08[team],fifa_ranking_2026_06_08[2026_rank]),999) -> 57 | D23: =IFERROR(VLOOKUP(world_cup[[#This Row],[Host]],fifa_ranking_2026_06_08[[team]:[previous_rank]],4,FALSE),999) -> 57 | E23: 32 | F23: Argentina | G23: France | H23: Kylian Mbappé - 8 | I23: 3404252 | J23: =world_cup[[#This Row],[Attendance]]/world_cup[[#This Row],[Teams]] -> 106382.88 | K23: 53191 | L23: 64

Sheet fifa_ranking_2026-06-08
A1: team | B1: team_code | C1: association | D1: 2026_rank | E1: 2022_rank | F1: improve_rank | G1: previous_rank | H1: points | I1: previous_points | J1: rated_matches
A2: Argentina | B2: ARG | C2: CONMEBOL | D2: 1 | E2: {=_xlfn.XLOOKUP(fifa_ranking_2026_06_08[[#This Row],[team]],fifa_ranking_2022_10_06[[#All],[team]],fifa_ranking_2022_10_06[[#All],[rank]])} -> 3 | F2: =fifa_ranking_2026_06_08[[#This Row],[2022_rank]]-fifa_ranking_2026_06_08[[#This Row],[2026_rank]] -> 2 | G2: 3 | H2: 1876.1183 | I2: 1874.8148 | J2: 59
A3: Spain | B3: ESP | C3: UEFA | D3: 2 | E3: {=_xlfn.XLOOKUP(fifa_ranking_2026_06_08[[#This Row],[team]],fifa_ranking_2022_10_06[[#All],[team]],fifa_ranking_2022_10_06[[#All],[rank]])} -> 7 | F3: =fifa_ranking_2026_06_08[[#This Row],[2022_rank]]-fifa_ranking_2026_06_08[[#This Row],[2026_rank]] -> 5 | G3: 2 | H3: 1873.0132 | I3: 1876.3952 | J3: 56
A4: France | B4: FRA | C4: UEFA | D4: 3 | E4: {=_xlfn.XLOOKUP(fifa_ranking_2026_06_08[[#This Row],[team]],fifa_ranking_2022_10_06[[#All],[team]],fifa_ranking_2022_10_06[[#All],[rank]])} -> 4 | F4: =fifa_ranking_2026_06_08[[#This Row],[2022_rank]]-fifa_ranking_2026_06_08[[#This Row],[2026_rank]] -> 1 | G4: 1 | H4: 1869.4284 | I4: 1877.3227 | J4: 57
A5: England | B5: ENG | C5: UEFA | D5: 4 | E5: {=_xlfn.XLOOKUP(fifa_ranking_2026_06_08[[#This Row],[team]],fifa_ranking_2022_10_06[[#All],[team]],fifa_ranking_2022_10_06[[#All],[rank]])} -> 5 | F5: =fifa_ranking_2026_06_08[[#This Row],[2022_rank]]-fifa_ranking_2026_06_08[[#This Row],[2026_rank]] -> 1 | G5: 4 | H5: 1827.0487 | I5: 1825.9655 | J5: 57
A6: Portugal | B6: POR | C6: UEFA | D6: 5 | E6: {=_xlfn.XLOOKUP(fifa_ranking_2026_06_08[[#This Row],[team]],fifa_ranking_2022_10_06[[#All],[team]],fifa_ranking_2022_10_06[[#All],[rank]])} -> 9 | F6: =fifa_ranking_2026_06_08[[#This Row],[2022_rank]]-fifa_ranking_2026_06_08[[#This Row],[2026_rank]] -> 4 | G6: 5 | H6: 1766.1775 | I6: 1763.8344 | J6: 56
A7: Brazil | B7: BRA | C7: CONMEBOL | D7: 6 | E7: {=_xlfn.XLOOKUP(fifa_ranking_2026_06_08[[#This Row],[team]],fifa_ranking_2022_10_06[[#All],[team]],fifa_ranking_2022_10_06[[#All],[rank]])} -> 1 | F7: =fifa_ranking_2026_06_08[[#This Row],[2022_rank]]-fifa_ranking_2026_06_08[[#This Row],[2026_rank]] -> -5 | G7: 6 | H7: 1765.8563 | I7: 1761.1609 | J7: 55
A8: Morocco | B8: MAR | C8: CAF | D8: 7 | E8: {=_xlfn.XLOOKUP(fifa_ranking_2026_06_08[[#This Row],[team]],fifa_ranking_2022_10_06[[#All],[team]],fifa_ranking_2022_10_06[[#All],[rank]])} -> 22 | F8: =fifa_ranking_2026_06_08[[#This Row],[2022_rank]]-fifa_ranking_2026_06_08[[#This Row],[2026_rank]] -> 15 | G8: 8 | H8: 1755.1002 | I8: 1755.8684 | J8: 87
A9: Netherlands | B9: NED | C9: UEFA | D9: 8 | E9: {=_xlfn.XLOOKUP(fifa_ranking_2026_06_08[[#This Row],[team]],fifa_ranking_2022_10_06[[#All],[team]],fifa_ranking_2022_10_06[[#All],[rank]])} -> 8 | F9: =fifa_ranking_2026_06_08[[#This Row],[2022_rank]]-fifa_ranking_2026_06_08[[#This Row],[2026_rank]] -> 0 | G9: 7 | H9: 1751.0978 | I9: 1757.8744 | J9: 56
A10: Belgium | B10: BEL | C10: UEFA | D10: 9 | E10: {=_xlfn.XLOOKUP(fifa_ranking_2026_06_08[[#This Row],[team]],fifa_ranking_2022_10_06[[#All],[team]],fifa_ranking_2022_10_06[[#All],[rank]])} -> 2 | F10: =fifa_ranking_2026_06_08[[#This Row],[2022_rank]]-fifa_ranking_2026_06_08[[#This Row],[2026_rank]] -> -7 | G10: 9 | H10: 1742.2359 | I10: 1734.7148 | J10: 54
A11: Germany | B11: GER | C11: UEFA | D11: 10 | E11: {=_xlfn.XLOOKUP(fifa_ranking_2026_06_08[[#This Row],[team]],fifa_ranking_2022_10_06[[#All],[team]],fifa_ranking_2022_10_06[[#All],[rank]])} -> 11 | F11: =fifa_ranking_2026_06_08[[#This Row],[2022_rank]]-fifa_ranking_2026_06_08[[#This Row],[2026_rank]] -> 1 | G11: 10 | H11: 1735.772 | I11: 1730.3714 | J11: 55
A12: Croatia | B12: CRO | C12: UEFA | D12: 11 | E12: {=_xlfn.XLOOKUP(fifa_ranking_2026_06_08[[#This Row],[team]],fifa_ranking_2022_10_06[[#All],[team]],fifa_ranking_2022_10_06[[#All],[rank]])} -> 12 | F12: =fifa_ranking_2026_06_08[[#This Row],[2022_rank]]-fifa_ranking_2026_06_08[[#This Row],[2026_rank]] -> 1 | G12: 11 | H12: 1714.8656 | I12: 1717.0664 | J12: 57
A13: Italy | B13: ITA | C13: UEFA | D13: 12 | E13: {=_xlfn.XLOOKUP(fifa_ranking_2026_06_08[[#This Row],[team]],fifa_ranking_2022_10_06[[#All],[team]],fifa_ranking_2022_10_06[[#All],[rank]])} -> 6 | F13: =fifa_ranking_2026_06_08[[#This Row],[2022_rank]]-fifa_ranking_2026_06_08[[#This Row],[2026_rank]] -> -6 | G13: 12 | H13: 1704.7338 | I13: 1700.3708 | J13: 53
... A212: San Marino | B212: SMR | C212: UEFA | D212: 211 | E212: {=_xlfn.XLOOKUP(fifa_ranking_2026_06_08[[#This Row],[team]],fifa_ranking_2022_10_06[[#All],[team]],fifa_ranking_2022_10_06[[#All],[rank]])} -> 211 | F212: =fifa_ranking_2026_06_08[[#This Row],[2022_rank]]-fifa_ranking_2026_06_08[[#This Row],[2026_rank]] -> 0 | G212: 211 | H212: 722.93373 | I212: 726.3306 | J212: 46

Sheet fifa_ranking_2022-10-06
A1: team | B1: team_code | C1: association | D1: rank | E1: previous_rank | F1: points | G1: previous_points
A2: Brazil | B2: BRA | C2: CONMEBOL | D2: 1 | E2: 1 | F2: 1841.3 | G2: 1837.56
A3: Belgium | B3: BEL | C3: UEFA | D3: 2 | E3: 2 | F3: 1816.71 | G3: 1821.92
A4: Argentina | B4: ARG | C4: CONMEBOL | D4: 3 | E4: 3 | F4: 1773.88 | G4: 1770.65
A5: France | B5: FRA | C5: UEFA | D5: 4 | E5: 4 | F5: 1759.78 | G5: 1764.85
A6: England | B6: ENG | C6: UEFA | D6: 5 | E6: 5 | F6: 1728.47 | G6: 1737.46
A7: Italy | B7: ITA | C7: UEFA | D7: 6 | E7: 7 | F7: 1726.14 | G7: 1713.86
A8: Spain | B8: ESP | C8: UEFA | D8: 7 | E8: 6 | F8: 1715.22 | G8: 1716.93
A9: Netherlands | B9: NED | C9: UEFA | D9: 8 | E9: 8 | F9: 1694.51 | G9: 1679.41
A10: Portugal | B10: POR | C10: UEFA | D10: 9 | E10: 9 | F10: 1676.56 | G10: 1678.65
A11: Denmark | B11: DEN | C11: UEFA | D11: 10 | E11: 10 | F11: 1666.57 | G11: 1665.47
A12: Germany | B12: GER | C12: UEFA | D12: 11 | E12: 11 | F12: 1650.21 | G12: 1658.96
A13: Croatia | B13: CRO | C13: UEFA | D13: 12 | E13: 15 | F13: 1645.64 | G13: 1632.15
... A212: San Marino | B212: SMR | C212: UEFA | D212: 211 | E212: 211 | F212: 762.22 | G212: 763.82

Sheet summary
C3: 2026 | D3: 2022
B4: Average Points | C4: =AVERAGE(fifa_ranking_2026_06_08[points]) -> 1229.9802 | D4: =AVERAGE(fifa_ranking_2022_10_06[points]) -> 1220.6873
B5: Min Points | C5: =MIN(fifa_ranking_2026_06_08[points]) -> 722.93373 | D5: =MIN(fifa_ranking_2022_10_06[points]) -> 762.22
B6: Max Point | C6: =MAX(fifa_ranking_2026_06_08[points]) -> 1876.1183 | D6: =MAX(fifa_ranking_2022_10_06[points]) -> 1841.3
B7: Median | C7: =MEDIAN(fifa_ranking_2026_06_08[points]) -> 1191.6554 | D7: =MEDIAN(fifa_ranking_2022_10_06[points]) -> 1192.09

Sheet pivot
A3: Row Labels | B3: Average of home_score | C3: Average of away_score | D3: Sum of Total Goals | G3: Row Labels | H3: Average of home_score | I3: Average of away_score | J3: Sum of Total Goals
A4: Final | B4: 2.3333333 | C4: 1.4761905 | D4: 80 | G4: Final | H4: 2.3333333 | I4: 1.4761905 | J4: 80
A5: Final stage | B5: 3.8333333 | C5: 1.3333333 | D5: 31 | G5: Final stage | H5: 3.8333333 | I5: 1.3333333 | J5: 31
A6: First group stage | B6: 1.9722222 | C6: 0.80555556 | D6: 100 | G6: First group stage | H6: 1.9722222 | I6: 0.80555556 | J6: 100
A7: First round | B7: 1.6458333 | C7: 0.91666667 | D7: 123 | G7: First round | H7: 1.6458333 | I7: 0.91666667 | J7: 123
A8: Group stage | B8: 1.6422487 | C8: 1.0221465 | D8: 1564 | G8: Group stage | H8: 1.6422487 | I8: 1.0221465 | J8: 1564
A9: Group stage play-off | B9: 3.2 | C9: 1 | D9: 21 | G9: Group stage play-off | H9: 3.2 | I9: 1 | J9: 21
A10: Quarter-finals | B10: 1.7285714 | C10: 1.0714286 | D10: 196 | G10: Quarter-finals | H10: 1.7285714 | I10: 1.0714286 | J10: 196
A11: Round of 16 | B11: 2.0412371 | C11: 1.0824742 | D11: 303 | G11: Round of 16 | H11: 2.0412371 | I11: 1.0824742 | J11: 303
A12: Second group stage | B12: 1.4166667 | C12: 1 | D12: 29 | G12: Second group stage | H12: 1.4166667 | I12: 1 | J12: 29
A13: Second round | B13: 1.875 | C13: 0.83333333 | D13: 65 | G13: Second round | H13: 1.875 | I13: 0.83333333 | J13: 65
A14: Semi-finals | B14: 2.1842105 | C14: 1.2894737 | D14: 132 | G14: Semi-finals | H14: 2.1842105 | I14: 1.2894737 | J14: 132
A15: Third-place match | B15: 2.35 | C15: 1.45 | D15: 76 | G15: Third-place match | H15: 2.35 | I15: 1.45 | J15: 76
A16: Grand Total | B16: 1.776971 | C16: 1.0446058 | D16: 2720 | G16: Grand Total | H16: 1.776971 | I16: 1.0446058 | J16: 2720
A23: Row Labels | B23: Sum of Total Goals
A24: 1930-1939 | B24: 224
A25: 1950-1959 | B25: 354
A26: 1960-1969 | B26: 178
A27: 1970-1979 | B27: 294
A28: 1980-1989 | B28: 278
A29: 1990-1999 | B29: 427
A30: 2000-2009 | B30: 308
A31: 2010-2019 | B31: 485
A32: 2020-2029 | B32: 172
A33: Grand Total | B33: 2720
A39: Row Labels | B39: Sum of Total Goals
A40: Final | B40: 80
A41: Final stage | B41: 31
A42: First group stage | B42: 100
A43: First round | B43: 123
A44: Group stage | B44: 1564
A45: Group stage play-off | B45: 21
A46: Quarter-finals | B46: 196
A47: Round of 16 | B47: 303
A48: Second group stage | B48: 29
A49: Second round | B49: 65
A50: Semi-finals | B50: 132
A51: Third-place match | B51: 76
A52: Grand Total | B52: 2720
A85: Row Labels | B85: Sum of Propularity | M85: Row Labels | N85: Average of AttendanceAvg
A86: Germany | B86: 0.25293016 | G86: Row Labels | H86: Count of Champion | M86: 1930 | N86: 32808
A87: Mexico | B87: 0.22850444 | G87: Brazil | H87: 5 | M87: 1934 | N87: 21353
A88: Brazil | B88: 0.20207429 | G88: Italy | H88: 4 | M88: 1938 | N88: 20872
A89: United States | B89: 0.17078531 | G89: Argentina | H89: 3 | M89: 1950 | N89: 47511
A90: Italy | B90: 0.14570581 | G90: Uruguay | H90: 2 | M90: 1954 | N90: 29562
A91: Grand Total | B91: 1 | G91: West Germany | H91: 2 | M91: 1958 | N91: 23423
G92: France | H92: 2 | M92: 1962 | N92: 27912
G93: Germany | H93: 2 | M93: 1966 | N93: 48848
G94: Grand Total | H94: 20 | M94: 1970 | N94: 50124
M95: 1974 | N95: 49099
M96: 1978 | N96: 40679
M97: 1982 | N97: 40572
M98: 1986 | N98: 46039
M99: 1990 | N99: 48389
M100: 1994 | N100: 68991
M101: 1998 | N101: 45367
M102: 2002 | N102: 42271
M103: 2006 | N103: 52384
M104: 2010 | N104: 49670
M105: 2014 | N105: 53592
M106: 2018 | N106: 47371
M107: 2022 | N107: 53191
M108: Grand Total | N108: 42728.545
A112: Row Labels | B112: Max of 2026_rank | C112: Max of 2022_rank | F112: Row Labels | G112: Max of 2026_rank | H112: Max of 2022_rank
A113: Argentina | B113: 1 | C113: 3 | F113: Argentina | G113: 1 | H113: 3
A114: Spain | B114: 2 | C114: 7 | F114: Spain | G114: 2 | H114: 7
A115: France | B115: 3 | C115: 4 | F115: France | G115: 3 | H115: 4
A116: England | B116: 4 | C116: 5 | F116: England | G116: 4 | H116: 5
A117: Portugal | B117: 5 | C117: 9 | F117: Portugal | G117: 5 | H117: 9
A118: Grand Total | B118: 5 | C118: 9 | F118: Grand Total | G118: 5 | H118: 9

Sheet Dashboard
A1: World Cup Dashboard
A4: Average Points | C4: Max Points | E4: Min Points | G4: Avg.Home Score | H4: Avg.Away Score | I4: Total_Goals
A5: 2022 | B5: 2026 | C5: 2022 | D5: 2026 | E5: 2022 | F5: 2026 | H5: 2026 | I5: 2026
A6: =summary!D4 -> 1220.6873 | B6: =summary!C4 -> 1229.9802 | C6: =summary!D6 -> 1841.3 | D6: =summary!C6 -> 1876.1183 | E6: =summary!D5 -> 762.22 | F6: =summary!C5 -> 722.93373 | G6: =GETPIVOTDATA("Average of home_score",pivot!$A$3) -> 1.776971 | H6: =GETPIVOTDATA("Average of away_score",pivot!$A$3) -> 1.0446058 | I6: =GETPIVOTDATA("Sum of Total Goals",pivot!$A$3) -> 2720
I21: Comparasion of Ranking
I23: Teams | J23: Top Rank 2026 | K23: Top Rank 2022
I24: Argentina | J24: 1 | K24: 3
I25: Spain | J25: 2 | K25: 7
I26: France | J26: 3 | K26: 4
I27: England | J27: 4 | K27: 5
I28: Portugal | J28: 5 | K28: 9
I29: Brazil | J29: 6 | K29: 1
I30: Morocco | J30: 7 | K30: 22
I31: Grand Total | J31: 7 | K31: 22

Sheet matches_1930_2022
A1: home_team | B1: away_team | C1: home_score | D1: home_xg | E1: home_penalty | F1: away_score | G1: away_xg | H1: away_penalty | I1: home_manager | J1: home_captain | K1: away_manager | L1: away_captain | M1: Attendance | N1: Venue | O1: Officials | P1: Round | Q1: Date | R1: Score | S1: Referee | T1: Notes | U1: Host | V1: Year | W1: home_goal | X1: away_goal | Y1: home_goal_long | Z1: away_goal_long | AA1: home_own_goal | AB1: away_own_goal | AC1: home_penalty_goal | AD1: away_penalty_goal | AE1: home_penalty_miss_long | AF1: away_penalty_miss_long | AG1: home_penalty_shootout_goal_long | AH1: away_penalty_shootout_goal_long | AI1: home_penalty_shootout_miss_long | AJ1: away_penalty_shootout_miss_long | AK1: home_red_card | AL1: away_red_card | AM1: home_yellow_red_card | AN1: away_yellow_red_card | AO1: home_yellow_card_long | AP1: away_yellow_card_long | AQ1: home_substitute_in_long | AR1: away_substitute_in_long
A2: Argentina | B2: France | C2: 3 | D2: 3.3 | E2: 4 | F2: 3 | G2: 2.2 | H2: 2 | I2: Lionel Scaloni | J2: Lionel Messi | K2: Didier Deschamps | L2: Hugo Lloris | M2: 88966 | N2: Lusail Iconic Stadium, Lusail | O2: Szymon Marciniak (Referee) · Paweł Sokolnicki (AR1) · Tomasz Listkiewicz (AR2) · Ismail Elfath (4th) · Tomasz Kwiatkowski (VAR) | P2: Final | Q2: 44913 | R2: (4) 3–3 (2) | S2: Szymon Marciniak | T2: Argentina won on penalty kicks following extra time | U2: Qatar | V2: 2022 | W2: Ángel Di María · 36|Lionel Messi · 108 | X2: Kylian Mbappé · 81 | Y2: ['36&rsquor;|2:0|Ángel Di María|Assist:|Alexis Mac Allister', '108&rsquor;|3:2|Lionel Messi'] | Z2: ['81&rsquor;|2:2|Kylian Mbappé|Assist:|Marcus Thuram'] | AC2: Lionel Messi (P) · 23 | AD2: Kylian Mbappé (P) · 80|Kylian Mbappé (P) · 118 | AG2: ['2|1:1|Lionel Messi', '4|2:1|Paulo Dybala', '6|3:1|Leandro Paredes', '8|4:2|Gonzalo Montiel'] | AH2: ['1|0:1|Kylian Mbappé', '7|3:2|Randal Kolo Muani'] | AJ2: ['3|1:1|Kingsley Coman', '5|2:1|Aurélien Tchouaméni'] | AO2: ['45+7&rsquor;|2:0|Enzo Fernández', '90+8&rsquor;|2:2|Marcos Acuña', '114&rsquor;|3:2|Leandro Paredes', '116&rsquor;|3:2|Gonzalo Montiel', '120+4&rsquor;|3:3|Emiliano Martínez'] | AP2: ['55&rsquor;|2:0|Adrien Rabiot', '87&rsquor;|2:2|Marcus Thuram', '90+5&rsquor;|2:2|Olivier Giroud'] | AQ2: ['64&rsquor;|2:0|Marcos Acuña|for Ángel Di María', '91&rsquor;|2:2|Gonzalo Montiel|for Nahuel Molina', '102&rsquor;|2:2|Leandro Paredes|for Rodrigo De Paul', '103&rsquor;|2:2|Lautaro Martínez|for Julián Álvarez', '116&rsquor;|3:2|Germán Pezzella|for Alexis Mac Allister', '120+1&rsquor;|3:3|Paulo Dybala|for Nicolás Tagliafico'] | AR2: ['41&rsquor;|2:0|Randal Kolo Muani|for Ousmane Dembélé', '41&rsquor;|2:0|Marcus Thuram|for Olivier Giroud', '71&rsquor;|2:0|Eduardo Camavinga|for Theo Hernández', '71&rsquor;|2:0|Kingsley Coman|for Antoine Griezmann', '96&rsquor;|2:2|Youssouf Fofana|for Adrien Rabiot', '113&rsquor;|3:2|Ibrahima Konaté|for Raphaël Varane', '120+1&rsquor;|3:3|Axel Disasi|for Jules Koundé']
A3: Croatia | B3: Morocco | C3: 2 | D3: 0.7 | F3: 1 | G3: 1.2 | I3: Zlatko Dalić | J3: Luka Modrić | K3: Hoalid Regragui | L3: Hakim Ziyech | M3: 44137 | N3: Khalifa International Stadium, Doha | O3: Abdulrahman Ibrahim Al Jassim (Referee) · Taleb Salem Al Marri (AR1) · Saoud Ahmed Al Maqaleh (AR2) · Raphael Claus (4th) · Julio Bascuñán (VAR) | P3: Third-place match | Q3: 44912 | R3: 2–1 | S3: Abdulrahman Ibrahim Al Jassim | U3: Qatar | V3: 2022 | W3: Joško Gvardiol · 7|Mislav Oršić · 42 | X3: Achraf Dari · 9 | Y3: ['7&rsquor;|1:0|Joško Gvardiol|Assist:|Ivan Perišić', '42&rsquor;|2:1|Mislav Oršić|Assist:|Marko Livaja'] | Z3: ['9&rsquor;|1:1|Achraf Dari'] | AP3: ['69&rsquor;|2:1|Azzedine Ounahi', '84&rsquor;|2:1|Selim Amallah'] | AQ3: ['61&rsquor;|2:1|Nikola Vlašić|for Andrej Kramarić', '66&rsquor;|2:1|Bruno Petković|for Marko Livaja', '66&rsquor;|2:1|Mario Pašalić|for Lovro Majer', '90+5&rsquor;|2:1|Kristijan Jakić|for Mislav Oršić'] | AR3: ['46&rsquor;|2:1|Ilias Chair|for Abdelhamid Sabiri', '56&rsquor;|2:1|Azzedine Ounahi|for Bilal El Khannous', '64&rsquor;|2:1|Anass Zaroury|for Sofiane Boufal', '64&rsquor;|2:1|Badr Banoun|for Achraf Dari', '66&rsquor;|2:1|Selim Amallah|for Jawad El Yamiq']
A4: France | B4: Morocco | C4: 2 | D4: 2 | F4: 0 | G4: 0.9 | I4: Didier Deschamps | J4: Hugo Lloris | K4: Hoalid Regragui | L4: Romain Saïss | M4: 68294 | N4: Al Bayt Stadium, Al Khor | O4: César Arturo Ramos (Referee) · Alberto Morín (AR1) · Miguel Ángel Hernández (AR2) · Jesús Valenzuela (4th) · Drew Fischer (VAR) | P4: Semi-finals | Q4: 44909 | R4: 2–0 | S4: César Arturo Ramos | U4: Qatar | V4: 2022 | W4: Theo Hernández · 5|Randal Kolo Muani · 79 | Y4: ['5&rsquor;|1:0|Theo Hernández', '79&rsquor;|2:0|Randal Kolo Muani'] | AP4: ['27&rsquor;|1:0|Sofiane Boufal'] | AQ4: ['65&rsquor;|1:0|Marcus Thuram|for Olivier Giroud', '79&rsquor;|1:0|Randal Kolo Muani|for Ousmane Dembélé'] | AR4: ['21&rsquor;|1:0|Selim Amallah|for Romain Saïss', '46&rsquor;|1:0|Yahya Attiat Allah|for Noussair Mazraoui', '66&rsquor;|1:0|Abderrazak Hamdallah|for Youssef En-Nesyri', '66&rsquor;|1:0|Zakaria Aboukhlal|for Sofiane Boufal', '78&rsquor;|1:0|Abdessamad Ezzalzouli|for Selim Amallah']
A5: Argentina | B5: Croatia | C5: 3 | D5: 2.3 | F5: 0 | G5: 0.5 | I5: Lionel Scaloni | J5: Lionel Messi | K5: Zlatko Dalić | L5: Luka Modrić | M5: 88966 | N5: Lusail Iconic Stadium, Lusail | O5: Daniele Orsato (Referee) · Ciro Carbone (AR1) · Alessandro Giallatini (AR2) · Mohammed Abdulla Hassan (4th) · Massimiliano Irrati (VAR) | P5: Semi-finals | Q5: 44908 | R5: 3–0 | S5: Daniele Orsato | U5: Qatar | V5: 2022 | W5: Julián Álvarez · 39|Julián Álvarez · 69 | Y5: ['39&rsquor;|2:0|Julián Álvarez', '69&rsquor;|3:0|Julián Álvarez|Assist:|Lionel Messi'] | AC5: Lionel Messi (P) · 34 | AO5: ['68&rsquor;|2:0|Cristian Romero', '71&rsquor;|3:0|Nicolás Otamendi'] | AP5: ['32&rsquor;|0:0|Mateo Kovačić', '32&rsquor;|0:0|Dominik Livaković'] | AQ5: ['62&rsquor;|2:0|Lisandro Martínez|for Leandro Paredes', '74&rsquor;|3:0|Exequiel Palacios|for Rodrigo De Paul', '74&rsquor;|3:0|Paulo Dybala|for Julián Álvarez', '86&rsquor;|3:0|Ángel Correa|for Alexis Mac Allister', '86&rsquor;|3:0|Juan Foyth|for Nahuel Molina'] | AR5: ['46&rsquor;|2:0|Mislav Oršić|for Borna Sosa', '46&rsquor;|2:0|Nikola Vlašić|for Mario Pašalić', '50&rsquor;|2:0|Bruno Petković|for Marcelo Brozović', '72&rsquor;|3:0|Marko Livaja|for Andrej Kramarić', '81&rsquor;|3:0|Lovro Majer|for Luka Modrić']
A6: Morocco | B6: Portugal | C6: 1 | D6: 1.4 | F6: 0 | G6: 0.9 | I6: Hoalid Regragui | J6: Romain Saïss | K6: Fernando Santos | L6: Pepe | M6: 44198 | N6: Al Thumama Stadium, ath-Thumāma | O6: Facundo Tello (Referee) · Ezequiel Brailovsky (AR1) · Gabriel Chade (AR2) · Iván Barton (4th) · Mauro Vigliano (VAR) | P6: Quarter-finals | Q6: 44905 | R6: 1–0 | S6: Facundo Tello | U6: Qatar | V6: 2022 | W6: Youssef En-Nesyri · 42 | Y6: ['42&rsquor;|1:0|Youssef En-Nesyri|Assist:|Yahya Attiat Allah'] | AM6: Walid Cheddira · 90+3 | AO6: ['70&rsquor;|1:0|Achraf Dari', '90+1&rsquor;|1:0|Walid Cheddira'] | AP6: ['87&rsquor;|1:0|Vitinha'] | AQ6: ['57&rsquor;|1:0|Achraf Dari|for Romain Saïss', '65&rsquor;|1:0|Walid Cheddira|for Selim Amallah', '65&rsquor;|1:0|Badr Banoun|for Youssef En-Nesyri', '81&rsquor;|1:0|Zakaria Aboukhlal|for Hakim Ziyech', '82&rsquor;|1:0|Yahya Jabrane|for Sofiane Boufal'] | AR6: ['51&rsquor;|1:0|João Cancelo|for Raphaël Guerreiro', '51&rsquor;|1:0|Cristiano Ronaldo|for Rúben Neves', '69&rsquor;|1:0|Vitinha|for Otávio', '69&rsquor;|1:0|Rafael Leão|for Gonçalo Ramos', '79&rsquor;|1:0|Ricardo Horta|for Diogo Dalot']
A7: England | B7: France | C7: 1 | D7: 2.4 | F7: 2 | G7: 0.9 | I7: Gareth Southgate | J7: Harry Kane | K7: Didier Deschamps | L7: Hugo Lloris | M7: 68895 | N7: Al Bayt Stadium, Al Khor | O7: Wilton Sampaio (Referee) · Bruno Boschilia (AR1) · Bruno Pires (AR2) · Mohammed Abdulla Hassan (4th) · Nicolás Gallo (VAR) | P7: Quarter-finals | Q7: 44905 | R7: 1–2 | S7: Wilton Sampaio | U7: Qatar | V7: 2022 | X7: Aurélien Tchouaméni · 17|Olivier Giroud · 78 | Z7: ['17&rsquor;|0:1|Aurélien Tchouaméni|Assist:|Antoine Griezmann', '78&rsquor;|1:2|Olivier Giroud|Assist:|Antoine Griezmann'] | AC7: Harry Kane (P) · 54 | AE7: ['84&rsquor;|1:2|Harry Kane|Penalty Miss'] | AO7: ['90&rsquor;|1:2|Harry Maguire'] | AP7: ['43&rsquor;|0:1|Antoine Griezmann', '47&rsquor;|0:1|Ousmane Dembélé', '82&rsquor;|1:2|Theo Hernández'] | AQ7: ['79&rsquor;|1:2|Raheem Sterling|for Bukayo Saka', '79&rsquor;|1:2|Mason Mount|for Jordan Henderson', '85&rsquor;|1:2|Marcus Rashford|for Phil Foden', '90+8&rsquor;|1:2|Jack Grealish|for John Stones'] | AR7: ['79&rsquor;|1:2|Kingsley Coman|for Ousmane Dembélé']
A8: Croatia | B8: Brazil | C8: 1 | D8: 0.6 | E8: 4 | F8: 1 | G8: 2.5 | H8: 2 | I8: Zlatko Dalić | J8: Luka Modrić | K8: Tite | L8: Thiago Silva | M8: 43893 | N8: Education City Stadium, Doha | O8: Michael Oliver (Referee) · Stuart Burt (AR1) · Gary Beswick (AR2) · Mustapha Ghorbal (4th) · Pol van Boekel (VAR) | P8: Quarter-finals | Q8: 44904 | R8: (4) 1–1 (2) | S8: Michael Oliver | T8: Croatia won on penalty kicks following extra time | U8: Qatar | V8: 2022 | W8: Bruno Petković · 117 | X8: Neymar · 105+1 | Y8: ['117&rsquor;|1:1|Bruno Petković|Assist:|Mislav Oršić'] | Z8: ['105+1&rsquor;|0:1|Neymar|Assist:|Lucas Paquetá'] | AG8: ['1|1:0|Nikola Vlašić', '3|2:0|Lovro Majer', '5|3:1|Luka Modrić', '7|4:2|Mislav Oršić'] | AH8: ['4|2:1|Casemiro', '6|3:2|Pedro'] | AJ8: ['2|1:0|Rodrygo', '8|4:2|Marquinhos'] | AO8: ['31&rsquor;|0:0|Marcelo Brozović', '117&rsquor;|1:1|Bruno Petković'] | AP8: ['25&rsquor;|0:0|Danilo', '68&rsquor;|0:0|Casemiro', '77&rsquor;|0:0|Marquinhos'] | AQ8: ['72&rsquor;|0:0|Nikola Vlašić|for Mario Pašalić', '72&rsquor;|0:0|Bruno Petković|for Andrej Kramarić', '106&rsquor;|0:1|Lovro Majer|for Mateo Kovačić', '110&rsquor;|0:1|Ante Budimir|for Borna Sosa', '114&rsquor;|0:1|Mislav Oršić|for Marcelo Brozović'] | AR8: ['56&rsquor;|0:0|Antony|for Raphinha', '64&rsquor;|0:0|Rodrygo|for Vinicius Júnior', '84&rsquor;|0:0|Pedro|for Richarlison', '106&rsquor;|0:1|Alex Sandro|for Éder Militão', '106&rsquor;|0:1|Fred|for Lucas Paquetá']
A9: Netherlands | B9: Argentina | C9: 2 | D9: 0.6 | E9: 3 | F9: 2 | G9: 1.9 | H9: 4 | I9: Louis van Gaal | J9: Virgil van Dijk | K9: Lionel Scaloni | L9: Lionel Messi | M9: 88235 | N9: Lusail Iconic Stadium, Lusail | O9: Antonio Matéu (Referee) · Pau Cebrián (AR1) · Roberto Díaz (AR2) · Victor Gomes (4th) · Alejandro Hernández (VAR) | P9: Quarter-finals | Q9: 44904 | R9: (3) 2–2 (4) | S9: Antonio Matéu | T9: Argentina won on penalty kicks following extra time | U9: Qatar | V9: 2022 | W9: Wout Weghorst · 83|Wout Weghorst · 90+11 | X9: Nahuel Molina · 35 | Y9: ['83&rsquor;|1:2|Wout Weghorst|Assist:|Steven Berghuis', '90+11&rsquor;|2:2|Wout Weghorst|Assist:|Teun Koopmeiners'] | Z9: ['35&rsquor;|0:1|Nahuel Molina|Assist:|Lionel Messi'] | AD9: Lionel Messi (P) · 73 | AG9: ['5|1:2|Teun Koopmeiners', '7|2:3|Wout Weghorst', '9|3:3|Luuk de Jong'] | AH9: ['2|0:1|Lionel Messi', '4|0:2|Leandro Paredes', '6|1:3|Gonzalo Montiel', '10|3:4|Lautaro Martínez'] | AI9: ['1|0:0|Virgil van Dijk', '3|0:1|Steven Berghuis'] | AJ9: ['8|2:3|Enzo Fernández'] | AM9: Denzel Dumfries · 120+3 | AO9: ['43&rsquor;|0:1|Jurriën Timber', '45+2&rsquor;|0:1|Wout Weghorst', '75&rsquor;|0:2|Memphis', '88&rsquor;|1:2|Steven Berghuis', '90+12&rsquor;|2:2|Steven Bergwijn', '120+2&rsquor;|2:2|Noa Lang', '120+2&rsquor;|2:2|Denzel Dumfries'] | AP9: ['31&rsquor;|0:0|Walter Samuel', '43&rsquor;|0:1|Marcos Acuña', '45&rsquor;|0:1|Cristian Romero', '75&rsquor;|0:2|Lisandro Martínez', '89&rsquor;|1:2|Leandro Paredes', '90&rsquor;|1:2|Lionel Scaloni', '90+10&rsquor;|1:2|Lionel Messi', '90+12&rsquor;|2:2|Nicolás Otamendi', '109&rsquor;|2:2|Gonzalo Montiel', '112&rsquor;|2:2|Germán Pezzella'] | AQ9: ['46&rsquor;|0:1|Steven Berghuis|for Steven Bergwijn', '46&rsquor;|0:1|Teun Koopmeiners|for Marten de Roon', '64&rsquor;|0:1|Luuk de Jong|for Daley Blind', '78&rsquor;|0:2|Wout Weghorst|for Memphis', '113&rsquor;|2:2|Noa Lang|for Cody Gakpo'] | AR9: ['66&rsquor;|0:1|Leandro Paredes|for Rodrigo De Paul', '78&rsquor;|0:2|Nicolás Tagliafico|for Marcos Acuña', '78&rsquor;|0:2|Germán Pezzella|for Cristian Romero', '82&rsquor;|0:2|Lautaro Martínez|for Julián Álvarez', '106&rsquor;|2:2|Gonzalo Montiel|for Nahuel Molina', '112&rsquor;|2:2|Ángel Di María|for Lisandro Martínez']
A10: Morocco | B10: Spain | C10: 0 | D10: 0.7 | E10: 3 | F10: 0 | G10: 1 | H10: 0 | I10: Hoalid Regragui | J10: Romain Saïss | K10: Luis Enrique | L10: Sergio Busquets | M10: 44667 | N10: Education City Stadium, Doha | O10: Fernando Rapallini (Referee) · Juan Pablo Belatti (AR1) · Diego Bonfá (AR2) · Raphael Claus (4th) · Mauro Vigliano (VAR) | P10: Round of 16 | Q10: 44901 | R10: (3) 0–0 (0) | S10: Fernando Rapallini | T10: Morocco won on penalty kicks following extra time | U10: Qatar | V10: 2022 | AG10: ['1|1:0|Abdelhamid Sabiri', '3|2:0|Hakim Ziyech', '7|3:0|Achraf Hakimi'] | AI10: ['5|2:0|Badr Banoun'] | AJ10: ['2|1:0|Pablo Sarabia', '4|2:0|Carlos Soler', '6|2:0|Sergio Busquets'] | AO10: ['90&rsquor;|0:0|Romain Saïss'] | AP10: ['77&rsquor;|0:0|Aymeric Laporte'] | AQ10: ['66&rsquor;|0:0|Abdessamad Ezzalzouli|for Sofiane Boufal', '82&rsquor;|0:0|Walid Cheddira|for Selim Amallah', '82&rsquor;|0:0|Abdelhamid Sabiri|for Youssef En-Nesyri', '82&rsquor;|0:0|Yahya Attiat Allah|for Noussair Mazraoui', '84&rsquor;|0:0|Jawad El Yamiq|for Nayef Aguerd', '120&rsquor;|0:0|Badr Banoun|for Azzedine Ounahi'] | AR10: ['63&rsquor;|0:0|Álvaro Morata|for Marco Asensio', '63&rsquor;|0:0|Carlos Soler|for Gavi', '75&rsquor;|0:0|Nico Williams|for Ferrán Torres', '98&rsquor;|0:0|Ansu Fati|for Dani Olmo', '98&rsquor;|0:0|Alejandro Balde|for Jordi Alba', '118&rsquor;|0:0|Pablo Sarabia|for Nico Williams']
A11: Portugal | B11: Switzerland | C11: 6 | D11: 2.3 | F11: 1 | G11: 1.2 | I11: Fernando Santos | J11: Pepe | K11: Murat Yakin | L11: Granit Xhaka | M11: 83720 | N11: Lusail Iconic Stadium, Lusail | O11: César Arturo Ramos (Referee) · Alberto Morín (AR1) · Miguel Ángel Hernández (AR2) · István Kovács (4th) · Drew Fischer (VAR) | P11: Round of 16 | Q11: 44901 | R11: 6–1 | S11: César Arturo Ramos | U11: Qatar | V11: 2022 | W11: Gonçalo Ramos · 17|Pepe · 33|Gonçalo Ramos · 51|Raphaël Guerreiro · 55|Gonçalo Ramos · 67|Rafael Leão · 90+2 | X11: Manuel Akanji · 58 | Y11: ['17&rsquor;|1:0|Gonçalo Ramos|Assist:|João Félix', '33&rsquor;|2:0|Pepe|Assist:|Bruno Fernandes', '51&rsquor;|3:0|Gonçalo Ramos|Assist:|Diogo Dalot', '55&rsquor;|4:0|Raphaël Guerreiro|Assist:|Gonçalo Ramos', '67&rsquor;|5:1|Gonçalo Ramos|Assist:|João Félix', '90+2&rsquor;|6:1|Rafael Leão|Assist:|Raphaël Guerreiro'] | Z11: ['58&rsquor;|4:1|Manuel Akanji'] | AP11: ['43&rsquor;|2:0|Fabian Schär', '59&rsquor;|4:1|Eray Cömert'] | AQ11: ['73&rsquor;|5:1|Cristiano Ronaldo|for Gonçalo Ramos', '74&rsquor;|5:1|Ricardo Horta|for João Félix', '74&rsquor;|5:1|Vitinha|for Otávio', '81&rsquor;|5:1|Rúben Neves|for Bernardo Silva', '87&rsquor;|5:1|Rafael Leão|for Bruno Fernandes'] | AR11: ['46&rsquor;|2:0|Eray Cömert|for Fabian Schär', '54&rsquor;|3:0|Denis Zakaria|for Remo Freuler', '54&rsquor;|3:0|Haris Seferović|for Djibril Sow', '66&rsquor;|4:1|Noah Okafor|for Ruben Vargas', '89&rsquor;|5:1|Ardon Jasari|for Breel Embolo']
A12: Japan | B12: Croatia | C12: 1 | D12: 1.2 | E12: 1 | F12: 1 | G12: 1.4 | H12: 3 | I12: Hajime Moriyasu | J12: Maya Yoshida | K12: Zlatko Dalić | L12: Luka Modrić | M12: 42523 | N12: Al Janoub Stadium, Al Wakrah | O12: Ismail Elfath (Referee) · Corey Parker (AR1) · Kyle Atkins (AR2) · Mustapha Ghorbal (4th) · Nicolás Gallo (VAR) | P12: Round of 16 | Q12: 44900 | R12: (1) 1–1 (3) | S12: Ismail Elfath | T12: Croatia won on penalty kicks following extra time | U12: Qatar | V12: 2022 | W12: Daizen Maeda · 43 | X12: Ivan Perišić · 55 | Y12: ['43&rsquor;|1:0|Daizen Maeda|Assist:|Maya Yoshida'] | Z12: ['55&rsquor;|1:1|Ivan Perišić|Assist:|Dejan Lovren'] | AG12: ['5|1:2|Takuma Asano'] | AH12: ['2|0:1|Nikola Vlašić', '4|0:2|Marcelo Brozović', '8|1:3|Mario Pašalić'] | AI12: ['1|0:0|Takumi Minamino', '3|0:1|Kaoru Mitoma', '7|1:2|Maya Yoshida'] | AJ12: ['6|1:2|Marko Livaja'] | AP12: ['90&rsquor;|1:1|Mateo Kovačić', '116&rsquor;|1:1|Borna Barišić'] | AQ12: ['64&rsquor;|1:1|Takuma Asano|for Daizen Maeda', '64&rsquor;|1:1|Kaoru Mitoma|for Yuto Nagatomo', '75&rsquor;|1:1|Hiroki Sakai|for Daichi Kamada', '87&rsquor;|1:1|Takumi Minamino|for Ritsu Doan', '106&rsquor;|1:1|Ao Tanaka|for Hidemasa Morita'] | AR12: ['62&rsquor;|1:1|Ante Budimir|for Bruno Petković', '68&rsquor;|1:1|Mario Pašalić|for Andrej Kramarić', '99&rsquor;|1:1|Nikola Vlašić|for Mateo Kovačić', '99&rsquor;|1:1|Lovro Majer|for Luka Modrić', '106&rsquor;|1:1|Marko Livaja|for Ante Budimir', '106&rsquor;|1:1|Mislav Oršić|for Ivan Perišić']
A13: Brazil | B13: Korea Republic | C13: 4 | D13: 3.6 | F13: 1 | G13: 0.5 | I13: Tite | J13: Thiago Silva | K13: Paulo Bento | L13: Son Heung-min | M13: 43847 | N13: Stadium 974, Doha | O13: Clément Turpin (Referee) · Nicolas Danos (AR1) · Cyril Gringore (AR2) · Slavko Vinčič (4th) · Jérôme Brisard (VAR) | P13: Round of 16 | Q13: 44900 | R13: 4–1 | S13: Clément Turpin | U13: Qatar | V13: 2022 | W13: Vinicius Júnior · 7|Richarlison · 29|Lucas Paquetá · 36 | X13: Paik Seung-ho · 76 | Y13: ['7&rsquor;|1:0|Vinicius Júnior|Assist:|Raphinha', '29&rsquor;|3:0|Richarlison|Assist:|Thiago Silva', '36&rsquor;|4:0|Lucas Paquetá|Assist:|Vinicius Júnior'] | Z13: ['76&rsquor;|4:1|Paik Seung-ho'] | AC13: Neymar (P) · 11 | AP13: ['44&rsquor;|4:0|Jung Woo-young'] | AQ13: ['63&rsquor;|4:0|Dani Alves|for Éder Militão', '72&rsquor;|4:0|Gleison Bremer|for Danilo', '72&rsquor;|4:0|Martinelli|for Vinicius Júnior', '80&rsquor;|4:1|Wéverton|for Alisson', '81&rsquor;|4:1|Rodrygo|for Neymar'] | AR13: ['46&rsquor;|4:0|Hong Chul|for Kim Jin-su', '46&rsquor;|4:0|Son Jun-ho|for Jung Woo-young', '65&rsquor;|4:0|Paik Seung-ho|for Hwang In-beom', '74&rsquor;|4:0|Lee Kangin|for Lee Jae-sung', '80&rsquor;|4:1|Hwang Ui-jo|for Cho Guesung']
A14: France | B14: Poland | C14: 3 | D14: 1.4 | F14: 1 | G14: 1.7 | I14: Didier Deschamps | J14: Hugo Lloris | K14: Czesław Michniewicz | L14: Robert Lewandowski | M14: 40989 | N14: Al Thumama Stadium, ath-Thumāma | O14: Jesús Valenzuela (Referee) · Jorge Urrego (AR1) · Tulio Moreno (AR2) · Kevin Ortega (4th) · Juan Soto (VAR) | P14: Round of 16 | Q14: 44899 | R14: 3–1 | S14: Jesús Valenzuela | U14: Qatar | V14: 2022 | W14: Olivier Giroud · 44|Kylian Mbappé · 74|Kylian Mbappé · 90+1 | Y14: ['44&rsquor;|1:0|Olivier Giroud|Assist:|Kylian Mbappé', '74&rsquor;|2:0|Kylian Mbappé|Assist:|Ousmane Dembélé', '90+1&rsquor;|3:0|Kylian Mbappé|Assist:|Marcus Thuram'] | AD14: Robert Lewandowski (P) · 90+9 | AO14: ['32&rsquor;|0:0|Aurélien Tchouaméni'] | AP14: ['47&rsquor;|1:0|Bartosz Bereszyński', '88&rsquor;|2:0|Matty Cash'] | AQ14: ['66&rsquor;|1:0|Youssouf Fofana|for Aurélien Tchouaméni', '76&rsquor;|2:0|Kingsley Coman|for Ousmane Dembélé', '76&rsquor;|2:0|Marcus Thuram|for Olivier Giroud', '90+2&rsquor;|3:0|Axel Disasi|for Jules Koundé'] | AR14: ['64&rsquor;|1:0|Arkadiusz Milik|for Sebastian Szymański', '71&rsquor;|1:0|Nicola Zalewski|for Jakub Kamiński', '71&rsquor;|1:0|Krystian Bielik|for Grzegorz Krychowiak', '86&rsquor;|2:0|Jan Bednarek|for Jakub Kiwior', '87&rsquor;|2:0|Kamil Grosicki|for Przemysław Frankowski']
A15: England | B15: Senegal | C15: 3 | D15: 1 | F15: 0 | G15: 0.8 | I15: Gareth Southgate | J15: Harry Kane | K15: Aliou Cissé | L15: Kalidou Koulibaly | M15: 65985 | N15: Al Bayt Stadium, Al Khor | O15: Iván Barton (Referee) · David Morán (AR1) · Kathryn Nesbitt (AR2) · Said Martínez (4th) · Drew Fischer (VAR) | P15: Round of 16 | Q15: 44899 | R15: 3–0 | S15: Iván Barton | U15: Qatar | V15: 2022 | W15: Jordan Henderson · 39|Harry Kane · 45+3|Bukayo Saka · 57 | Y15: ['39&rsquor;|1:0|Jordan Henderson|Assist:|Jude Bellingham', '45+3&rsquor;|2:0|Harry Kane|Assist:|Phil Foden', '57&rsquor;|3:0|Bukayo Saka|Assist:|Phil Foden'] | AP15: ['76&rsquor;|3:0|Kalidou Koulibaly'] | AQ15: ['65&rsquor;|3:0|Jack Grealish|for Phil Foden', '65&rsquor;|3:0|Marcus Rashford|for Bukayo Saka', '76&rsquor;|3:0|Eric Dier|for John Stones', '77&rsquor;|3:0|Mason Mount|for Jude Bellingham', '82&rsquor;|3:0|Kalvin Phillips|for Jordan Henderson'] | AR15: ['46&rsquor;|2:0|Pape Matar Sarr|for Krépin Diatta', '46&rsquor;|2:0|Pape Gueye|for Pathé Ciss', '46&rsquor;|2:0|Bamba Dieng|for Iliman Ndiaye', '72&rsquor;|3:0|Famara Diedhiou|for Boulaye Dia', '84&rsquor;|3:0|Fodé Ballo-Touré|for Ismail Jakobs']
A16: Netherlands | B16: United States | C16: 3 | D16: 1.7 | F16: 1 | G16: 1.5 | I16: Louis van Gaal | J16: Virgil van Dijk | K16: Gregg Berhalter | L16: Tyler Adams | M16: 44846 | N16: Khalifa International Stadium, Doha | O16: Wilton Sampaio (Referee) · Bruno Boschilia (AR1) · Bruno Pires (AR2) · Andrés Matonte (4th) · Nicolás Gallo (VAR) | P16: Round of 16 | Q16: 44898 | R16: 3–1 | S16: Wilton Sampaio | U16: Qatar | V16: 2022 | W16: Memphis · 10|Daley Blind · 45+1|Denzel Dumfries · 81 | X16: Haji Wright · 76 | Y16: ['10&rsquor;|1:0|Memphis|Assist:|Denzel Dumfries', '45+1&rsquor;|2:0|Daley Blind|Assist:|Denzel Dumfries', '81&rsquor;|3:1|Denzel Dumfries|Assist:|Daley Blind'] | Z16: ['76&rsquor;|2:1|Haji Wright|Assist:|Christian Pulisic'] | AO16: ['60&rsquor;|2:0|Teun Koopmeiners', '87&rsquor;|3:1|Frenkie de Jong'] | AQ16: ['46&rsquor;|2:0|Teun Koopmeiners|for Davy Klaassen', '46&rsquor;|2:0|Steven Bergwijn|for Marten de Roon', '82&rsquor;|3:1|Xavi Simons|for Memphis', '90+3&rsquor;|3:1|Matthijs de Ligt|for Nathan Aké', '90+4&rsquor;|3:1|Wout Weghorst|for Cody Gakpo'] | AR16: ['46&rsquor;|2:0|Gio Reyna|for Jesús Ferreira', '67&rsquor;|2:0|Brenden Aaronson|for Timothy Weah', '67&rsquor;|2:0|Haji Wright|for Weston McKennie', '75&rsquor;|2:0|DeAndre Yedlin|for Sergiño Dest', '90+2&rsquor;|3:1|Jordan Morris|for Antonee Robinson']
A17: Argentina | B17: Australia | C17: 2 | D17: 1.6 | F17: 1 | G17: 0.6 | I17: Lionel Scaloni | J17: Lionel Messi | K17: Graham Arnold | L17: Mathew Ryan | M17: 45032 | N17: Ahmed bin Ali Stadium, Umm al-Afā'ī | O17: Szymon Marciniak (Referee) · Paweł Sokolnicki (AR1) · Tomasz Listkiewicz (AR2) · Mario Escobar (4th) · Tomasz Kwiatkowski (VAR) | P17: Round of 16 | Q17: 44898 | R17: 2–1 | S17: Szymon Marciniak | U17: Qatar | V17: 2022 | W17: Lionel Messi · 35|Julián Álvarez · 57 | Y17: ['35&rsquor;|1:0|Lionel Messi|Assist:|Nicolás Otamendi', '57&rsquor;|2:0|Julián Álvarez'] | AB17: Enzo Fernández (OG) · 77 | AP17: ['15&rsquor;|0:0|Jackson Irvine', '38&rsquor;|1:0|Miloš Degenek'] | AQ17: ['50&rsquor;|1:0|Lisandro Martínez|for Papu Gómez', '71&rsquor;|2:0|Lautaro Martínez|for Julián Álvarez', '72&rsquor;|2:0|Nicolás Tagliafico|for Marcos Acuña', '80&rsquor;|2:1|Exequiel Palacios|for Nahuel Molina', '80&rsquor;|2:1|Gonzalo Montiel|for Alexis Mac Allister'] | AR17: ['58&rsquor;|2:0|Craig Goodwin|for Riley McGree', '58&rsquor;|2:0|Ajdin Hrustic|for Keanu Baccus', '72&rsquor;|2:0|Jamie Maclaren|for Mitchell Duke', '72&rsquor;|2:0|Fran Karačić|for Miloš Degenek', '72&rsquor;|2:0|Garang Kuol|for Mathew Leckie']
A18: Korea Republic | B18: Portugal | C18: 2 | D18: 1.7 | F18: 1 | G18: 1.3 | I18: Sérgio Costa | J18: Son Heung-min | K18: Fernando Santos | L18: Cristiano Ronaldo | M18: 44097 | N18: Education City Stadium, Doha | O18: Facundo Tello (Referee) · Ezequiel Brailovsky (AR1) · Gabriel Chade (AR2) · Maguette Ndiaye (4th) · Nicolás Gallo (VAR) | P18: Group stage | Q18: 44897 | R18: 2–1 | S18: Facundo Tello | U18: Qatar | V18: 2022 | W18: Kim Young-gwon · 27|Hwang Hee-chan · 90+1 | X18: Ricardo Horta · 5 | Y18: ['27&rsquor;|1:1|Kim Young-gwon', '90+1&rsquor;|2:1|Hwang Hee-chan|Assist:|Son Heung-min'] | Z18: ['5&rsquor;|0:1|Ricardo Horta|Assist:|Diogo Dalot'] | AO18: ['36&rsquor;|1:1|Lee Kangin', '90+2&rsquor;|2:1|Hwang Hee-chan'] | AQ18: ['66&rsquor;|1:1|Hwang Hee-chan|for Lee Jae-sung', '81&rsquor;|1:1|Son Jun-ho|for Kim Young-gwon', '81&rsquor;|1:1|Hwang Ui-jo|for Lee Kangin', '90+3&rsquor;|2:1|Cho Yumin|for Cho Guesung'] | AR18: ['65&rsquor;|1:1|João Palhinha|for Matheus Nunes', '65&rsquor;|1:1|Rafael Leão|for Rúben Neves', '65&rsquor;|1:1|André Silva|for Cristiano Ronaldo', '82&rsquor;|1:1|Bernardo Silva|for João Mário', '82&rsquor;|1:1|William Carvalho|for Vitinha']
A19: Ghana | B19: Uruguay | C19: 0 | D19: 1.6 | F19: 2 | G19: 1.8 | I19: Otto Addo | J19: André Ayew | K19: Diego Alonso | L19: Luis Suárez | M19: 43443 | N19: Al Janoub Stadium, Al Wakrah | O19: Daniel Siebert (Referee) · Jan Seidel (AR1) · Rafael Foltyn (AR2) · Yoshimi Yamashita (4th) · Bastian Dankert (VAR) | P19: Group stage | Q19: 44897 | R19: 0–2 | S19: Daniel Siebert | U19: Qatar | V19: 2022 | X19: Giorgian De Arrascaeta · 26|Giorgian De Arrascaeta · 32 | Z19: ['26&rsquor;|0:1|Giorgian De Arrascaeta', '32&rsquor;|0:2|Giorgian De Arrascaeta|Assist:|Luis Suárez'] | AE19: ['21&rsquor;|0:0|André Ayew|Penalty saved by Sergio Rochet'] | AO19: ['86&rsquor;|0:2|Kamaldeen Sulemana', '90+9&rsquor;|0:2|Alidu Seidu'] | AP19: ['19&rsquor;|0:0|Darwin Núñez', '60&rsquor;|0:2|Luis Suárez', '87&rsquor;|0:2|Sebastián Coates', '90+10&rsquor;|0:2|Edinson Cavani', '90+10&rsquor;|0:2|José María Giménez'] | AQ19: ['46&rsquor;|0:2|Kamaldeen Sulemana|for Jordan Ayew', '46&rsquor;|0:2|Osman Bukari|for André Ayew', '72&rsquor;|0:2|Antoine Semenyo|for Daniel Amartey', '72&rsquor;|0:2|Daniel Kyereh|for Salis Abdul Samed', '90+8&rsquor;|0:2|Abdul Fatawu Issahaku|for Kudus Mohammed'] | AR19: ['34&rsquor;|0:2|Matías Vecino|for Rodrigo Bentancur', '66&rsquor;|0:2|Edinson Cavani|for Luis Suárez', '66&rsquor;|0:2|Nicolás De La Cruz|for Facundo Pellistri', '80&rsquor;|0:2|Maxi Gómez|for Darwin Núñez', '80&rsquor;|0:2|Agustín Canobbio|for Giorgian De Arrascaeta']
A20: Cameroon | B20: Brazil | C20: 1 | D20: 0.5 | F20: 0 | G20: 2.5 | I20: Rigobert Song | J20: Vincent Aboubakar | K20: Tite | L20: Dani Alves | M20: 85986 | N20: Lusail Iconic Stadium, Lusail | O20: Ismail Elfath (Referee) · Kyle Atkins (AR1) · Corey Parker (AR2) · Ma Ning (4th) · Alejandro Hernández (VAR) | P20: Group stage | Q20: 44897 | R20: 1–0 | S20: Ismail Elfath | U20: Qatar | V20: 2022 | W20: Vincent Aboubakar · 90+2 | Y20: ['90+2&rsquor;|1:0|Vincent Aboubakar|Assist:|Andre-Frank Zambo Anguissa'] | AM20: Vincent Aboubakar · 90+3 | AO20: ['6&rsquor;|0:0|Nouhou Tolo', '28&rsquor;|0:0|Pierre Kunde', '33&rsquor;|0:0|Collins Fai', '81&rsquor;|0:0|Vincent Aboubakar'] | AP20: ['7&rsquor;|0:0|Éder Militão', '85&rsquor;|0:0|Bruno Guimarães'] | AQ20: ['64&rsquor;|0:0|Karl Toko Ekambi|for Bryan Mbeumo', '66&rsquor;|0:0|Olivier Ntcham|for Pierre Kunde', '86&rsquor;|0:0|Jerome Ngom Mbekeli|for Moumi Ngamaleu'] | AR20: ['55&rsquor;|0:0|Everton Ribeiro|for Rodrygo', '55&rsquor;|0:0|Marquinhos|for Alex Telles', '55&rsquor;|0:0|Bruno Guimarães|for Fred', '64&rsquor;|0:0|Pedro|for Gabriel Jesus', '79&rsquor;|0:0|Raphinha|for Antony']
A21: Serbia | B21: Switzerland | C21: 2 | D21: 1.3 | F21: 3 | G21: 2.7 | I21: Dragan Stojković | J21: Dušan Tadić | K21: Murat Yakin | L21: Granit Xhaka | M21: 41378 | N21: Stadium 974, Doha | O21: Fernando Rapallini (Referee) · Juan Pablo Belatti (AR1) · Diego Bonfá (AR2) · Kevin Ortega (4th) · Mauro Vigliano (VAR) | P21: Group stage | Q21: 44897 | R21: 2–3 | S21: Fernando Rapallini | U21: Qatar | V21: 2022 | W21: Aleksandar Mitrović · 26|Dušan Vlahović · 35 | X21: Xherdan Shaqiri · 20|Breel Embolo · 44|Remo Freuler · 48 | Y21: ['26&rsquor;|1:1|Aleksandar Mitrović|Assist:|Dušan Tadić', '35&rsquor;|2:1|Dušan Vlahović'] | Z21: ['20&rsquor;|0:1|Xherdan Shaqiri|Assist:|Djibril Sow', '44&rsquor;|2:2|Breel Embolo|Assist:|Silvan Widmer', '48&rsquor;|2:3|Remo Freuler|Assist:|Ruben Vargas'] | AO21: ['47&rsquor;|2:2|Sergej Milinković-Savić', '56&rsquor;|2:3|Strahinja Pavlović', '66&rsquor;|2:3|Predrag Rajković', '81&rsquor;|2:3|Nemanja Gudelj', '82&rsquor;|2:3|Aleksandar Mitrović', '90+5&rsquor;|2:3|Nikola Milenković', '90+10&rsquor;|2:3|Saša Lukić'] | AP21: ['15&rsquor;|0:0|Silvan Widmer', '34&rsquor;|1:1|Ruben Vargas', '90+5&rsquor;|2:3|Granit Xhaka', '90+9&rsquor;|2:3|Fabian Schär'] | AQ21: ['55&rsquor;|2:3|Nemanja Gudelj|for Miloš Veljković', '55&rsquor;|2:3|Luka Jović|for Dušan Vlahović', '67&rsquor;|2:3|Nemanja Maksimović|for Sergej Milinković-Savić', '78&rsquor;|2:3|Filip Đuričić|for Dušan Tadić', '78&rsquor;|2:3|Nemanja Radonjić|for Andrija Živković'] | AR21: ['68&rsquor;|2:3|Edimilson Fernandes|for Djibril Sow', '69&rsquor;|2:3|Denis Zakaria|for Xherdan Shaqiri', '83&rsquor;|2:3|Christian Fassnacht|for Ruben Vargas', '90+6&rsquor;|2:3|Noah Okafor|for Breel Embolo']
A22: Canada | B22: Morocco | C22: 1 | D22: 1.4 | F22: 2 | G22: 0.5 | I22: John Herdman | J22: Milan Borjan | K22: Hoalid Regragui | L22: Romain Saïss | M22: 43102 | N22: Al Thumama Stadium, ath-Thumāma | O22: Raphael Claus (Referee) · Rodrigo Correa (AR1) · Danilo Manis (AR2) · Yoshimi Yamashita (4th) · Julio Bascuñán (VAR) | P22: Group stage | Q22: 44896 | R22: 1–2 | S22: Raphael Claus | U22: Qatar | V22: 2022 | X22: Hakim Ziyech · 4|Youssef En-Nesyri · 23 | Z22: ['4&rsquor;|0:1|Hakim Ziyech', '23&rsquor;|0:2|Youssef En-Nesyri|Assist:|Achraf Hakimi'] | AA22: Nayef Aguerd (OG) · 40 | AO22: ['7&rsquor;|0:1|Junior Hoilett', '26&rsquor;|0:2|Jonathan Osorio', '45+2&rsquor;|1:2|Sam Adekugbe', '84&rsquor;|1:2|Steven Vitória'] | AQ22: ['60&rsquor;|1:2|Atiba Hutchinson|for Mark-Anthony Kaye', '60&rsquor;|1:2|Ismaël Koné|for Sam Adekugbe', '60&rsquor;|1:2|Jonathan David|for Cyle Larin', '65&rsquor;|1:2|Richie Laryea|for Jonathan Osorio', '76&rsquor;|1:2|David Wotherspoon|for Junior Hoilett'] | AR22: ['65&rsquor;|1:2|Selim Amallah|for Abdelhamid Sabiri', '65&rsquor;|1:2|Zakaria Aboukhlal|for Sofiane Boufal', '76&rsquor;|1:2|Abderrazak Hamdallah|for Hakim Ziyech', '77&rsquor;|1:2|Jawad El Yamiq|for Azzedine Ounahi', '85&rsquor;|1:2|Yahya Jabrane|for Achraf Hakimi']
A23: Croatia | B23: Belgium | C23: 0 | D23: 0.7 | F23: 0 | G23: 3 | I23: Zlatko Dalić | J23: Luka Modrić | K23: Roberto Martínez | L23: Kevin De Bruyne | M23: 43984 | N23: Ahmed bin Ali Stadium, Umm al-Afā'ī | O23: Anthony Taylor (Referee) · Gary Beswick (AR1) · Adam Nunn (AR2) · István Kovács (4th) · Marco Fritz (VAR) | P23: Group stage | Q23: 44896 | R23: 0–0 | S23: Anthony Taylor | U23: Qatar | V23: 2022 | AP23: ['67&rsquor;|0:0|Leander Dendoncker'] | AQ23: ['64&rsquor;|0:0|Bruno Petković|for Marko Livaja', '64&rsquor;|0:0|Mario Pašalić|for Andrej Kramarić', '90+2&rsquor;|0:0|Lovro Majer|for Mateo Kovačić'] | AR23: ['46&rsquor;|0:0|Romelu Lukaku|for Dries Mertens', '59&rsquor;|0:0|Thorgan Hazard|for Leandro Trossard', '72&rsquor;|0:0|Youri Tielemans|for Leander Dendoncker', '72&rsquor;|0:0|Jeremy Doku|for Yannick Carrasco', '87&rsquor;|0:0|Eden Hazard|for Thomas Meunier']
A24: Costa Rica | B24: Germany | C24: 2 | D24: 1.3 | F24: 4 | G24: 5.7 | I24: Luis Fernando Suárez | J24: Keylor Navas | K24: Hansi Flick | L24: Manuel Neuer | M24: 67054 | N24: Al Bayt Stadium, Al Khor | O24: Stéphanie Frappart (Referee) · Neuza Back (AR1) · Karen Díaz (AR2) · Said Martínez (4th) · Drew Fischer (VAR) | P24: Group stage | Q24: 44896 | R24: 2–4 | S24: Stéphanie Frappart | U24: Qatar | V24: 2022 | W24: Yeltsin Tejeda · 58 | X24: Serge Gnabry · 10|Kai Havertz · 73|Kai Havertz · 85|Niclas Füllkrug · 90 | Y24: ['58&rsquor;|1:1|Yeltsin Tejeda'] | Z24: ['10&rsquor;|0:1|Serge Gnabry|Assist:|David Raum', '73&rsquor;|2:2|Kai Havertz|Assist:|Niclas Füllkrug', '85&rsquor;|2:3|Kai Havertz|Assist:|Serge Gnabry', '90&rsquor;|2:4|Niclas Füllkrug|Assist:|Leroy Sané'] | AA24: Manuel Neuer (OG) · 70 | AO24: ['77&rsquor;|2:2|Óscar Duarte'] | AQ24: ['46&rsquor;|0:1|Youstin Salas|for Brandon Aguilera', '74&rsquor;|2:2|Rónald Matarrita|for Johan Venegas', '74&rsquor;|2:2|Jewison Bennette|for Keysher Fuller', '90+3&rsquor;|2:4|Roan Wilson|for Yeltsin Tejeda', '90+3&rsquor;|2:4|Anthony Contreras|for Bryan Oviedo'] | AR24: ['46&rsquor;|0:1|Lukas Klostermann|for Leon Goretzka', '55&rsquor;|0:1|Niclas Füllkrug|for İlkay Gündoğan', '67&rsquor;|1:1|Mario Götze|for David Raum', '67&rsquor;|1:1|Kai Havertz|for Thomas Müller', '90+3&rsquor;|2:4|Matthias Ginter|for Niklas Süle']
A25: Japan | B25: Spain | C25: 2 | D25: 1.4 | F25: 1 | G25: 1 | I25: Hajime Moriyasu | J25: Maya Yoshida | K25: Luis Enrique | L25: Sergio Busquets | M25: 44851 | N25: Khalifa International Stadium, Doha | O25: Victor Gomes (Referee) · Zakhele Siwela (AR1) · Souru Phatsoane (AR2) · Salima Mukansanga (4th) · Fernando Guerrero (VAR) | P25: Group stage | Q25: 44896 | R25: 2–1 | S25: Victor Gomes | U25: Qatar | V25: 2022 | W25: Ritsu Doan · 48|Ao Tanaka · 51 | X25: Álvaro Morata · 12 | Y25: ['48&rsquor;|1:1|Ritsu Doan|Assist:|Junya Ito', '51&rsquor;|2:1|Ao Tanaka|Assist:|Kaoru Mitoma'] | Z25: ['12&rsquor;|0:1|Álvaro Morata|Assist:|César Azpilicueta'] | AO25: ['39&rsquor;|0:1|Ko Itakura', '44&rsquor;|0:1|Shogo Taniguchi', '45&rsquor;|0:1|Maya Yoshida'] | AQ25: ['46&rsquor;|0:1|Ritsu Doan|for Takefusa Kubo', '46&rsquor;|0:1|Kaoru Mitoma|for Yuto Nagatomo', '62&rsquor;|2:1|Takuma Asano|for Daizen Maeda', '69&rsquor;|2:1|Takehiro Tomiyasu|for Daichi Kamada', '87&rsquor;|2:1|Wataru Endo|for Ao Tanaka'] | AR25: ['46&rsquor;|0:1|Dani Carvajal|for César Azpilicueta', '57&rsquor;|2:1|Ferrán Torres|for Nico Williams', '57&rsquor;|2:1|Marco Asensio|for Álvaro Morata', '68&rsquor;|2:1|Ansu Fati|for Gavi', '68&rsquor;|2:1|Jordi Alba|for Alejandro Balde']
A26: Australia | B26: Denmark | C26: 1 | D26: 0.6 | F26: 0 | G26: 0.6 | I26: Graham Arnold | J26: Mathew Ryan | K26: Kasper Hjulmand | L26: Christian Eriksen | M26: 41232 | N26: Al Janoub Stadium, Al Wakrah | O26: Mustapha Ghorbal (Referee) · Mokrane Gourari (AR1) · Abdelhak Etchiali (AR2) · Maguette Ndiaye (4th) · Mauro Vigliano (VAR) | P26: Group stage | Q26: 44895 | R26: 1–0 | S26: Mustapha Ghorbal | U26: Qatar | V26: 2022 | W26: Mathew Leckie · 60 | Y26: ['60&rsquor;|1:0|Mathew Leckie|Assist:|Riley McGree'] | AO26: ['4&rsquor;|0:0|Aziz Behich', '57&rsquor;|0:0|Miloš Degenek'] | AP26: ['75&rsquor;|1:0|Robert Skov'] | AQ26: ['46&rsquor;|0:0|Keanu Baccus|for Craig Goodwin', '74&rsquor;|1:0|Bailey Wright|for Riley McGree', '82&rsquor;|1:0|Jamie Maclaren|for Mitchell Duke', '89&rsquor;|1:0|Ajdin Hrustic|for Mathew Leckie'] | AR26: ['46&rsquor;|0:0|Alexander Bah|for Rasmus Nissen', '59&rsquor;|0:0|Kasper Dolberg|for Martin Braithwaite', '59&rsquor;|0:0|Mikkel Damsgaard|for Mathias Jensen', '69&rsquor;|1:0|Robert Skov|for Andreas Skov Olsen', '70&rsquor;|1:0|Andreas Cornelius|for Joakim Mæhle']
A27: Tunisia | B27: France | C27: 1 | D27: 0.5 | F27: 0 | G27: 0.8 | I27: Jalel Kadri | J27: Wahbi Khazri | K27: Didier Deschamps | L27: Raphaël Varane | M27: 43627 | N27: Education City Stadium, Doha | O27: Matt Conger (Referee) · Mark Rule (AR1) · Tevita Makasini (AR2) · Salima Mukansanga (4th) · Abdulla Ali Al Marri (VAR) | P27: Group stage | Q27: 44895 | R27: 1–0 | S27: Matt Conger | U27: Qatar | V27: 2022 | W27: Wahbi Khazri · 58 | Y27: ['58&rsquor;|1:0|Wahbi Khazri|Assist:|Aïssa Laïdouni'] | AO27: ['28&rsquor;|0:0|Wajdi Kechrida'] | AQ27: ['60&rsquor;|1:0|Issam Jebali|for Wahbi Khazri', '74&rsquor;|1:0|Ghaylène Chaalali|for Mohamed Ali Ben Romdhane', '83&rsquor;|1:0|Ali Abdi|for Anis Ben Slimane'] | AR27: ['63&rsquor;|1:0|William Saliba|for Raphaël Varane', '63&rsquor;|1:0|Kylian Mbappé|for Kingsley Coman', '63&rsquor;|1:0|Adrien Rabiot|for Jordan Veretout', '73&rsquor;|1:0|Antoine Griezmann|for Youssouf Fofana', '79&rsquor;|1:0|Ousmane Dembélé|for Mattéo Guendouzi']
A28: Saudi Arabia | B28: Mexico | C28: 1 | D28: 1.1 | F28: 2 | G28: 2.3 | I28: Hervé Renard | J28: Salem Al-Dawsari | K28: Tata Martino | L28: Guillermo Ochoa | M28: 84985 | N28: Lusail Iconic Stadium, Lusail | O28: Michael Oliver (Referee) · Stuart Burt (AR1) · Simon Bennett (AR2) · István Kovács (4th) · Massimiliano Irrati (VAR) | P28: Group stage | Q28: 44895 | R28: 1–2 | S28: Michael Oliver | U28: Qatar | V28: 2022 | W28: Salem Al-Dawsari · 90+5 | X28: Henry Martín · 47|Luis Chávez · 52 | Y28: ['90+5&rsquor;|1:2|Salem Al-Dawsari|Assist:|Hattan Bahebri'] | Z28: ['47&rsquor;|0:1|Henry Martín|Assist:|César Montes', '52&rsquor;|0:2|Luis Chávez'] | AO28: ['28&rsquor;|0:0|Saleh Al-Shehri', '34&rsquor;|0:0|Ali Al Hassan', '52&rsquor;|0:1|Hassan Al Tambakti', '81&rsquor;|0:2|Abdullah Madu', '90+1&rsquor;|0:2|Abdulelah Al-Amri', '90+7&rsquor;|1:2|Hattan Bahebri'] | AP28: ['16&rsquor;|0:0|Edson Álvarez'] | AQ28: ['37&rsquor;|0:0|Riyadh Sharahili|for Ali Al-Bulaihi', '46&rsquor;|0:0|Abdullah Madu|for Ali Al Hassan', '62&rsquor;|0:2|Abdulrahman Al-Aboud|for Saleh Al-Shehri', '88&rsquor;|0:2|Hattan Bahebri|for Sultan Al-Ghanam'] | AR28: ['46&rsquor;|0:0|Uriel Antuna|for Alexis Vega', '77&rsquor;|0:2|Raúl Jiménez|for Henry Martín', '77&rsquor;|0:2|Charly Rodríguez|for Orbelín Pineda', '86&rsquor;|0:2|Kevin Álvarez|for Jorge Eduardo Sánchez', '86&rsquor;|0:2|Rogelio Funes Mori|for Edson Álvarez']
A29: Poland | B29: Argentina | C29: 0 | D29: 0.3 | F29: 2 | G29: 3.5 | I29: Czesław Michniewicz | J29: Robert Lewandowski | K29: Lionel Scaloni | L29: Lionel Messi | M29: 44089 | N29: Stadium 974, Doha | O29: Danny Makkelie (Referee) · Hessel Steegstra (AR1) · Jan de Vries (AR2) · Said Martínez (4th) · Pol van Boekel (VAR) | P29: Group stage | Q29: 44895 | R29: 0–2 | S29: Danny Makkelie | U29: Qatar | V29: 2022 | X29: Alexis Mac Allister · 46|Julián Álvarez · 67 | Z29: ['46&rsquor;|0:1|Alexis Mac Allister|Assist:|Nahuel Molina', '67&rsquor;|0:2|Julián Álvarez|Assist:|Enzo Fernández'] | AF29: ['39&rsquor;|0:0|Lionel Messi|Penalty saved by Wojciech Szczęsny|—'] | AO29: ['78&rsquor;|0:2|Grzegorz Krychowiak'] | AP29: ['49&rsquor;|0:1|Marcos Acuña'] | AQ29: ['46&rsquor;|0:0|Jakub Kamiński|for Przemysław Frankowski', '46&rsquor;|0:0|Michał Skóraś|for Karol Świderski', '62&rsquor;|0:1|Damian Szymański|for Krystian Bielik', '72&rsquor;|0:2|Artur Jędrzejczyk|for Bartosz Bereszyński', '83&rsquor;|0:2|Krzysztof Piątek|for Grzegorz Krychowiak'] | AR29: ['59&rsquor;|0:1|Leandro Paredes|for Ángel Di María', '59&rsquor;|0:1|Nicolás Tagliafico|for Marcos Acuña', '79&rsquor;|0:2|Germán Pezzella|for Enzo Fernández', '79&rsquor;|0:2|Lautaro Martínez|for Julián Álvarez', '84&rsquor;|0:2|Thiago Almada|for Alexis Mac Allister']
A30: Ecuador | B30: Senegal | C30: 1 | D30: 0.9 | F30: 2 | G30: 2.1 | I30: Gustavo Alfaro | J30: Enner Valencia | K30: Aliou Cissé | L30: Kalidou Koulibaly | M30: 44569 | N30: Khalifa International Stadium, Doha | O30: Clément Turpin (Referee) · Nicolas Danos (AR1) · Cyril Gringore (AR2) · István Kovács (4th) · Jérôme Brisard (VAR) | P30: Group stage | Q30: 44894 | R30: 1–2 | S30: Clément Turpin | U30: Qatar | V30: 2022 | W30: Moisés Caicedo · 67 | X30: Kalidou Koulibaly · 70 | Y30: ['67&rsquor;|1:1|Moisés Caicedo|Assist:|Félix Torres Caicedo'] | Z30: ['70&rsquor;|1:2|Kalidou Koulibaly'] | AD30: Ismaila Sarr (P) · 44 | AP30: ['66&rsquor;|0:1|Idrissa Gana Gueye'] | AQ30: ['46&rsquor;|0:1|Jeremy Sarmiento|for Alan Franco', '46&rsquor;|0:1|José Cifuentes|for Carlos Gruezo', '64&rsquor;|0:1|Djorkaeff Reasco|for Michael Estrada', '85&rsquor;|1:2|Jackson Porozo|for Ángelo Preciado'] | AR30: ['75&rsquor;|1:2|Nampalys Mendy|for Pathé Ciss', '75&rsquor;|1:2|Bamba Dieng|for Iliman Ndiaye', '90+5&rsquor;|1:2|Pape Abou Cissé|for Boulaye Dia']
A31: Netherlands | B31: Qatar | C31: 2 | D31: 1.6 | F31: 0 | G31: 0.1 | I31: Louis van Gaal | J31: Virgil van Dijk | K31: Félix Sánchez | L31: Hassan Al-Haydos | M31: 66784 | N31: Al Bayt Stadium, Al Khor | O31: Bakary Papa Gassama (Referee) · Elvis Noupue (AR1) · Mahmoud Abo El Regal (AR2) · Ma Ning (4th) · Redouane Jiyed (VAR) | P31: Group stage | Q31: 44894 | R31: 2–0 | S31: Bakary Papa Gassama | U31: Qatar | V31: 2022 | W31: Cody Gakpo · 26|Frenkie de Jong · 49 | Y31: ['26&rsquor;|1:0|Cody Gakpo|Assist:|Davy Klaassen', '49&rsquor;|2:0|Frenkie de Jong'] | AO31: ['52&rsquor;|2:0|Nathan Aké'] | AQ31: ['66&rsquor;|2:0|Vincent Janssen|for Memphis', '66&rsquor;|2:0|Steven Berghuis|for Davy Klaassen', '82&rsquor;|2:0|Wout Weghorst|for Cody Gakpo', '82&rsquor;|2:0|Teun Koopmeiners|for Marten de Roon', '86&rsquor;|2:0|Kenneth Taylor|for Frenkie de Jong'] | AR31: ['64&rsquor;|2:0|Karim Boudiaf|for Assim Madibo', '64&rsquor;|2:0|Mohammed Muntari|for Almoez Ali', '64&rsquor;|2:0|Ali Assadalla|for Hassan Al-Haydos', '85&rsquor;|2:0|Ahmed Alaaeldin|for Abdulaziz Hatem', '85&rsquor;|2:0|Musab Kheder|for Ismail Mohamad']
A32: IR Iran | B32: United States | C32: 0 | D32: 0.4 | F32: 1 | G32: 1.2 | I32: Carlos Queiroz | J32: Ehsan Hajsafi | K32: Gregg Berhalter | L32: Tyler Adams | M32: 42127 | N32: Al Thumama Stadium, ath-Thumāma | O32: Antonio Matéu (Referee) · Pau Cebrián (AR1) · Roberto Díaz (AR2) · Kevin Ortega (4th) · Juan Martínez (VAR) | P32: Group stage | Q32: 44894 | R32: 0–1 | S32: Antonio Matéu | U32: Qatar | V32: 2022 | X32: Christian Pulisic · 38 | Z32: ['38&rsquor;|0:1|Christian Pulisic|Assist:|Sergiño Dest'] | AO32: ['77&rsquor;|0:1|Majid Hosseini', '83&rsquor;|0:1|Hossein Kanaanizadegan', '90+6&rsquor;|0:1|Abolfazl Jalali'] | AP32: ['43&rsquor;|0:1|Tyler Adams'] | AQ32: ['45+2&rsquor;|0:1|Ali Karimi|for Milad Mohammadi', '46&rsquor;|0:1|Saman Ghoddos|for Sardar Azmoun', '71&rsquor;|0:1|Mehdi Torabi|for Ahmad Nourollahi', '72&rsquor;|0:1|Abolfazl Jalali|for Ehsan Hajsafi', '79&rsquor;|0:1|Karim Ansarifard|for Ali Gholizadeh'] | AR32: ['46&rsquor;|0:1|Brenden Aaronson|for Christian Pulisic', '65&rsquor;|0:1|Kellyn Acosta|for Weston McKennie', '77&rsquor;|0:1|Haji Wright|for Josh Sargent', '82&rsquor;|0:1|Shaquell Moore|for Sergiño Dest', '82&rsquor;|0:1|Walker Zimmerman|for Timothy Weah']
A33: Wales | B33: England | C33: 0 | D33: 0.3 | F33: 3 | G33: 2.4 | I33: Rob Page | J33: Gareth Bale | K33: Gareth Southgate | L33: Harry Kane | M33: 44297 | N33: Ahmed bin Ali Stadium, Umm al-Afā'ī | O33: Slavko Vinčič (Referee) · Tomaž Klančnik (AR1) · Andraž Kovačič (AR2) · Yoshimi Yamashita (4th) · Marco Fritz (VAR) | P33: Group stage | Q33: 44894 | R33: 0–3 | S33: Slavko Vinčič | U33: Qatar | V33: 2022 | X33: Marcus Rashford · 50|Phil Foden · 52|Marcus Rashford · 68 | Z33: ['50&rsquor;|0:1|Marcus Rashford', '52&rsquor;|0:2|Phil Foden|Assist:|Harry Kane', '68&rsquor;|0:3|Marcus Rashford|Assist:|Kalvin Phillips'] | AO33: ['29&rsquor;|0:0|Daniel James', '61&rsquor;|0:2|Aaron Ramsey'] | AQ33: ['37&rsquor;|0:0|Connor Roberts|for Neco Williams', '46&rsquor;|0:0|Brennan Johnson|for Gareth Bale', '59&rsquor;|0:2|Joe Morrell|for Ben Davies', '77&rsquor;|0:3|Harry Wilson|for Daniel James', '81&rsquor;|0:3|Rubin Colwill|for Joe Allen'] | AR33: ['57&rsquor;|0:2|Trent Alexander-Arnold|for Kyle Walker', '58&rsquor;|0:2|Kalvin Phillips|for Declan Rice', '58&rsquor;|0:2|Callum Wilson|for Harry Kane', '65&rsquor;|0:2|Kieran Trippier|for Luke Shaw', '75&rsquor;|0:3|Jack Grealish|for Marcus Rashford']
A34: Cameroon | B34: Serbia | C34: 3 | D34: 2.2 | F34: 3 | G34: 1.9 | I34: Rigobert Song | J34: Eric Maxim Choupo-Moting | K34: Dragan Stojković | L34: Dušan Tadić | M34: 39789 | N34: Al Janoub Stadium, Al Wakrah | O34: Mohammed Abdulla Hassan (Referee) · Mohamed Ahmed Al Hammadi (AR1) · Hasan Mohamed Suqatari (AR2) · Ma Ning (4th) · Nicolás Gallo (VAR) | P34: Group stage | Q34: 44893 | R34: 3–3 | S34: Mohammed Abdulla Hassan | U34: Qatar | V34: 2022 | W34: Jean-Charles Castelletto · 29|Vincent Aboubakar · 64|Eric Maxim Choupo-Moting · 66 | X34: Strahinja Pavlović · 45+1|Sergej Milinković-Savić · 45+3|Aleksandar Mitrović · 53 | Y34: ['29&rsquor;|1:0|Jean-Charles Castelletto|Assist:|Nicolas Nkoulou', '64&rsquor;|2:3|Vincent Aboubakar|Assist:|Jean-Charles Castelletto', '66&rsquor;|3:3|Eric Maxim Choupo-Moting|Assist:|Vincent Aboubakar'] | Z34: ['45+1&rsquor;|1:1|Strahinja Pavlović|Assist:|Dušan Tadić', '45+3&rsquor;|1:2|Sergej Milinković-Savić|Assist:|Andrija Živković', '53&rsquor;|1:3|Aleksandar Mitrović|Assist:|Andrija Živković'] | AO34: ['24&rsquor;|0:0|Nicolas Nkoulou', '30&rsquor;|1:0|Christian Bassogog'] | AP34: ['45+4&rsquor;|1:2|Luka Jović', '90+3&rsquor;|3:3|Nikola Milenković'] | AQ34: ['55&rsquor;|1:3|Vincent Aboubakar|for Martin Hongla', '67&rsquor;|3:3|Christian Bassogog|for Karl Toko Ekambi', '67&rsquor;|3:3|Gaël Ondoua|for Pierre Kunde', "81&rsquor;|3:3|Georges-Kévin N'Koudou|for Bryan Mbeumo", '81&rsquor;|3:3|Samuel Oum Gouet|for Andre-Frank Zambo Anguissa'] | AR34: ['56&rsquor;|1:3|Stefan Mitrović|for Strahinja Pavlović', '78&rsquor;|3:3|Marko Grujić|for Sergej Milinković-Savić', '78&rsquor;|3:3|Nemanja Radonjić|for Andrija Živković', '78&rsquor;|3:3|Srđan Babić|for Miloš Veljković', '90+2&rsquor;|3:3|Filip Đuričić|for Filip Kostić']
A35: Korea Republic | B35: Ghana | C35: 2 | D35: 1.8 | F35: 3 | G35: 1.6 | I35: Paulo Bento | J35: Son Heung-min | K35: Otto Addo | L35: André Ayew | M35: 43983 | N35: Education City Stadium, Doha | O35: Anthony Taylor (Referee) · Gary Beswick (AR1) · Adam Nunn (AR2) · Kevin Ortega (4th) · Tomasz Kwiatkowski (VAR) | P35: Group stage | Q35: 44893 | R35: 2–3 | S35: Anthony Taylor | U35: Qatar | V35: 2022 | W35: Cho Guesung · 58|Cho Guesung · 61 | X35: Mohammed Salisu · 24|Kudus Mohammed · 34|Kudus Mohammed · 68 | Y35: ['58&rsquor;|1:2|Cho Guesung|Assist:|Lee Kangin', '61&rsquor;|2:2|Cho Guesung|Assist:|Kim Jin-su'] | Z35: ['24&rsquor;|0:1|Mohammed Salisu', '34&rsquor;|0:2|Kudus Mohammed|Assist:|Jordan Ayew', '68&rsquor;|2:3|Kudus Mohammed|Assist:|Gideon Mensah'] | AK35: Paulo Bento · 90+11 | AO35: ['27&rsquor;|0:1|Jung Woo-young', '77&rsquor;|2:3|Kim Young-gwon'] | AP35: ['21&rsquor;|0:0|Daniel Amartey', '73&rsquor;|2:3|Tariq Lamptey'] | AQ35: ['46&rsquor;|0:2|Na Sang-ho|for Jeong Woo-yeong', '57&rsquor;|0:2|Lee Kangin|for Kwon Chang-hoon', '79&rsquor;|2:3|Hwang Ui-jo|for Jung Woo-young', '90+2&rsquor;|2:3|Kwon Kyung-won|for Kim Min-jae'] | AR35: ['78&rsquor;|2:3|Daniel Kyereh|for André Ayew', '78&rsquor;|2:3|Denis Odoi|for Tariq Lamptey', '78&rsquor;|2:3|Kamaldeen Sulemana|for Jordan Ayew', '83&rsquor;|2:3|Alexander Djiku|for Kudus Mohammed', '88&rsquor;|2:3|Baba Rahman|for Gideon Mensah']
A36: Brazil | B36: Switzerland | C36: 1 | D36: 1 | F36: 0 | G36: 0.3 | I36: Tite | J36: Thiago Silva | K36: Murat Yakin | L36: Granit Xhaka | M36: 43649 | N36: Stadium 974, Doha | O36: Iván Barton (Referee) · David Morán (AR1) · Zachari Zeegelaar (AR2) · Said Martínez (4th) · Drew Fischer (VAR) | P36: Group stage | Q36: 44893 | R36: 1–0 | S36: Iván Barton | U36: Qatar | V36: 2022 | W36: Casemiro · 83 | Y36: ['83&rsquor;|1:0|Casemiro|Assist:|Rodrygo'] | AO36: ['52&rsquor;|0:0|Fred'] | AP36: ['50&rsquor;|0:0|Fabian Rieder'] | AQ36: ['46&rsquor;|0:0|Rodrygo|for Lucas Paquetá', '58&rsquor;|0:0|Bruno Guimarães|for Fred', '73&rsquor;|0:0|Antony|for Raphinha', '73&rsquor;|0:0|Gabriel Jesus|for Richarlison', '86&rsquor;|1:0|Alex Telles|for Alex Sandro'] | AR36: ['59&rsquor;|0:0|Edimilson Fernandes|for Ruben Vargas', '59&rsquor;|0:0|Renato Steffen|for Fabian Rieder', '75&rsquor;|0:0|Michel Aebischer|for Djibril Sow', '76&rsquor;|0:0|Haris Seferović|for Breel Embolo', '86&rsquor;|1:0|Fabian Frei|for Silvan Widmer']
A37: Portugal | B37: Uruguay | C37: 2 | D37: 1.3 | F37: 0 | G37: 1.3 | I37: Fernando Santos | J37: Cristiano Ronaldo | K37: Diego Alonso | L37: Diego Godín | M37: 88668 | N37: Lusail Iconic Stadium, Lusail | O37: Alireza Faghani (Referee) · Mohammadreza Mansouri (AR1) · Mohammadreza Abolfazli (AR2) · Abdulrahman Ibrahim Al Jassim (4th) · Abdulla Ali Al Marri (VAR) | P37: Group stage | Q37: 44893 | R37: 2–0 | S37: Alireza Faghani | U37: Qatar | V37: 2022 | W37: Bruno Fernandes · 54 | Y37: ['54&rsquor;|1:0|Bruno Fernandes|Assist:|Raphaël Guerreiro'] | AC37: Bruno Fernandes (P) · 90+3 | AO37: ['38&rsquor;|0:0|Rúben Neves', '77&rsquor;|1:0|João Félix', '89&rsquor;|1:0|Rúben Dias'] | AP37: ['6&rsquor;|0:0|Rodrigo Bentancur', '44&rsquor;|0:0|Mathías Olivera'] | AQ37: ['42&rsquor;|0:0|Raphaël Guerreiro|for Nuno Mendes', '69&rsquor;|1:0|Rafael Leão|for Rúben Neves', '82&rsquor;|1:0|Matheus Nunes|for João Félix', '82&rsquor;|1:0|Gonçalo Ramos|for Cristiano Ronaldo', '82&rsquor;|1:0|João Palhinha|for William Carvalho'] | AR37: ['62&rsquor;|1:0|Giorgian De Arrascaeta|for Matías Vecino', '62&rsquor;|1:0|Facundo Pellistri|for Diego Godín', '72&rsquor;|1:0|Maxi Gómez|for Darwin Núñez', '73&rsquor;|1:0|Luis Suárez|for Edinson Cavani', '86&rsquor;|1:0|Matías Viña|for Mathías Olivera']
A38: Japan | B38: Costa Rica | C38: 0 | D38: 0.9 | F38: 1 | G38: 0.1 | I38: Hajime Moriyasu | J38: Maya Yoshida | K38: Luis Fernando Suárez | L38: Keylor Navas | M38: 41479 | N38: Ahmed bin Ali Stadium, Umm al-Afā'ī | O38: Michael Oliver (Referee) · Stuart Burt (AR1) · Simon Bennett (AR2) · Maguette Ndiaye (4th) · Jérôme Brisard (VAR) | P38: Group stage | Q38: 44892 | R38: 0–1 | S38: Michael Oliver | U38: Qatar | V38: 2022 | X38: Keysher Fuller · 81 | Z38: ['81&rsquor;|0:1|Keysher Fuller|Assist:|Yeltsin Tejeda'] | AO38: ['44&rsquor;|0:0|Miki Yamane', '84&rsquor;|0:1|Ko Itakura', '90+3&rsquor;|0:1|Wataru Endo'] | AP38: ['41&rsquor;|0:0|Anthony Contreras', '62&rsquor;|0:0|Celso Borges', '70&rsquor;|0:0|Francisco Calvo'] | AQ38: ['46&rsquor;|0:0|Takuma Asano|for Ayase Ueda', '46&rsquor;|0:0|Hiroki Ito|for Yuto Nagatomo', '62&rsquor;|0:0|Kaoru Mitoma|for Miki Yamane', '67&rsquor;|0:0|Junya Ito|for Ritsu Doan', '82&rsquor;|0:1|Takumi Minamino|for Yuki Soma'] | AR38: ['65&rsquor;|0:0|Jewison Bennette|for Anthony Contreras', '65&rsquor;|0:0|Brandon Aguilera|for Gerson Torres', '89&rsquor;|0:1|Youstin Salas|for Celso Borges', '90+5&rsquor;|0:1|Daniel Chacón|for Joel Campbell']
A39: Belgium | B39: Morocco | C39: 0 | D39: 1 | F39: 2 | G39: 1.5 | I39: Roberto Martínez | J39: Eden Hazard | K39: Hoalid Regragui | L39: Romain Saïss | M39: 43738 | N39: Al Thumama Stadium, ath-Thumāma | O39: César Arturo Ramos (Referee) · Alberto Morín (AR1) · Miguel Ángel Hernández (AR2) · Yoshimi Yamashita (4th) · Fernando Guerrero (VAR) | P39: Group stage | Q39: 44892 | R39: 0–2 | S39: César Arturo Ramos | U39: Qatar | V39: 2022 | X39: Romain Saïss · 73|Zakaria Aboukhlal · 90+2 | Z39: ['73&rsquor;|0:1|Romain Saïss|Assist:|Abdelhamid Sabiri', '90+2&rsquor;|0:2|Zakaria Aboukhlal|Assist:|Hakim Ziyech'] | AO39: ['28&rsquor;|0:0|Amadou Onana'] | AP39: ['90+5&rsquor;|0:2|Abdelhamid Sabiri'] | AQ39: ['60&rsquor;|0:0|Youri Tielemans|for Amadou Onana', '60&rsquor;|0:0|Dries Mertens|for Eden Hazard', '75&rsquor;|0:1|Leandro Trossard|for Michy Batshuayi', '75&rsquor;|0:1|Charles De Ketelaere|for Thorgan Hazard', '81&rsquor;|0:1|Romelu Lukaku|for Thomas Meunier'] | AR39: ['67&rsquor;|0:0|Abdelhamid Sabiri|for Selim Amallah', '68&rsquor;|0:0|Yahya Attiat Allah|for Achraf Hakimi', '73&rsquor;|0:1|Abderrazak Hamdallah|for Youssef En-Nesyri', '73&rsquor;|0:1|Zakaria Aboukhlal|for Sofiane Boufal', '78&rsquor;|0:1|Jawad El Yamiq|for Azzedine Ounahi']
A40: Croatia | B40: Canada | C40: 4 | D40: 2.6 | F40: 1 | G40: 0.4 | I40: Zlatko Dalić | J40: Luka Modrić | K40: John Herdman | L40: Atiba Hutchinson | M40: 44374 | N40: Khalifa International Stadium, Doha | O40: Andrés Matonte (Referee) · Nicolás Tarán (AR1) · Martín Soppi (AR2) · Kevin Ortega (4th) · Mauro Vigliano (VAR) | P40: Group stage | Q40: 44892 | R40: 4–1 | S40: Andrés Matonte | U40: Qatar | V40: 2022 | W40: Andrej Kramarić · 36|Marko Livaja · 44|Andrej Kramarić · 70|Lovro Majer · 90+4 | X40: Alphonso Davies · 2 | Y40: ['36&rsquor;|1:1|Andrej Kramarić|Assist:|Ivan Perišić', '44&rsquor;|2:1|Marko Livaja|Assist:|Josip Juranović', '70&rsquor;|3:1|Andrej Kramarić|Assist:|Ivan Perišić', '90+4&rsquor;|4:1|Lovro Majer|Assist:|Mislav Oršić'] | Z40: ['2&rsquor;|0:1|Alphonso Davies|Assist:|Tajon Buchanan'] | AO40: ['56&rsquor;|2:1|Dejan Lovren', '85&rsquor;|3:1|Luka Modrić'] | AP40: ['52&rsquor;|2:1|Tajon Buchanan', '85&rsquor;|3:1|Kamal Miller'] | AQ40: ['60&rsquor;|2:1|Bruno Petković|for Marko Livaja', '73&rsquor;|3:1|Nikola Vlašić|for Andrej Kramarić', '86&rsquor;|3:1|Mislav Oršić|for Ivan Perišić', '86&rsquor;|3:1|Lovro Majer|for Luka Modrić', '86&rsquor;|3:1|Mario Pašalić|for Mateo Kovačić'] | AR40: ['46&rsquor;|2:1|Ismaël Koné|for Stephen Eustáquio', '46&rsquor;|2:1|Jonathan Osorio|for Cyle Larin', '62&rsquor;|2:1|Junior Hoilett|for Richie Laryea', '72&rsquor;|3:1|Lucas Cavallini|for Jonathan David', '72&rsquor;|3:1|Sam Adekugbe|for Atiba Hutchinson']
A41: Spain | B41: Germany | C41: 1 | D41: 0.6 | F41: 1 | G41: 1.3 | I41: Luis Enrique | J41: Sergio Busquets | K41: Hansi Flick | L41: Manuel Neuer | M41: 68895 | N41: Al Bayt Stadium, Al Khor | O41: Danny Makkelie (Referee) · Hessel Steegstra (AR1) · Jan de Vries (AR2) · István Kovács (4th) · Pol van Boekel (VAR) | P41: Group stage | Q41: 44892 | R41: 1–1 | S41: Danny Makkelie | U41: Qatar | V41: 2022 | W41: Álvaro Morata · 62 | X41: Niclas Füllkrug · 83 | Y41: ['62&rsquor;|1:0|Álvaro Morata|Assist:|Jordi Alba'] | Z41: ['83&rsquor;|1:1|Niclas Füllkrug|Assist:|Jamal Musiala'] | AO41: ['44&rsquor;|0:0|Sergio Busquets'] | AP41: ['37&rsquor;|0:0|Thilo Kehrer', '58&rsquor;|0:0|Leon Goretzka', '60&rsquor;|0:0|Joshua Kimmich'] | AQ41: ['54&rsquor;|0:0|Álvaro Morata|for Ferrán Torres', '66&rsquor;|1:0|Koke|for Marco Asensio', '66&rsquor;|1:0|Nico Williams|for Gavi', '82&rsquor;|1:0|Alejandro Balde|for Jordi Alba'] | AR41: ['70&rsquor;|1:0|Lukas Klostermann|for Thilo Kehrer', '70&rsquor;|1:0|Niclas Füllkrug|for Thomas Müller', '70&rsquor;|1:0|Leroy Sané|for İlkay Gündoğan', '85&rsquor;|1:1|Jonas Hofmann|for Serge Gnabry', '87&rsquor;|1:1|Nico Schlotterbeck|for David Raum']
A42: Tunisia | B42: Australia | C42: 0 | D42: 0.9 | F42: 1 | G42: 0.6 | I42: Jalel Kadri | J42: Youssef Msakni | K42: Graham Arnold | L42: Mathew Ryan | M42: 41823 | N42: Al Janoub Stadium, Al Wakrah | O42: Daniel Siebert (Referee) · Rafael Foltyn (AR1) · Jan Seidel (AR2) · Said Martínez (4th) · Bastian Dankert (VAR) | P42: Group stage | Q42: 44891 | R42: 0–1 | S42: Daniel Siebert | U42: Qatar | V42: 2022 | X42: Mitchell Duke · 23 | Z42: ['23&rsquor;|0:1|Mitchell Duke|Assist:|Craig Goodwin'] | AO42: ['26&rsquor;|0:1|Aïssa Laïdouni', '65&rsquor;|0:1|Ali Abdi', '90+3&rsquor;|0:1|Ferjani Sassi'] | AQ42: ['46&rsquor;|0:1|Ferjani Sassi|for Mohamed Dräger', '67&rsquor;|0:1|Wahbi Khazri|for Aïssa Laïdouni', '73&rsquor;|0:1|Wajdi Kechrida|for Dylan Bronn', '73&rsquor;|0:1|Taha Yassine Khenissi|for Issam Jebali'] | AR42: ['64&rsquor;|0:1|Ajdin Hrustic|for Riley McGree', '64&rsquor;|0:1|Jamie Maclaren|for Mitchell Duke', '75&rsquor;|0:1|Miloš Degenek|for Fran Karačić', '85&rsquor;|0:1|Awer Mabil|for Craig Goodwin', '85&rsquor;|0:1|Keanu Baccus|for Mathew Leckie']
A43: Poland | B43: Saudi Arabia | C43: 2 | D43: 1.6 | F43: 0 | G43: 1.7 | I43: Czesław Michniewicz | J43: Robert Lewandowski | K43: Hervé Renard | L43: Salem Al-Dawsari | M43: 44259 | N43: Education City Stadium, Doha | O43: Wilton Sampaio (Referee) · Bruno Boschilia (AR1) · Bruno Pires (AR2) · Kevin Ortega (4th) · Drew Fischer (VAR) | P43: Group stage | Q43: 44891 | R43: 2–0 | S43: Wilton Sampaio | U43: Qatar | V43: 2022 | W43: Piotr Zieliński · 39|Robert Lewandowski · 82 | Y43: ['39&rsquor;|1:0|Piotr Zieliński|Assist:|Robert Lewandowski', '82&rsquor;|2:0|Robert Lewandowski'] | AF43: ['45+1&rsquor;|1:0|Salem Al-Dawsari|Penalty saved by Wojciech Szczęsny'] | AO43: ['15&rsquor;|0:0|Jakub Kiwior', '16&rsquor;|0:0|Matty Cash', '19&rsquor;|0:0|Arkadiusz Milik'] | AP43: ['20&rsquor;|0:0|Abdulellah Al-Malki', '45+4&rsquor;|1:0|Abdulelah Al-Amri'] | AQ43: ['63&rsquor;|1:0|Jakub Kamiński|for Piotr Zieliński', '71&rsquor;|1:0|Krzysztof Piątek|for Arkadiusz Milik'] | AR43: ['46&rsquor;|1:0|Nawaf Al Abed|for Sami Al-Najei', '65&rsquor;|1:0|Sultan Al-Ghanam|for Mohammed Al-Breik', '85&rsquor;|2:0|Abdulrahman Al-Aboud|for Abdulellah Al-Malki', '86&rsquor;|2:0|Nasser Al-Dawsari|for Saleh Al-Shehri', '90+5&rsquor;|2:0|Hattan Bahebri|for Nawaf Al Abed']
A44: France | B44: Denmark | C44: 2 | D44: 2.4 | F44: 1 | G44: 0.6 | I44: Didier Deschamps | J44: Hugo Lloris | K44: Kasper Hjulmand | L44: Kasper Schmeichel | M44: 42860 | N44: Stadium 974, Doha | O44: Szymon Marciniak (Referee) · Paweł Sokolnicki (AR1) · Tomasz Listkiewicz (AR2) · Ma Ning (4th) · Tomasz Kwiatkowski (VAR) | P44: Group stage | Q44: 44891 | R44: 2–1 | S44: Szymon Marciniak | U44: Qatar | V44: 2022 | W44: Kylian Mbappé · 61|Kylian Mbappé · 86 | X44: Andreas Christensen · 68 | Y44: ['61&rsquor;|1:0|Kylian Mbappé|Assist:|Theo Hernández', '86&rsquor;|2:1|Kylian Mbappé|Assist:|Antoine Griezmann'] | Z44: ['68&rsquor;|1:1|Andreas Christensen|Assist:|Joachim Andersen'] | AO44: ['43&rsquor;|0:0|Jules Koundé'] | AP44: ['20&rsquor;|0:0|Andreas Christensen', '23&rsquor;|0:0|Andreas Cornelius'] | AQ44: ['63&rsquor;|1:0|Marcus Thuram|for Olivier Giroud', '75&rsquor;|1:1|Ibrahima Konaté|for Raphaël Varane', '75&rsquor;|1:1|Kingsley Coman|for Ousmane Dembélé', '90+3&rsquor;|2:1|Youssouf Fofana|for Antoine Griezmann'] | AR44: ['46&rsquor;|0:0|Martin Braithwaite|for Andreas Cornelius', '73&rsquor;|1:1|Kasper Dolberg|for Mikkel Damsgaard', '85&rsquor;|1:1|Christian Nørgaard|for Jesper Lindstrøm', '90+2&rsquor;|2:1|Alexander Bah|for Rasmus Nissen']
A45: Argentina | B45: Mexico | C45: 2 | D45: 0.3 | F45: 0 | G45: 0.3 | I45: Lionel Scaloni | J45: Lionel Messi | K45: Tata Martino | L45: Andrés Guardado | M45: 88966 | N45: Lusail Iconic Stadium, Lusail | O45: Daniele Orsato (Referee) · Ciro Carbone (AR1) · Alessandro Giallatini (AR2) · István Kovács (4th) · Massimiliano Irrati (VAR) | P45: Group stage | Q45: 44891 | R45: 2–0 | S45: Daniele Orsato | U45: Qatar | V45: 2022 | W45: Lionel Messi · 64|Enzo Fernández · 87 | Y45: ['64&rsquor;|1:0|Lionel Messi|Assist:|Ángel Di María', '87&rsquor;|2:0|Enzo Fernández|Assist:|Lionel Messi'] | AO45: ['43&rsquor;|0:0|Gonzalo Montiel'] | AP45: ['22&rsquor;|0:0|Néstor Araujo', '50&rsquor;|0:0|Erick Gutiérrez', '66&rsquor;|1:0|Héctor Herrera', '89&rsquor;|2:0|Roberto Alvarado'] | AQ45: ['57&rsquor;|0:0|Enzo Fernández|for Guido Rodríguez', '63&rsquor;|0:0|Julián Álvarez|for Lautaro Martínez', '63&rsquor;|0:0|Nahuel Molina|for Gonzalo Montiel', '69&rsquor;|1:0|Exequiel Palacios|for Alexis Mac Allister', '69&rsquor;|1:0|Cristian Romero|for Ángel Di María'] | AR45: ['42&rsquor;|0:0|Erick Gutiérrez|for Andrés Guardado', '66&rsquor;|1:0|Uriel Antuna|for Alexis Vega', '66&rsquor;|1:0|Raúl Jiménez|for Kevin Álvarez', '73&rsquor;|1:0|Roberto Alvarado|for Hirving Lozano']
A46: Wales | B46: IR Iran | C46: 0 | D46: 0.9 | F46: 2 | G46: 1.4 | I46: Rob Page | J46: Gareth Bale | K46: Carlos Queiroz | L46: Ehsan Hajsafi | M46: 40875 | N46: Ahmed bin Ali Stadium, Umm al-Afā'ī | O46: Mario Escobar (Referee) · Caleb Wales (AR1) · Juan Carlos Mora (AR2) · Maguette Ndiaye (4th) · Drew Fischer (VAR) | P46: Group stage | Q46: 44890 | R46: 0–2 | S46: Mario Escobar | U46: Qatar | V46: 2022 | X46: Roozbeh Cheshmi · 90+9|Ramin Rezaeian · 90+11 | Z46: ['90+9&rsquor;|0:1|Roozbeh Cheshmi', '90+11&rsquor;|0:2|Ramin Rezaeian|Assist:|Mehdi Taremi'] | AK46: Wayne Hennessey · 86 | AO46: ['45+3&rsquor;|0:0|Joe Rodon'] | AP46: ['90+5&rsquor;|0:0|Ramin Rezaeian', '90+5&rsquor;|0:0|Alireza Jahanbakhsh'] | AQ46: ['57&rsquor;|0:0|Brennan Johnson|for Connor Roberts', '58&rsquor;|0:0|Daniel James|for Harry Wilson', '77&rsquor;|0:0|Joe Allen|for Ethan Ampadu', '87&rsquor;|0:0|Danny Ward|for Aaron Ramsey'] | AR46: ['68&rsquor;|0:0|Karim Ansarifard|for Sardar Azmoun', '77&rsquor;|0:0|Alireza Jahanbakhsh|for Ali Gholizadeh', '77&rsquor;|0:0|Mehdi Torabi|for Ehsan Hajsafi', '78&rsquor;|0:0|Roozbeh Cheshmi|for Ahmad Nourollahi', '83&rsquor;|0:0|Ali Karimi|for Saeid Ezatolahi']
A47: Qatar | B47: Senegal | C47: 1 | D47: 1 | F47: 3 | G47: 0.8 | I47: Félix Sánchez | J47: Hassan Al-Haydos | K47: Aliou Cissé | L47: Kalidou Koulibaly | M47: 41797 | N47: Al Thumama Stadium, ath-Thumāma | O47: Antonio Matéu (Referee) · Pau Cebrián (AR1) · Roberto Díaz (AR2) · Kevin Ortega (4th) · Alejandro Hernández (VAR) | P47: Group stage | Q47: 44890 | R47: 1–3 | S47: Antonio Matéu | U47: Qatar | V47: 2022 | W47: Mohammed Muntari · 78 | X47: Boulaye Dia · 41|Famara Diedhiou · 48|Bamba Dieng · 84 | Y47: ['78&rsquor;|1:2|Mohammed Muntari|Assist:|Ismail Mohamad'] | Z47: ['41&rsquor;|0:1|Boulaye Dia', '48&rsquor;|0:2|Famara Diedhiou|Assist:|Ismail Jakobs', '84&rsquor;|1:3|Bamba Dieng|Assist:|Iliman Ndiaye'] | AO47: ['20&rsquor;|0:0|Ismail Mohamad', '45+2&rsquor;|0:1|Homam Ahmed', '90+1&rsquor;|1:3|Assim Madibo'] | AP47: ['30&rsquor;|0:0|Boulaye Dia', '52&rsquor;|0:2|Ismail Jakobs', '87&rsquor;|1:3|Pathé Ciss'] | AQ47: ['69&rsquor;|0:2|Abdulaziz Hatem|for Karim Boudiaf', '74&rsquor;|0:2|Mohammed Muntari|for Hassan Al-Haydos', '83&rsquor;|1:2|Mohammed Waad|for Homam Ahmed', '83&rsquor;|1:2|Tarek Salman|for Ró-Ró'] | AR47: ['64&rsquor;|0:2|Pathé Ciss|for Krépin Diatta', '74&rsquor;|0:2|Bamba Dieng|for Famara Diedhiou', '75&rsquor;|0:2|Iliman Ndiaye|for Ismaila Sarr', '77&rsquor;|0:2|Pape Abou Cissé|for Ismail Jakobs', '77&rsquor;|0:2|Pape Matar Sarr|for Nampalys Mendy']
A48: Netherlands | B48: Ecuador | C48: 1 | D48: 0.1 | F48: 1 | G48: 1.7 | I48: Louis van Gaal | J48: Virgil van Dijk | K48: Gustavo Alfaro | L48: Enner Valencia | M48: 44833 | N48: Khalifa International Stadium, Doha | O48: Mustapha Ghorbal (Referee) · Mokrane Gourari (AR1) · Abdelhak Etchiali (AR2) · Said Martínez (4th) · Shaun Evans (VAR) | P48: Group stage | Q48: 44890 | R48: 1–1 | S48: Mustapha Ghorbal | U48: Qatar | V48: 2022 | W48: Cody Gakpo · 6 | X48: Enner Valencia · 49 | Y48: ['6&rsquor;|1:0|Cody Gakpo|Assist:|Davy Klaassen'] | Z48: ['49&rsquor;|1:1|Enner Valencia'] | AP48: ['57&rsquor;|1:1|Jhegson Méndez'] | AQ48: ['46&rsquor;|1:0|Memphis|for Steven Bergwijn', '69&rsquor;|1:1|Steven Berghuis|for Davy Klaassen', '79&rsquor;|1:1|Marten de Roon|for Teun Koopmeiners', '80&rsquor;|1:1|Wout Weghorst|for Cody Gakpo'] | AR48: ['74&rsquor;|1:1|Jeremy Sarmiento|for Michael Estrada', '90&rsquor;|1:1|Kevin Rodríguez|for Enner Valencia', '90&rsquor;|1:1|Romario Ibarra|for Gonzalo Plata']
A49: England | B49: United States | C49: 0 | D49: 0.8 | F49: 0 | G49: 0.6 | I49: Gareth Southgate | J49: Harry Kane | K49: Gregg Berhalter | L49: Tyler Adams | M49: 68463 | N49: Al Bayt Stadium, Al Khor | O49: Jesús Valenzuela (Referee) · Jorge Urrego (AR1) · Tulio Moreno (AR2) · Yoshimi Yamashita (4th) · Juan Soto (VAR) | P49: Group stage | Q49: 44890 | R49: 0–0 | S49: Jesús Valenzuela | U49: Qatar | V49: 2022 | AQ49: ['68&rsquor;|0:0|Jack Grealish|for Raheem Sterling', '69&rsquor;|0:0|Jordan Henderson|for Jude Bellingham', '78&rsquor;|0:0|Marcus Rashford|for Bukayo Saka'] | AR49: ['77&rsquor;|0:0|Brenden Aaronson|for Weston McKennie', '78&rsquor;|0:0|Shaquell Moore|for Sergiño Dest', '83&rsquor;|0:0|Gio Reyna|for Timothy Weah', '83&rsquor;|0:0|Josh Sargent|for Haji Wright']
A50: Switzerland | B50: Cameroon | C50: 1 | D50: 1.4 | F50: 0 | G50: 0.7 | I50: Murat Yakin | J50: Granit Xhaka | K50: Rigobert Song | L50: Eric Maxim Choupo-Moting | M50: 39089 | N50: Al Janoub Stadium, Al Wakrah | O50: Facundo Tello (Referee) · Ezequiel Brailovsky (AR1) · Gabriel Chade (AR2) · Said Martínez (4th) · Mauro Vigliano (VAR) | P50: Group stage | Q50: 44889 | R50: 1–0 | S50: Facundo Tello | U50: Qatar | V50: 2022 | W50: Breel Embolo · 48 | Y50: ['48&rsquor;|1:0|Breel Embolo|Assist:|Xherdan Shaqiri'] | AO50: ['64&rsquor;|1:0|Nico Elvedi', '83&rsquor;|1:0|Manuel Akanji'] | AP50: ['36&rsquor;|0:0|Collins Fai'] | AQ50: ['71&rsquor;|1:0|Fabian Frei|for Djibril Sow', '72&rsquor;|1:0|Noah Okafor|for Xherdan Shaqiri', '72&rsquor;|1:0|Haris Seferović|for Breel Embolo', '81&rsquor;|1:0|Fabian Rieder|for Ruben Vargas', '90&rsquor;|1:0|Eray Cömert|for Ricardo Rodríguez'] | AR50: ['68&rsquor;|1:0|Gaël Ondoua|for Martin Hongla', '74&rsquor;|1:0|Vincent Aboubakar|for Eric Maxim Choupo-Moting', "74&rsquor;|1:0|Georges-Kévin N'Koudou|for Karl Toko Ekambi", '81&rsquor;|1:0|Moumi Ngamaleu|for André Onana']
A51: Uruguay | B51: Korea Republic | C51: 0 | D51: 0.6 | F51: 0 | G51: 0.6 | I51: Diego Alonso | J51: Diego Godín | K51: Paulo Bento | L51: Son Heung-min | M51: 41663 | N51: Education City Stadium, Doha | O51: Clément Turpin (Referee) · Nicolas Danos (AR1) · Cyril Gringore (AR2) · István Kovács (4th) · Jérôme Brisard (VAR) | P51: Group stage | Q51: 44889 | R51: 0–0 | S51: Clément Turpin | U51: Qatar | V51: 2022 | AO51: ['57&rsquor;|0:0|Martín Cáceres'] | AP51: ['88&rsquor;|0:0|Cho Guesung', '90+8&rsquor;|0:0|Paulo Bento'] | AQ51: ['64&rsquor;|0:0|Edinson Cavani|for Luis Suárez', '78&rsquor;|0:0|Nicolás De La Cruz|for Matías Vecino', '79&rsquor;|0:0|Matías Viña|for Mathías Olivera', '88&rsquor;|0:0|Guillermo Varela|for Facundo Pellistri'] | AR51: ['74&rsquor;|0:0|Cho Guesung|for Hwang Ui-jo', '74&rsquor;|0:0|Son Jun-ho|for Lee Jae-sung', '75&rsquor;|0:0|Lee Kangin|for Na Sang-ho']
A52: Portugal | B52: Ghana | C52: 3 | D52: 2 | F52: 2 | G52: 0.9 | I52: Fernando Santos | J52: Cristiano Ronaldo | K52: Otto Addo | L52: André Ayew | M52: 42662 | N52: Stadium 974, Doha | O52: Ismail Elfath (Referee) · Kyle Atkins (AR1) · Corey Parker (AR2) · Stéphanie Frappart (4th) · Armando Villarreal (VAR) | P52: Group stage | Q52: 44889 | R52: 3–2 | S52: Ismail Elfath | U52: Qatar | V52: 2022 | W52: João Félix · 78|Rafael Leão · 80 | X52: André Ayew · 73|Osman Bukari · 89 | Y52: ['78&rsquor;|2:1|João Félix|Assist:|Bruno Fernandes', '80&rsquor;|3:1|Rafael Leão|Assist:|Bruno Fernandes'] | Z52: ['73&rsquor;|1:1|André Ayew', '89&rsquor;|3:2|Osman Bukari'] | AC52: Cristiano Ronaldo (P) · 65 | AO52: ['90+1&rsquor;|3:2|Danilo Pereira', '90+5&rsquor;|3:2|Bruno Fernandes'] | AP52: ['45&rsquor;|0:0|Kudus Mohammed', '49&rsquor;|0:0|André Ayew', '57&rsquor;|0:0|Alidu Seidu', '90+1&rsquor;|3:2|Daniel Amartey'] | AQ52: ['56&rsquor;|0:0|William Carvalho|for Otávio', '77&rsquor;|1:1|Rafael Leão|for Rúben Neves', '88&rsquor;|3:1|João Mário|for Cristiano Ronaldo', '88&rsquor;|3:1|Gonçalo Ramos|for João Félix', '88&rsquor;|3:1|João Palhinha|for Bernardo Silva'] | AR52: ['66&rsquor;|1:0|Tariq Lamptey|for Alidu Seidu', '77&rsquor;|1:1|Osman Bukari|for Kudus Mohammed', '77&rsquor;|1:1|Jordan Ayew|for André Ayew', '90+2&rsquor;|3:2|Daniel Kyereh|for Salis Abdul Samed', '90+2&rsquor;|3:2|Antoine Semenyo|for Alexander Djiku']
A53: Brazil | B53: Serbia | C53: 2 | D53: 2.4 | F53: 0 | G53: 0.2 | I53: Tite | J53: Thiago Silva | K53: Dragan Stojković | L53: Dušan Tadić | M53: 88103 | N53: Lusail Iconic Stadium, Lusail | O53: Alireza Faghani (Referee) · Mohammadreza Mansouri (AR1) · Mohammadreza Abolfazli (AR2) · Maguette Ndiaye (4th) · Abdulla Ali Al Marri (VAR) | P53: Group stage | Q53: 44889 | R53: 2–0 | S53: Alireza Faghani | U53: Qatar | V53: 2022 | W53: Richarlison · 62|Richarlison · 73 | Y53: ['62&rsquor;|1:0|Richarlison', '73&rsquor;|2:0|Richarlison|Assist:|Vinicius Júnior'] | AP53: ['7&rsquor;|0:0|Strahinja Pavlović', '49&rsquor;|0:0|Nemanja Gudelj', '64&rsquor;|1:0|Saša Lukić'] | AQ53: ['75&rsquor;|2:0|Fred|for Lucas Paquetá', '76&rsquor;|2:0|Rodrygo|for Vinicius Júnior', '79&rsquor;|2:0|Gabriel Jesus|for Richarlison', '80&rsquor;|2:0|Antony|for Neymar', '87&rsquor;|2:0|Martinelli|for Raphinha'] | AR53: ['57&rsquor;|0:0|Ivan Ilić|for Nemanja Gudelj', '57&rsquor;|0:0|Nemanja Radonjić|for Andrija Živković', '66&rsquor;|1:0|Darko Lazović|for Saša Lukić', '66&rsquor;|1:0|Dušan Vlahović|for Filip Mladenović', '83&rsquor;|2:0|Nemanja Maksimović|for Aleksandar Mitrović']
A54: Morocco | B54: Croatia | C54: 0 | D54: 0.4 | F54: 0 | G54: 0.5 | I54: Hoalid Regragui | J54: Romain Saïss | K54: Zlatko Dalić | L54: Luka Modrić | M54: 59407 | N54: Al Bayt Stadium, Al Khor | O54: Fernando Rapallini (Referee) · Juan Pablo Belatti (AR1) · Diego Bonfá (AR2) · Kevin Ortega (4th) · Julio Bascuñán (VAR) | P54: Group stage | Q54: 44888 | R54: 0–0 | S54: Fernando Rapallini | U54: Qatar | V54: 2022 | AO54: ['78&rsquor;|0:0|Sofyan Amrabat'] | AQ54: ['60&rsquor;|0:0|Yahya Attiat Allah|for Noussair Mazraoui', '66&rsquor;|0:0|Abdessamad Ezzalzouli|for Sofiane Boufal', '81&rsquor;|0:0|Abderrazak Hamdallah|for Youssef En-Nesyri', '82&rsquor;|0:0|Abdelhamid Sabiri|for Azzedine Ounahi'] | AR54: ['46&rsquor;|0:0|Mario Pašalić|for Nikola Vlašić', '71&rsquor;|0:0|Marko Livaja|for Andrej Kramarić', '79&rsquor;|0:0|Lovro Majer|for Mateo Kovačić', '90&rsquor;|0:0|Mislav Oršić|for Ivan Perišić']
A55: Germany | B55: Japan | C55: 1 | D55: 3.1 | F55: 2 | G55: 1.5 | I55: Hansi Flick | J55: Manuel Neuer | K55: Hajime Moriyasu | L55: Maya Yoshida | M55: 42608 | N55: Khalifa International Stadium, Doha | O55: Iván Barton (Referee) · David Morán (AR1) · Zachari Zeegelaar (AR2) · Said Martínez (4th) · Mauro Vigliano (VAR) | P55: Group stage | Q55: 44888 | R55: 1–2 | S55: Iván Barton | U55: Qatar | V55: 2022 | X55: Ritsu Doan · 75|Takuma Asano · 83 | Z55: ['75&rsquor;|1:1|Ritsu Doan', '83&rsquor;|1:2|Takuma Asano|Assist:|Ko Itakura'] | AC55: İlkay Gündoğan (P) · 33 | AQ55: ['67&rsquor;|1:0|Jonas Hofmann|for Thomas Müller', '67&rsquor;|1:0|Leon Goretzka|for İlkay Gündoğan', '79&rsquor;|1:1|Mario Götze|for Jamal Musiala', '79&rsquor;|1:1|Niclas Füllkrug|for Kai Havertz', '90&rsquor;|1:2|Youssoufa Moukoko|for Serge Gnabry'] | AR55: ['46&rsquor;|1:0|Takehiro Tomiyasu|for Takefusa Kubo', '57&rsquor;|1:0|Kaoru Mitoma|for Yuto Nagatomo', '57&rsquor;|1:0|Takuma Asano|for Daizen Maeda', '71&rsquor;|1:0|Ritsu Doan|for Ao Tanaka', '74&rsquor;|1:0|Takumi Minamino|for Hiroki Sakai']
A56: Spain | B56: Costa Rica | C56: 7 | D56: 3.5 | F56: 0 | G56: 0 | I56: Luis Enrique | J56: Sergio Busquets | K56: Luis Fernando Suárez | L56: Keylor Navas | M56: 40013 | N56: Al Thumama Stadium, ath-Thumāma | O56: Mohammed Abdulla Hassan (Referee) · Mohamed Ahmed Al Hammadi (AR1) · Hasan Mohamed Suqatari (AR2) · Ma Ning (4th) · Abdulla Ali Al Marri (VAR) | P56: Group stage | Q56: 44888 | R56: 7–0 | S56: Mohammed Abdulla Hassan | U56: Qatar | V56: 2022 | W56: Dani Olmo · 11|Marco Asensio · 21|Ferrán Torres · 54|Gavi · 74|Carlos Soler · 90|Álvaro Morata · 90+2 | Y56: ['11&rsquor;|1:0|Dani Olmo', '21&rsquor;|2:0|Marco Asensio|Assist:|Jordi Alba', '54&rsquor;|4:0|Ferrán Torres', '74&rsquor;|5:0|Gavi|Assist:|Álvaro Morata', '90&rsquor;|6:0|Carlos Soler', '90+2&rsquor;|7:0|Álvaro Morata|Assist:|Dani Olmo'] | AC56: Ferrán Torres (P) · 31 | AP56: ['68&rsquor;|4:0|Francisco Calvo', '90+7&rsquor;|7:0|Joel Campbell'] | AQ56: ['57&rsquor;|4:0|Álvaro Morata|for Ferrán Torres', '57&rsquor;|4:0|Carlos Soler|for Pedri', '64&rsquor;|4:0|Koke|for Sergio Busquets', '64&rsquor;|4:0|Alejandro Balde|for Jordi Alba', '69&rsquor;|4:0|Nico Williams|for Marco Asensio'] | AR56: ['46&rsquor;|3:0|Kendall Waston|for Carlos Martínez', '61&rsquor;|4:0|Álvaro Zamora|for Anthony Contreras', '61&rsquor;|4:0|Bryan Ruiz|for Jewison Bennette', '72&rsquor;|4:0|Brandon Aguilera|for Celso Borges', '82&rsquor;|5:0|Rónald Matarrita|for Bryan Oviedo']
A57: Belgium | B57: Canada | C57: 1 | D57: 0.8 | F57: 0 | G57: 2.4 | I57: Roberto Martínez | J57: Eden Hazard | K57: John Herdman | L57: Atiba Hutchinson | M57: 40432 | N57: Ahmed bin Ali Stadium, Umm al-Afā'ī | O57: Janny Sikazwe (Referee) · Jerson dos Santos (AR1) · Arsénio Marengula (AR2) · Yoshimi Yamashita (4th) · Juan Soto (VAR) | P57: Group stage | Q57: 44888 | R57: 1–0 | S57: Janny Sikazwe | U57: Qatar | V57: 2022 | W57: Michy Batshuayi · 44 | Y57: ['44&rsquor;|1:0|Michy Batshuayi|Assist:|Toby Alderweireld'] | AF57: ['10&rsquor;|0:0|Alphonso Davies|Penalty saved by Thibaut Courtois'] | AO57: ['9&rsquor;|0:0|Yannick Carrasco', '53&rsquor;|1:0|Thomas Meunier', '56&rsquor;|1:0|Amadou Onana'] | AP57: ['81&rsquor;|1:0|Alphonso Davies', '83&rsquor;|1:0|Alistair Johnston'] | AQ57: ['46&rsquor;|1:0|Amadou Onana|for Youri Tielemans', '46&rsquor;|1:0|Thomas Meunier|for Yannick Carrasco', '62&rsquor;|1:0|Leandro Trossard|for Eden Hazard', '78&rsquor;|1:0|Loïs Openda|for Michy Batshuayi'] | AR57: ['58&rsquor;|1:0|Ismaël Koné|for Atiba Hutchinson', '58&rsquor;|1:0|Cyle Larin|for Junior Hoilett', '74&rsquor;|1:0|Sam Adekugbe|for Richie Laryea', '81&rsquor;|1:0|Jonathan Osorio|for Stephen Eustáquio', '81&rsquor;|1:0|Liam Millar|for Tajon Buchanan']
A58: Argentina | B58: Saudi Arabia | C58: 1 | D58: 2.2 | F58: 2 | G58: 0.1 | I58: Lionel Scaloni | J58: Lionel Messi | K58: Hervé Renard | L58: Salman Al-Faraj | M58: 88012 | N58: Lusail Iconic Stadium, Lusail | O58: Slavko Vinčič (Referee) · Tomaž Klančnik (AR1) · Andraž Kovačič (AR2) · Maguette Ndiaye (4th) · Pol van Boekel (VAR) | P58: Group stage | Q58: 44887 | R58: 1–2 | S58: Slavko Vinčič | U58: Qatar | V58: 2022 | X58: Saleh Al-Shehri · 48|Salem Al-Dawsari · 53 | Z58: ['48&rsquor;|1:1|Saleh Al-Shehri|Assist:|Firas Al-Buraikan', '53&rsquor;|1:2|Salem Al-Dawsari'] | AC58: Lionel Messi (P) · 10 | AP58: ['67&rsquor;|1:2|Abdulellah Al-Malki', '75&rsquor;|1:2|Ali Al-Bulaihi', '79&rsquor;|1:2|Salem Al-Dawsari', '82&rsquor;|1:2|Saud Abdulhamid', '88&rsquor;|1:2|Nawaf Al Abed', '90+2&rsquor;|1:2|Mohammed Al-Owais'] | AQ58: ['59&rsquor;|1:2|Lisandro Martínez|for Cristian Romero', '59&rsquor;|1:2|Julián Álvarez|for Papu Gómez', '59&rsquor;|1:2|Enzo Fernández|for Leandro Paredes', '71&rsquor;|1:2|Marcos Acuña|for Nicolás Tagliafico'] | AR58: ['45+4&rsquor;|1:0|Nawaf Al Abed|for Salman Al-Faraj', '78&rsquor;|1:2|Sultan Al-Ghanam|for Saleh Al-Shehri', '89&rsquor;|1:2|Abdulelah Al-Amri|for Nawaf Al Abed', '89&rsquor;|1:2|Asiri Haitham|for Firas Al-Buraikan', '90+9&rsquor;|1:2|Mohammed Al-Breik|for Yasser Al-Shahrani']
A59: Denmark | B59: Tunisia | C59: 0 | D59: 1.4 | F59: 0 | G59: 0.9 | I59: Kasper Hjulmand | J59: Simon Kjær | K59: Jalel Kadri | L59: Youssef Msakni | M59: 42925 | N59: Education City Stadium, Doha | O59: César Arturo Ramos (Referee) · Alberto Morín (AR1) · Miguel Ángel Hernández (AR2) · Said Martínez (4th) · Fernando Guerrero (VAR) | P59: Group stage | Q59: 44887 | R59: 0–0 | S59: César Arturo Ramos | U59: Qatar | V59: 2022 | AO59: ['24&rsquor;|0:0|Rasmus Nissen', '78&rsquor;|0:0|Mathias Jensen'] | AP59: ['86&rsquor;|0:0|Taha Yassine Khenissi'] | AQ59: ['45+1&rsquor;|0:0|Mikkel Damsgaard|for Thomas Delaney', '65&rsquor;|0:0|Mathias Jensen|for Simon Kjær', '65&rsquor;|0:0|Andreas Cornelius|for Kasper Dolberg', '65&rsquor;|0:0|Jesper Lindstrøm|for Andreas Skov Olsen'] | AR59: ['67&rsquor;|0:0|Naïm Sliti|for Anis Ben Slimane', '80&rsquor;|0:0|Taha Yassine Khenissi|for Issam Jebali', '80&rsquor;|0:0|Hannibal Mejbri|for Youssef Msakni', '88&rsquor;|0:0|Wajdi Kechrida|for Mohamed Dräger', '88&rsquor;|0:0|Ferjani Sassi|for Aïssa Laïdouni']
A60: Mexico | B60: Poland | C60: 0 | D60: 0.7 | F60: 0 | G60: 0.9 | I60: Tata Martino | J60: Guillermo Ochoa | K60: Czesław Michniewicz | L60: Robert Lewandowski | M60: 39369 | N60: Stadium 974, Doha | O60: Chris Beath (Referee) · Anton Shchetinin (AR1) · Ashley Beecham (AR2) · Stéphanie Frappart (4th) · Shaun Evans (VAR) | P60: Group stage | Q60: 44887 | R60: 0–0 | S60: Chris Beath | U60: Qatar | V60: 2022 | AF60: ['58&rsquor;|0:0|Robert Lewandowski|Penalty saved by Guillermo Ochoa'] | AO60: ['29&rsquor;|0:0|Jorge Eduardo Sánchez', '56&rsquor;|0:0|Héctor Moreno'] | AP60: ['76&rsquor;|0:0|Przemysław Frankowski'] | AQ60: ['71&rsquor;|0:0|Raúl Jiménez|for Henry Martín', '71&rsquor;|0:0|Charly Rodríguez|for Héctor Herrera', '84&rsquor;|0:0|Uriel Antuna|for Alexis Vega'] | AR60: ['46&rsquor;|0:0|Krystian Bielik|for Nicola Zalewski', '72&rsquor;|0:0|Przemysław Frankowski|for Sebastian Szymański', '87&rsquor;|0:0|Arkadiusz Milik|for Piotr Zieliński']
A61: France | B61: Australia | C61: 4 | D61: 4 | F61: 1 | G61: 0.5 | I61: Didier Deschamps | J61: Hugo Lloris | K61: Graham Arnold | L61: Mathew Ryan | M61: 40875 | N61: Al Janoub Stadium, Al Wakrah | O61: Victor Gomes (Referee) · Zakhele Siwela (AR1) · Souru Phatsoane (AR2) · Salima Mukansanga (4th) · Drew Fischer (VAR) | P61: Group stage | Q61: 44887 | R61: 4–1 | S61: Victor Gomes | U61: Qatar | V61: 2022 | W61: Adrien Rabiot · 27|Olivier Giroud · 32|Kylian Mbappé · 68|Olivier Giroud · 71 | X61: Craig Goodwin · 9 | Y61: ['27&rsquor;|1:1|Adrien Rabiot|Assist:|Theo Hernández', '32&rsquor;|2:1|Olivier Giroud|Assist:|Adrien Rabiot', '68&rsquor;|3:1|Kylian Mbappé|Assist:|Ousmane Dembélé', '71&rsquor;|4:1|Olivier Giroud|Assist:|Kylian Mbappé'] | Z61: ['9&rsquor;|0:1|Craig Goodwin|Assist:|Mathew Leckie'] | AP61: ['55&rsquor;|2:1|Mitchell Duke', '80&rsquor;|4:1|Jackson Irvine', '90+4&rsquor;|4:1|Aaron Mooy'] | AQ61: ['13&rsquor;|0:1|Theo Hernández|for Lucas Hernández', '77&rsquor;|4:1|Youssouf Fofana|for Aurélien Tchouaméni', '77&rsquor;|4:1|Kingsley Coman|for Ousmane Dembélé', '89&rsquor;|4:1|Jules Koundé|for Benjamin Pavard', '89&rsquor;|4:1|Marcus Thuram|for Olivier Giroud'] | AR61: ['56&rsquor;|2:1|Jason Cummings|for Mitchell Duke', '73&rsquor;|4:1|Garang Kuol|for Craig Goodwin', '73&rsquor;|4:1|Awer Mabil|for Riley McGree', '85&rsquor;|4:1|Keanu Baccus|for Jackson Irvine', '85&rsquor;|4:1|Miloš Degenek|for Nathaniel Atkinson']
A62: England | B62: IR Iran | C62: 6 | D62: 2.1 | F62: 2 | G62: 1.4 | I62: Gareth Southgate | J62: Harry Kane | K62: Carlos Queiroz | L62: Ehsan Hajsafi | M62: 45334 | N62: Khalifa International Stadium, Doha | O62: Raphael Claus (Referee) · Rodrigo Correa (AR1) · Danilo Manis (AR2) · Kevin Ortega (4th) · Leodán González (VAR) | P62: Group stage | Q62: 44886 | R62: 6–2 | S62: Raphael Claus | U62: Qatar | V62: 2022 | W62: Jude Bellingham · 35|Bukayo Saka · 43|Raheem Sterling · 45+1|Bukayo Saka · 62|Marcus Rashford · 71|Jack Grealish · 90 | X62: Mehdi Taremi · 65 | Y62: ['35&rsquor;|1:0|Jude Bellingham|Assist:|Luke Shaw', '43&rsquor;|2:0|Bukayo Saka|Assist:|Harry Maguire', '45+1&rsquor;|3:0|Raheem Sterling|Assist:|Harry Kane', '62&rsquor;|4:0|Bukayo Saka|Assist:|Raheem Sterling', '71&rsquor;|5:1|Marcus Rashford|Assist:|Harry Kane', '90&rsquor;|6:1|Jack Grealish|Assist:|Callum Wilson'] | Z62: ['65&rsquor;|4:1|Mehdi Taremi|Assist:|Ali Gholizadeh'] | AD62: Mehdi Taremi (P) · 90+13 | AP62: ['25&rsquor;|0:0|Alireza Jahanbakhsh', '48&rsquor;|3:0|Morteza Pouraliganji'] | AQ62: ['70&rsquor;|4:1|Eric Dier|for Harry Maguire', '70&rsquor;|4:1|Marcus Rashford|for Bukayo Saka', '71&rsquor;|5:1|Jack Grealish|for Raheem Sterling', '71&rsquor;|5:1|Phil Foden|for Mason Mount', '76&rsquor;|5:1|Callum Wilson|for Harry Kane'] | AR62: ['20&rsquor;|0:0|Hossein Hosseini|for Alireza Beiranvand', '46&rsquor;|3:0|Hossein Kanaanizadegan|for Roozbeh Cheshmi', '46&rsquor;|3:0|Ali Gholizadeh|for Alireza Jahanbakhsh', '46&rsquor;|3:0|Saeid Ezatolahi|for Ali Karimi', '63&rsquor;|4:0|Mehdi Torabi|for Milad Mohammadi', '77&rsquor;|5:1|Sardar Azmoun|for Ahmad Nourollahi']
A63: Senegal | B63: Netherlands | C63: 0 | D63: 0.9 | F63: 2 | G63: 0.7 | I63: Aliou Cissé | J63: Kalidou Koulibaly | K63: Louis van Gaal | L63: Virgil van Dijk | M63: 41721 | N63: Al Thumama Stadium, ath-Thumāma | O63: Wilton Sampaio (Referee) · Bruno Boschilia (AR1) · Bruno Pires (AR2) · Andrés Matonte (4th) · Juan Soto (VAR) | P63: Group stage | Q63: 44886 | R63: 0–2 | S63: Wilton Sampaio | U63: Qatar | V63: 2022 | X63: Cody Gakpo · 84|Davy Klaassen · 90+9 | Z63: ['84&rsquor;|0:1|Cody Gakpo|Assist:|Frenkie de Jong', '90+9&rsquor;|0:2|Davy Klaassen'] | AO63: ['90+4&rsquor;|0:1|Nampalys Mendy', '90+6&rsquor;|0:1|Idrissa Gana Gueye'] | AP63: ['56&rsquor;|0:0|Matthijs de Ligt'] | AQ63: ['62&rsquor;|0:0|Ismail Jakobs|for Abdou Diallo', '69&rsquor;|0:0|Bamba Dieng|for Boulaye Dia', '73&rsquor;|0:0|Pape Gueye|for Cheikhou Kouyaté', '74&rsquor;|0:0|Nicolas Jackson|for Krépin Diatta'] | AR63: ['62&rsquor;|0:0|Memphis|for Vincent Janssen', '79&rsquor;|0:0|Davy Klaassen|for Steven Bergwijn', '79&rsquor;|0:0|Teun Koopmeiners|for Steven Berghuis', '90+4&rsquor;|0:1|Marten de Roon|for Cody Gakpo']
A64: United States | B64: Wales | C64: 1 | D64: 0.8 | F64: 1 | G64: 1.5 | I64: Gregg Berhalter | J64: Tyler Adams | K64: Rob Page | L64: Gareth Bale | M64: 43418 | N64: Ahmed bin Ali Stadium, Umm al-Afā'ī | O64: Abdulrahman Ibrahim Al Jassim (Referee) · Taleb Salem Al Marri (AR1) · Saoud Ahmed Al Maqaleh (AR2) · Ma Ning (4th) · Abdulla Ali Al Marri (VAR) | P64: Group stage | Q64: 44886 | R64: 1–1 | S64: Abdulrahman Ibrahim Al Jassim | U64: Qatar | V64: 2022 | W64: Timothy Weah · 36 | Y64: ['36&rsquor;|1:0|Timothy Weah|Assist:|Christian Pulisic'] | AD64: Gareth Bale (P) · 82 | AO64: ['11&rsquor;|0:0|Sergiño Dest', '13&rsquor;|0:0|Weston McKennie', '51&rsquor;|1:0|Tim Ream', '90+10&rsquor;|1:1|Kellyn Acosta'] | AP64: ['40&rsquor;|1:0|Gareth Bale', '45+2&rsquor;|1:0|Chris Mepham'] | AQ64: ['66&rsquor;|1:0|Brenden Aaronson|for Weston McKennie', '74&rsquor;|1:0|DeAndre Yedlin|for Sergiño Dest', '74&rsquor;|1:0|Kellyn Acosta|for Yunus Musah', '74&rsquor;|1:0|Haji Wright|for Josh Sargent', '88&rsquor;|1:1|Jordan Morris|for Timothy Weah'] | AR64: ['46&rsquor;|1:0|Kieffer Moore|for Daniel James', '79&rsquor;|1:0|Brennan Johnson|for Neco Williams', '90+3&rsquor;|1:1|Sorba Thomas|for Harry Wilson', '90+5&rsquor;|1:1|Joe Morrell|for Ethan Ampadu']
A65: Qatar | B65: Ecuador | C65: 0 | D65: 0.3 | F65: 2 | G65: 1.2 | I65: Félix Sánchez | J65: Hassan Al-Haydos | K65: Gustavo Alfaro | L65: Enner Valencia | M65: 67372 | N65: Al Bayt Stadium, Al Khor | O65: Daniele Orsato (Referee) · Ciro Carbone (AR1) · Alessandro Giallatini (AR2) · István Kovács (4th) · Massimiliano Irrati (VAR) | P65: Group stage | Q65: 44885 | R65: 0–2 | S65: Daniele Orsato | U65: Qatar | V65: 2022 | X65: Enner Valencia · 31 | Z65: ['31&rsquor;|0:2|Enner Valencia|Assist:|Ángelo Preciado'] | AD65: Enner Valencia (P) · 16 | AO65: ['15&rsquor;|0:0|Saad Al Sheeb', '22&rsquor;|0:1|Almoez Ali', '36&rsquor;|0:2|Karim Boudiaf', '78&rsquor;|0:2|Akram Afif'] | AP65: ['29&rsquor;|0:1|Moisés Caicedo', '56&rsquor;|0:2|Jhegson Méndez'] | AQ65: ['71&rsquor;|0:2|Mohammed Waad|for Hassan Al-Haydos', '72&rsquor;|0:2|Mohammed Muntari|for Almoez Ali'] | AR65: ['68&rsquor;|0:2|Jeremy Sarmiento|for Romario Ibarra', '77&rsquor;|0:2|José Cifuentes|for Enner Valencia', '90&rsquor;|0:2|Kevin Rodríguez|for Michael Estrada', '90&rsquor;|0:2|Alan Franco|for Moisés Caicedo']
A66: France | B66: Croatia | C66: 4 | D66: 1.1 | F66: 2 | G66: 1.1 | I66: Didier Deschamps | J66: Hugo Lloris | K66: Zlatko Dalić | L66: Luka Modrić | M66: 78011 | N66: Olimpiyskiy stadion Luzhniki, Moskva | O66: Néstor Pitana (Referee) · Hernán Maidana (AR1) · Juan Pablo Belatti (AR2) · Björn Kuipers (4th) · Massimiliano Irrati (VAR) | P66: Final | Q66: 43296 | R66: 4–2 | S66: Néstor Pitana | U66: Russia | V66: 2018 | W66: Paul Pogba · 59|Kylian Mbappé · 65 | X66: Ivan Perišić · 28|Mario Mandžukić · 69 | Y66: ['59&rsquor;|3:1|Paul Pogba', '65&rsquor;|4:1|Kylian Mbappé|Assist:|Lucas Hernández'] | Z66: ['28&rsquor;|1:1|Ivan Perišić|Assist:|Domagoj Vida', '69&rsquor;|4:2|Mario Mandžukić'] | AA66: Mario Mandžukić (OG) · 18 | AC66: Antoine Griezmann (P) · 38 | AO66: ["27&rsquor;|1:0|N'Golo Kanté", '41&rsquor;|2:1|Lucas Hernández'] | AP66: ['90+2&rsquor;|4:2|Šime Vrsaljko'] | AQ66: ["54&rsquor;|2:1|Steven Nzonzi|for N'Golo Kanté", '73&rsquor;|4:2|Corentin Tolisso|for Blaise Matuidi', '81&rsquor;|4:2|Nabil Fekir|for Olivier Giroud'] | AR66: ['71&rsquor;|4:2|Andrej Kramarić|for Ante Rebić', '82&rsquor;|4:2|Marko Pjaca|for Ivan Strinić']
A67: Belgium | B67: England | C67: 2 | D67: 1.5 | F67: 0 | G67: 1 | I67: Roberto Martínez | J67: Eden Hazard | K67: Gareth Southgate | L67: Harry Kane | M67: 64406 | N67: Gazprom Arena, Sankt-Petersburg | O67: Alireza Faghani (Referee) · Reza Sokhandan (AR1) · Mohammadreza Mansouri (AR2) · Malang Diédhiou (4th) · Mark Geiger (VAR) | P67: Third-place match | Q67: 43295 | R67: 2–0 | S67: Alireza Faghani | U67: Russia | V67: 2018 | W67: Thomas Meunier · 4|Eden Hazard · 82 | Y67: ['4&rsquor;|1:0|Thomas Meunier|Assist:|Nacer Chadli', '82&rsquor;|2:0|Eden Hazard|Assist:|Kevin De Bruyne'] | AO67: ['90+3&rsquor;|2:0|Axel Witsel'] | AP67: ['52&rsquor;|1:0|John Stones', '77&rsquor;|1:0|Harry Maguire'] | AQ67: ['39&rsquor;|1:0|Thomas Vermaelen|for Nacer Chadli', '60&rsquor;|1:0|Dries Mertens|for Romelu Lukaku', '78&rsquor;|1:0|Mousa Dembélé|for Youri Tielemans'] | AR67: ['46&rsquor;|1:0|Jesse Lingard|for Danny Rose', '46&rsquor;|1:0|Marcus Rashford|for Raheem Sterling', '84&rsquor;|2:0|Dele Alli|for Ruben Loftus-Cheek']
A68: Croatia | B68: England | C68: 2 | D68: 1.7 | F68: 1 | G68: 0.6 | I68: Zlatko Dalić | J68: Luka Modrić | K68: Gareth Southgate | L68: Harry Kane | M68: 78011 | N68: Olimpiyskiy stadion Luzhniki, Moskva | O68: Cüneyt Çakιr (Referee) · Bahattin Duran (AR1) · Tarık Ongun (AR2) · Björn Kuipers (4th) · Danny Makkelie (VAR) | P68: Semi-finals | Q68: 43292 | R68: 2–1 | S68: Cüneyt Çakιr | T68: Required Extra Time | U68: Russia | V68: 2018 | W68: Ivan Perišić · 68|Mario Mandžukić · 109 | X68: Kieran Trippier · 5 | Y68: ['68&rsquor;|1:1|Ivan Perišić|Assist:|Šime Vrsaljko', '109&rsquor;|2:1|Mario Mandžukić|Assist:|Ivan Perišić'] | Z68: ['5&rsquor;|0:1|Kieran Trippier'] | AO68: ['48&rsquor;|0:1|Mario Mandžukić', '96&rsquor;|1:1|Ante Rebić'] | AP68: ['54&rsquor;|0:1|Kyle Walker'] | AQ68: ['95&rsquor;|1:1|Josip Pivarić|for Ivan Strinić', '101&rsquor;|1:1|Andrej Kramarić|for Ante Rebić', '115&rsquor;|2:1|Vedran Ćorluka|for Mario Mandžukić', '118&rsquor;|2:1|Milan Badelj|for Luka Modrić'] | AR68: ['74&rsquor;|1:1|Marcus Rashford|for Raheem Sterling', '91&rsquor;|1:1|Danny Rose|for Ashley Young', '97&rsquor;|1:1|Eric Dier|for Jordan Henderson', '112&rsquor;|2:1|Jamie Vardy|for Kyle Walker']
A69: France | B69: Belgium | C69: 1 | D69: 1.7 | F69: 0 | G69: 0.4 | I69: Didier Deschamps | J69: Hugo Lloris | K69: Roberto Martínez | L69: Eden Hazard | M69: 64286 | N69: Gazprom Arena, Sankt-Petersburg | O69: Andrés Cunha (Referee) · Nicolás Tarán (AR1) · Mauricio Espinosa (AR2) · César Arturo Ramos (4th) · Massimiliano Irrati (VAR) | P69: Semi-finals | Q69: 43291 | R69: 1–0 | S69: Andrés Cunha | U69: Russia | V69: 2018 | W69: Samuel Umtiti · 51 | Y69: ['51&rsquor;|1:0|Samuel Umtiti|Assist:|Antoine Griezmann'] | AO69: ["87&rsquor;|1:0|N'Golo Kanté", '90+3&rsquor;|1:0|Kylian Mbappé'] | AP69: ['63&rsquor;|1:0|Eden Hazard', '71&rsquor;|1:0|Toby Alderweireld', '90+4&rsquor;|1:0|Jan Vertonghen'] | AQ69: ['85&rsquor;|1:0|Steven Nzonzi|for Olivier Giroud', '86&rsquor;|1:0|Corentin Tolisso|for Blaise Matuidi'] | AR69: ['60&rsquor;|1:0|Dries Mertens|for Mousa Dembélé', '80&rsquor;|1:0|Yannick Carrasco|for Marouane Fellaini', '90+2&rsquor;|1:0|Michy Batshuayi|for Nacer Chadli']
A70: Sweden | B70: England | C70: 0 | D70: 0.5 | F70: 2 | G70: 1 | I70: Janne Andersson | J70: Andreas Granqvist | K70: Gareth Southgate | L70: Harry Kane | M70: 39991 | N70: Cosmos Arena, Samara | O70: Björn Kuipers (Referee) · Sander van Roekel (AR1) · Erwin Zeinstra (AR2) · Antonio Matéu Lahoz (4th) · Danny Makkelie (VAR) | P70: Quarter-finals | Q70: 43288 | R70: 0–2 | S70: Björn Kuipers | U70: Russia | V70: 2018 | X70: Harry Maguire · 30|Dele Alli · 59 | Z70: ['30&rsquor;|0:1|Harry Maguire|Assist:|Ashley Young', '59&rsquor;|0:2|Dele Alli|Assist:|Jesse Lingard'] | AO70: ['88&rsquor;|0:2|John Guidetti', '90+4&rsquor;|0:2|Seb Larsson'] | AP70: ['87&rsquor;|0:2|Harry Maguire'] | AQ70: ['65&rsquor;|0:2|John Guidetti|for Ola Toivonen', '65&rsquor;|0:2|Martin Olsson|for Emil Forsberg', '85&rsquor;|0:2|Pontus Jansson|for Emil Krafth'] | AR70: ['77&rsquor;|0:2|Fabian Delph|for Dele Alli', '85&rsquor;|0:2|Eric Dier|for Jordan Henderson', '90+1&rsquor;|0:2|Marcus Rashford|for Raheem Sterling']
A71: Russia | B71: Croatia | C71: 2 | D71: 1 | E71: 3 | F71: 2 | G71: 1.7 | H71: 4 | I71: Stanislav Cherchesov | J71: Igor Akinfeev | K71: Zlatko Dalić | L71: Luka Modrić | M71: 44287 | N71: Olimpiyskiy Stadion Fisht, Sochi | O71: Sandro Ricci (Referee) · Emerson de Carvalho (AR1) · Marcelo Van Gasse (AR2) · Janny Sikazwe (4th) · Massimiliano Irrati (VAR) | P71: Quarter-finals | Q71: 43288 | R71: (3) 2–2 (4) | S71: Sandro Ricci | T71: Croatia won on penalty kicks following extra time | U71: Russia | V71: 2018 | W71: Denis Cheryshev · 31|Mário Fernandes · 115 | X71: Andrej Kramarić · 39|Domagoj Vida · 101 | Y71: ['31&rsquor;|1:0|Denis Cheryshev|Assist:|Artem Dzyuba', '115&rsquor;|2:2|Mário Fernandes|Assist:|Alan Dzagoev'] | Z71: ['39&rsquor;|1:1|Andrej Kramarić|Assist:|Mario Mandžukić', '101&rsquor;|1:2|Domagoj Vida|Assist:|Luka Modrić'] | AG71: ['3|1:1|Alan Dzagoev', '7|2:2|Sergei Ignashevich', '9|3:3|Daler Kuzyaev'] | AH71: ['2|0:1|Marcelo Brozović', '6|1:2|Luka Modrić', '8|2:3|Domagoj Vida', '10|3:4|Ivan Rakitić'] | AI71: ['1|0:0|Fyodor Smolov', '5|1:1|Mário Fernandes'] | AJ71: ['4|1:1|Mateo Kovačić'] | AO71: ['109&rsquor;|1:2|Yuri Gazinskiy'] | AP71: ['35&rsquor;|1:0|Dejan Lovren', '38&rsquor;|1:0|Ivan Strinić', '101&rsquor;|1:2|Domagoj Vida', '114&rsquor;|1:2|Josip Pivarić'] | AQ71: ['54&rsquor;|1:1|Aleksandr Erokhin|for Aleksandr Samedov', '67&rsquor;|1:1|Fyodor Smolov|for Denis Cheryshev', '79&rsquor;|1:1|Yuri Gazinskiy|for Artem Dzyuba', '102&rsquor;|1:2|Alan Dzagoev|for Aleksandr Golovin'] | AR71: ['63&rsquor;|1:1|Marcelo Brozović|for Ivan Perišić', '74&rsquor;|1:1|Josip Pivarić|for Ivan Strinić', '88&rsquor;|1:1|Mateo Kovačić|for Andrej Kramarić', '97&rsquor;|1:1|Vedran Ćorluka|for Šime Vrsaljko']
A72: Uruguay | B72: France | C72: 0 | D72: 0.9 | F72: 2 | G72: 0.5 | I72: Óscar Tabárez | J72: Diego Godín | K72: Didier Deschamps | L72: Hugo Lloris | M72: 43319 | N72: Stadion Nizhny Novgorod, Nizhny Novgorod | O72: Néstor Pitana (Referee) · Hernán Maidana (AR1) · Juan Pablo Belatti (AR2) · Alireza Faghani (4th) · Massimiliano Irrati (VAR) | P72: Quarter-finals | Q72: 43287 | R72: 0–2 | S72: Néstor Pitana | U72: Russia | V72: 2018 | X72: Raphaël Varane · 40|Antoine Griezmann · 61 | Z72: ['40&rsquor;|0:1|Raphaël Varane|Assist:|Antoine Griezmann', '61&rsquor;|0:2|Antoine Griezmann|Assist:|Corentin Tolisso'] | AO72: ['38&rsquor;|0:0|Rodrigo Bentancur', '69&rsquor;|0:2|Cristian Rodríguez'] | AP72: ['33&rsquor;|0:0|Lucas Hernández', '69&rsquor;|0:2|Kylian Mbappé'] | AQ72: ['59&rsquor;|0:1|Maxi Gómez|for Cristhian Stuani', '59&rsquor;|0:1|Cristian Rodríguez|for Rodrigo Bentancur', '73&rsquor;|0:2|Jonathan Urretaviscaya|for Nahitan Nández'] | AR72: ['80&rsquor;|0:2|Steven Nzonzi|for Corentin Tolisso', '88&rsquor;|0:2|Ousmane Dembélé|for Kylian Mbappé', '90+3&rsquor;|0:2|Nabil Fekir|for Antoine Griezmann']
A73: Brazil | B73: Belgium | C73: 1 | D73: 2.8 | F73: 2 | G73: 0.5 | I73: Tite | J73: Miranda | K73: Roberto Martínez | L73: Eden Hazard | M73: 42873 | N73: Kazan Arena, Kazan | O73: Milorad Mažić (Referee) · Milovan Ristić (AR1) · Dalibor Đurđević (AR2) · Jair Marrufo (4th) · Daniele Orsato (VAR) | P73: Quarter-finals | Q73: 43287 | R73: 1–2 | S73: Milorad Mažić | U73: Russia | V73: 2018 | W73: Renato Augusto · 76 | X73: Kevin De Bruyne · 32 | Y73: ['76&rsquor;|1:2|Renato Augusto|Assist:|Philippe Coutinho'] | Z73: ['32&rsquor;|0:2|Kevin De Bruyne|Assist:|Romelu Lukaku'] | AB73: Fernandinho (OG) · 13 | AO73: ['85&rsquor;|1:2|Fernandinho', '90&rsquor;|1:2|Fagner'] | AP73: ['47&rsquor;|0:2|Toby Alderweireld', '71&rsquor;|0:2|Thomas Meunier'] | AQ73: ['46&rsquor;|0:2|Roberto Firmino|for Willian', '58&rsquor;|0:2|Douglas Costa|for Gabriel Jesus', '73&rsquor;|0:2|Renato Augusto|for Paulinho'] | AR73: ['83&rsquor;|1:2|Thomas Vermaelen|for Nacer Chadli', '87&rsquor;|1:2|Youri Tielemans|for Romelu Lukaku']
A74: Sweden | B74: Switzerland | C74: 1 | D74: 1.3 | F74: 0 | G74: 0.7 | I74: Janne Andersson | J74: Andreas Granqvist | K74: Vladimir Petković | L74: Valon Behrami | M74: 64042 | N74: Gazprom Arena, Sankt-Petersburg | O74: Damir Skomina (Referee) · Jure Praprotnik (AR1) · Robert Vukan (AR2) · Nawaf Shukralla (4th) · Daniele Orsato (VAR) | P74: Round of 16 | Q74: 43284 | R74: 1–0 | S74: Damir Skomina | U74: Russia | V74: 2018 | W74: Emil Forsberg · 66 | Y74: ['66&rsquor;|1:0|Emil Forsberg|Assist:|Ola Toivonen'] | AL74: Michael Lang · 90+3 | AO74: ['31&rsquor;|0:0|Mikael Lustig'] | AP74: ['61&rsquor;|0:0|Valon Behrami', '68&rsquor;|1:0|Granit Xhaka'] | AQ74: ['82&rsquor;|1:0|Martin Olsson|for Emil Forsberg', '82&rsquor;|1:0|Emil Krafth|for Mikael Lustig', '90+1&rsquor;|1:0|Isaac Kiese Thelin|for Marcus Berg'] | AR74: ['73&rsquor;|1:0|Breel Embolo|for Steven Zuber', '73&rsquor;|1:0|Haris Seferović|for Blerim Džemaili']
A75: Colombia | B75: England | C75: 1 | D75: 0.6 | E75: 3 | F75: 1 | G75: 2.1 | H75: 4 | I75: José Pekerman | J75: Radamel Falcao | K75: Gareth Southgate | L75: Harry Kane | M75: 44190 | N75: Otkrytie Arena, Moskva | O75: Mark Geiger (Referee) · Joe Fletcher (AR1) · Frank Anderson (AR2) · Matt Conger (4th) · Danny Makkelie (VAR) | P75: Round of 16 | Q75: 43284 | R75: (3) 1–1 (4) | S75: Mark Geiger | T75: England won on penalty kicks following extra time | U75: Russia | V75: 2018 | W75: Yerry Mina · 90+3 | Y75: ['90+3&rsquor;|1:1|Yerry Mina|Assist:|Juan Cuadrado'] | AD75: Harry Kane (P) · 57 | AG75: ['1|1:0|Radamel Falcao', '3|2:1|Juan Cuadrado', '5|3:2|Luis Muriel'] | AH75: ['2|1:1|Harry Kane', '4|2:2|Marcus Rashford', '8|3:3|Kieran Trippier', '10|3:4|Eric Dier'] | AI75: ['7|3:2|Mateus Uribe', '9|3:3|Carlos Bacca'] | AJ75: ['6|3:2|Jordan Henderson'] | AO75: ['41&rsquor;|0:0|Wílmar Barrios', '52&rsquor;|0:0|Santiago Arias', '54&rsquor;|0:0|Carlos Sánchez', '63&rsquor;|0:1|Radamel Falcao', '64&rsquor;|0:1|Carlos Bacca', '118&rsquor;|1:1|Juan Cuadrado'] | AP75: ['56&rsquor;|0:0|Jordan Henderson', '69&rsquor;|0:1|Jesse Lingard'] | AQ75: ['61&rsquor;|0:1|Carlos Bacca|for Jefferson Lerma', '79&rsquor;|0:1|Mateus Uribe|for Carlos Sánchez', '88&rsquor;|0:1|Luis Muriel|for Juan Quintero', '116&rsquor;|1:1|Cristián Zapata|for Santiago Arias'] | AR75: ['81&rsquor;|0:1|Eric Dier|for Dele Alli', '88&rsquor;|0:1|Jamie Vardy|for Raheem Sterling', '102&rsquor;|1:1|Danny Rose|for Ashley Young', '113&rsquor;|1:1|Marcus Rashford|for Kyle Walker']
A76: Brazil | B76: Mexico | C76: 2 | D76: 2.7 | F76: 0 | G76: 0.7 | I76: Tite | J76: Thiago Silva | K76: Juan Carlos Osorio | L76: Rafael Márquez | M76: 41970 | N76: Cosmos Arena, Samara | O76: Gianluca Rocchi (Referee) · Elenito Di Liberatore (AR1) · Mauro Tonolini (AR2) · Antonio Matéu Lahoz (4th) · Massimiliano Irrati (VAR) | P76: Round of 16 | Q76: 43283 | R76: 2–0 | S76: Gianluca Rocchi | U76: Russia | V76: 2018 | W76: Neymar · 51|Roberto Firmino · 88 | Y76: ['51&rsquor;|1:0|Neymar|Assist:|Willian', '88&rsquor;|2:0|Roberto Firmino|Assist:|Neymar'] | AO76: ['43&rsquor;|0:0|Filipe Luís', '59&rsquor;|1:0|Casemiro'] | AP76: ['38&rsquor;|0:0|Edson Álvarez', '55&rsquor;|1:0|Héctor Herrera', '77&rsquor;|1:0|Carlos Salcedo', '90+2&rsquor;|2:0|Andrés Guardado'] | AQ76: ['80&rsquor;|1:0|Fernandinho|for Paulinho', '86&rsquor;|1:0|Roberto Firmino|for Philippe Coutinho', '90+1&rsquor;|2:0|Marquinhos|for Willian'] | AR76: ['46&rsquor;|0:0|Miguel Layún|for Rafael Márquez', '55&rsquor;|1:0|Jonathan dos Santos|for Edson Álvarez', '60&rsquor;|1:0|Raúl Jiménez|for Javier Hernández']
A77: Belgium | B77: Japan | C77: 3 | D77: 2.5 | F77: 2 | G77: 0.7 | I77: Roberto Martínez | J77: Eden Hazard | K77: Akira Nishino | L77: Makoto Hasebe | M77: 41466 | N77: Rostov Arena, Rostov-na-Donu | O77: Malang Diédhiou (Referee) · Djibril Camara (AR1) · El Hadji Malick Samba (AR2) · Bakary Papa Gassama (4th) · Felix Zwayer (VAR) | P77: Round of 16 | Q77: 43283 | R77: 3–2 | S77: Malang Diédhiou | U77: Russia | V77: 2018 | W77: Jan Vertonghen · 69|Marouane Fellaini · 74|Nacer Chadli · 90+4 | X77: Genki Haraguchi · 48|Takashi Inui · 52 | Y77: ['69&rsquor;|1:2|Jan Vertonghen', '74&rsquor;|2:2|Marouane Fellaini|Assist:|Eden Hazard', '90+4&rsquor;|3:2|Nacer Chadli|Assist:|Thomas Meunier'] | Z77: ['48&rsquor;|0:1|Genki Haraguchi|Assist:|Gaku Shibasaki', '52&rsquor;|0:2|Takashi Inui|Assist:|Shinji Kagawa'] | AP77: ['40&rsquor;|0:0|Gaku Shibasaki'] | AQ77: ['65&rsquor;|0:2|Nacer Chadli|for Yannick Carrasco', '65&rsquor;|0:2|Marouane Fellaini|for Dries Mertens'] | AR77: ['81&rsquor;|2:2|Hotaru Yamaguchi|for Gaku Shibasaki', '81&rsquor;|2:2|Keisuke Honda|for Genki Haraguchi']
A78: Spain | B78: Russia | C78: 1 | D78: 1.8 | E78: 3 | F78: 1 | G78: 1 | H78: 4 | I78: Fernando Hierro | J78: Sergio Ramos | K78: Stanislav Cherchesov | L78: Igor Akinfeev | M78: 78011 | N78: Olimpiyskiy stadion Luzhniki, Moskva | O78: Björn Kuipers (Referee) · Sander van Roekel (AR1) · Erwin Zeinstra (AR2) · Clément Turpin (4th) · Danny Makkelie (VAR) | P78: Round of 16 | Q78: 43282 | R78: (3) 1–1 (4) | S78: Björn Kuipers | T78: Russia won on penalty kicks following extra time | U78: Russia | V78: 2018 | AA78: Sergei Ignashevich (OG) · 12 | AD78: Artem Dzyuba (P) · 42 | AG78: ['1|1:0|Andrés Iniesta', '3|2:1|Gerard Piqué', '7|3:3|Sergio Ramos'] | AH78: ['2|1:1|Fyodor Smolov', '4|2:2|Sergei Ignashevich', '6|2:3|Aleksandr Golovin', '8|3:4|Denis Cheryshev'] | AI78: ['5|2:2|Koke', '9|3:4|Iago Aspas'] | AO78: ['40&rsquor;|1:0|Gerard Piqué'] | AP78: ['54&rsquor;|1:1|Ilya Kutepov', '71&rsquor;|1:1|Roman Zobnin'] | AQ78: ['67&rsquor;|1:1|Andrés Iniesta|for David Silva', '70&rsquor;|1:1|Dani Carvajal|for Nacho', '80&rsquor;|1:1|Iago Aspas|for Diego Costa', '104&rsquor;|1:1|Rodrigo|for Marco Asensio'] | AR78: ['46&rsquor;|1:1|Vladimir Granat|for Yuri Zhirkov', '61&rsquor;|1:1|Denis Cheryshev|for Aleksandr Samedov', '65&rsquor;|1:1|Fyodor Smolov|for Artem Dzyuba', '97&rsquor;|1:1|Aleksandr Erokhin|for Daler Kuzyaev']
A79: Croatia | B79: Denmark | C79: 1 | D79: 2.5 | E79: 3 | F79: 1 | G79: 0.9 | H79: 2 | I79: Zlatko Dalić | J79: Luka Modrić | K79: Åge Hareide | L79: Simon Kjær | M79: 40851 | N79: Stadion Nizhny Novgorod, Nizhny Novgorod | O79: Néstor Pitana (Referee) · Hernán Maidana (AR1) · Juan Pablo Belatti (AR2) · Enrique Cáceres (4th) · Mauro Vigliano (VAR) | P79: Round of 16 | Q79: 43282 | R79: (3) 1–1 (2) | S79: Néstor Pitana | T79: Croatia won on penalty kicks following extra time | U79: Russia | V79: 2018 | W79: Mario Mandžukić · 4 | X79: Mathias Jørgensen · 1 | Y79: ['4&rsquor;|1:1|Mario Mandžukić'] | Z79: ['1&rsquor;|0:1|Mathias Jørgensen|Assist:|Thomas Delaney'] | AE79: ['116&rsquor;|1:1|Luka Modrić|Penalty saved by Kasper Schmeichel'] | AG79: ['4|1:1|Andrej Kramarić', '6|2:2|Luka Modrić', '10|3:2|Ivan Rakitić'] | AH79: ['3|0:1|Simon Kjær', '5|1:2|Michael Krohn-Dehli'] | AI79: ['2|0:0|Milan Badelj', '8|2:2|Josip Pivarić'] | AJ79: ['1|0:0|Christian Eriksen', '7|2:2|Lasse Schöne', '9|2:2|Nicolai Jørgensen'] | AP79: ['115&rsquor;|1:1|Mathias Jørgensen'] | AQ79: ['71&rsquor;|1:1|Mateo Kovačić|for Marcelo Brozović', '81&rsquor;|1:1|Josip Pivarić|for Ivan Strinić', '97&rsquor;|1:1|Andrej Kramarić|for Ivan Perišić', '108&rsquor;|1:1|Milan Badelj|for Mario Mandžukić'] | AR79: ['46&rsquor;|1:1|Lasse Schöne|for Andreas Christensen', '66&rsquor;|1:1|Nicolai Jørgensen|for Andreas Cornelius', '98&rsquor;|1:1|Michael Krohn-Dehli|for Thomas Delaney', '106&rsquor;|1:1|Pione Sisto|for Martin Braithwaite']
A80: France | B80: Argentina | C80: 4 | D80: 2.2 | F80: 3 | G80: 0.8 | I80: Didier Deschamps | J80: Hugo Lloris | K80: Jorge Sampaoli | L80: Lionel Messi | M80: 42873 | N80: Kazan Arena, Kazan | O80: Alireza Faghani (Referee) · Reza Sokhandan (AR1) · Mohammadreza Mansouri (AR2) · Julio Bascuñán (4th) · Massimiliano Irrati (VAR) | P80: Round of 16 | Q80: 43281 | R80: 4–3 | S80: Alireza Faghani | U80: Russia | V80: 2018 | W80: Benjamin Pavard · 57|Kylian Mbappé · 64|Kylian Mbappé · 68 | X80: Ángel Di María · 41|Gabriel Mercado · 48|Sergio Agüero · 90+3 | Y80: ['57&rsquor;|2:2|Benjamin Pavard|Assist:|Lucas Hernández', '64&rsquor;|3:2|Kylian Mbappé', '68&rsquor;|4:2|Kylian Mbappé|Assist:|Olivier Giroud'] | Z80: ['41&rsquor;|1:1|Ángel Di María|Assist:|Éver Banega', '48&rsquor;|1:2|Gabriel Mercado|Assist:|Lionel Messi', '90+3&rsquor;|4:3|Sergio Agüero|Assist:|Lionel Messi'] | AC80: Antoine Griezmann (P) · 13 | AO80: ['72&rsquor;|4:2|Blaise Matuidi', '73&rsquor;|4:2|Benjamin Pavard', '90+3&rsquor;|4:3|Olivier Giroud'] | AP80: ['11&rsquor;|0:0|Marcos Rojo', '19&rsquor;|1:0|Nicolás Tagliafico', '43&rsquor;|1:1|Javier Mascherano', '49&rsquor;|1:2|Éver Banega', '90+3&rsquor;|4:3|Nicolás Otamendi'] | AQ80: ['75&rsquor;|4:2|Corentin Tolisso|for Blaise Matuidi', '83&rsquor;|4:2|Nabil Fekir|for Antoine Griezmann', '89&rsquor;|4:2|Florian Thauvin|for Kylian Mbappé'] | AR80: ['46&rsquor;|1:1|Federico Fazio|for Marcos Rojo', '66&rsquor;|3:2|Sergio Agüero|for Enzo Pérez', '75&rsquor;|4:2|Maximiliano Meza|for Cristian Pavón']
A81: Uruguay | B81: Portugal | C81: 2 | D81: 0.6 | F81: 1 | G81: 1 | I81: Óscar Tabárez | J81: Diego Godín | K81: Fernando Santos | L81: Cristiano Ronaldo | M81: 44287 | N81: Olimpiyskiy Stadion Fisht, Sochi | O81: César Arturo Ramos (Referee) · Marvin Torrentera (AR1) · Miguel Ángel Hernández (AR2) · Jair Marrufo (4th) · Mark Geiger (VAR) | P81: Round of 16 | Q81: 43281 | R81: 2–1 | S81: César Arturo Ramos | U81: Russia | V81: 2018 | W81: Edinson Cavani · 7|Edinson Cavani · 62 | X81: Pepe · 55 | Y81: ['7&rsquor;|1:0|Edinson Cavani|Assist:|Luis Suárez', '62&rsquor;|2:1|Edinson Cavani|Assist:|Rodrigo Bentancur'] | Z81: ['55&rsquor;|1:1|Pepe|Assist:|Raphaël Guerreiro'] | AP81: ['90+3&rsquor;|2:1|Cristiano Ronaldo'] | AQ81: ['63&rsquor;|2:1|Cristian Rodríguez|for Rodrigo Bentancur', '74&rsquor;|2:1|Cristhian Stuani|for Edinson Cavani', '81&rsquor;|2:1|Carlos Sánchez|for Nahitan Nández'] | AR81: ['65&rsquor;|2:1|Ricardo Quaresma|for Adrien Silva', '74&rsquor;|2:1|André Silva|for Gonçalo Guedes', '85&rsquor;|2:1|Manuel Fernandes|for João Mário']
A82: Japan | B82: Poland | C82: 0 | D82: 0.7 | F82: 1 | G82: 1.4 | I82: Akira Nishino | J82: Eiji Kawashima | K82: Adam Nawałka | L82: Robert Lewandowski | M82: 42189 | N82: Volgograd Arena, Volgograd | O82: Janny Sikazwe (Referee) · Jerson dos Santos (AR1) · Zakhele Siwela (AR2) · Ricardo Montero (4th) · Daniele Orsato (VAR) | P82: Group stage | Q82: 43279 | R82: 0–1 | S82: Janny Sikazwe | U82: Russia | V82: 2018 | X82: Jan Bednarek · 59 | Z82: ['59&rsquor;|0:1|Jan Bednarek|Assist:|Rafał Kurzawa'] | AO82: ['66&rsquor;|0:1|Tomoaki Makino'] | AQ82: ['47&rsquor;|0:0|Yuya Osako|for Shinji Okazaki', '65&rsquor;|0:1|Takashi Inui|for Takashi Usami', '82&rsquor;|0:1|Makoto Hasebe|for Yoshinori Mutō'] | AR82: ['79&rsquor;|0:1|Łukasz Teodorczyk|for Piotr Zieliński', '80&rsquor;|0:1|Sławomir Peszko|for Rafał Kurzawa']
A83: Senegal | B83: Colombia | C83: 0 | D83: 0.5 | F83: 1 | G83: 0.3 | I83: Aliou Cissé | J83: Cheikhou Kouyaté | K83: José Pekerman | L83: Radamel Falcao | M83: 41970 | N83: Cosmos Arena, Samara | O83: Milorad Mažić (Referee) · Milovan Ristić (AR1) · Dalibor Đurđević (AR2) · Bamlak Tessema (4th) · Danny Makkelie (VAR) | P83: Group stage | Q83: 43279 | R83: 0–1 | S83: Milorad Mažić | U83: Russia | V83: 2018 | X83: Yerry Mina · 74 | Z83: ['74&rsquor;|0:1|Yerry Mina|Assist:|Juan Quintero'] | AO83: ["51&rsquor;|0:0|M'Baye Niang"] | AP83: ['45&rsquor;|0:0|Johan Mojica'] | AQ83: ['74&rsquor;|0:0|Moussa Wagué|for Youssouf Sabaly', '80&rsquor;|0:1|Moussa Konaté|for Keita Baldé', "86&rsquor;|0:1|Diafra Sakho|for M'Baye Niang"] | AR83: ['31&rsquor;|0:0|Luis Muriel|for James Rodríguez', '83&rsquor;|0:1|Jefferson Lerma|for Mateus Uribe', '89&rsquor;|0:1|Miguel Borja|for Radamel Falcao']
A84: England | B84: Belgium | C84: 0 | D84: 0.9 | F84: 1 | G84: 1.3 | I84: Gareth Southgate | J84: Eric Dier | K84: Roberto Martínez | L84: Thibaut Courtois | M84: 33973 | N84: Kaliningrad Stadium, Kaliningrad | O84: Damir Skomina (Referee) · Jure Praprotnik (AR1) · Robert Vukan (AR2) · Mohammed Abdulla Hassan (4th) · Artur Soares Dias (VAR) | P84: Group stage | Q84: 43279 | R84: 0–1 | S84: Damir Skomina | U84: Russia | V84: 2018 | X84: Adnan Januzaj · 51 | Z84: ['51&rsquor;|0:1|Adnan Januzaj|Assist:|Youri Tielemans'] | AP84: ['19&rsquor;|0:0|Youri Tielemans', '33&rsquor;|0:0|Leander Dendoncker'] | AQ84: ['46&rsquor;|0:0|Harry Maguire|for John Stones', '79&rsquor;|0:1|Danny Welbeck|for Marcus Rashford'] | AR84: ['74&rsquor;|0:1|Vincent Kompany|for Thomas Vermaelen', '86&rsquor;|0:1|Dries Mertens|for Adnan Januzaj']
A85: Panama | B85: Tunisia | C85: 1 | D85: 0.6 | F85: 2 | G85: 2.1 | I85: Hernán Darío Gómez | J85: Román Torres | K85: Nabil Maâloul | L85: Aymen Mathlouthi | M85: 37168 | N85: Mordovia Arena, Saransk | O85: Nawaf Shukralla (Referee) · Yaser Tulefat (AR1) · Taleb Salem Al Marri (AR2) · Mehdi Abid Charef (4th) · Tiago Martins (VAR) | P85: Group stage | Q85: 43279 | R85: 1–2 | S85: Nawaf Shukralla | U85: Russia | V85: 2018 | X85: Fakhreddine Ben Youssef · 51|Wahbi Khazri · 66 | Z85: ['51&rsquor;|1:1|Fakhreddine Ben Youssef|Assist:|Wahbi Khazri', '66&rsquor;|1:2|Wahbi Khazri|Assist:|Oussama Haddadi'] | AA85: Yassine Meriah (OG) · 33 | AO85: ['78&rsquor;|1:2|Ricardo Ávila', '79&rsquor;|1:2|Gabriel Gómez', '90+6&rsquor;|1:2|Luis Tejada'] | AP85: ['44&rsquor;|1:0|Ferjani Sassi', '71&rsquor;|1:2|Anice Badri', '90+3&rsquor;|1:2|Ghaylène Chaalali'] | AQ85: ['46&rsquor;|1:0|Harold Cummings|for Gabriel Torres', '56&rsquor;|1:1|Luis Tejada|for Román Torres', '81&rsquor;|1:2|Abdiel Arroyo|for Ricardo Ávila'] | AR85: ['46&rsquor;|1:0|Anice Badri|for Ferjani Sassi', '77&rsquor;|1:2|Ahmed Khalil|for Naïm Sliti', '89&rsquor;|1:2|Bassem Srarfi|for Wahbi Khazri']
A86: Korea Republic | B86: Germany | C86: 2 | D86: 1.7 | F86: 0 | G86: 2.7 | I86: Shin Taeyong | J86: Son Heung-min | K86: Joachim Löw | L86: Manuel Neuer | M86: 41835 | N86: Kazan Arena, Kazan | O86: Mark Geiger (Referee) · Joe Fletcher (AR1) · Frank Anderson (AR2) · Julio Bascuñán (4th) · Danny Makkelie (VAR) | P86: Group stage | Q86: 43278 | R86: 2–0 | S86: Mark Geiger | U86: Russia | V86: 2018 | W86: Kim Young-gwon · 90+3|Son Heung-min · 90+6 | Y86: ['90+3&rsquor;|1:0|Kim Young-gwon', '90+6&rsquor;|2:0|Son Heung-min|Assist:|Ju Se-jong'] | AO86: ['9&rsquor;|0:0|Jung Woo-young', '23&rsquor;|0:0|Lee Jae-sung', '48&rsquor;|0:0|Moon Seon-min', '65&rsquor;|0:0|Son Heung-min'] | AQ86: ['56&rsquor;|0:0|Hwang Hee-chan|for Koo Ja-cheol', '69&rsquor;|0:0|Ju Se-jong|for Moon Seon-min', '79&rsquor;|0:0|Go Yo-han|for Hwang Hee-chan'] | AR86: ['58&rsquor;|0:0|Mario Gómez|for Sami Khedira', '63&rsquor;|0:0|Thomas Müller|for Leon Goretzka', '78&rsquor;|0:0|Julian Brandt|for Jonas Hector']
A87: Mexico | B87: Sweden | C87: 0 | D87: 1.4 | F87: 3 | G87: 2.4 | I87: Juan Carlos Osorio | J87: Andrés Guardado | K87: Janne Andersson | L87: Robin Olsen | M87: 33061 | N87: Stadion Central'nyj, Yekaterinburg | O87: Néstor Pitana (Referee) · Hernán Maidana (AR1) · Juan Pablo Belatti (AR2) · Andrés Cunha (4th) · Mauro Vigliano (VAR) | P87: Group stage | Q87: 43278 | R87: 0–3 | S87: Néstor Pitana | U87: Russia | V87: 2018 | X87: Ludwig Augustinsson · 50 | Z87: ['50&rsquor;|0:1|Ludwig Augustinsson|Assist:|Viktor Claesson'] | AB87: Edson Álvarez (OG) · 74 | AD87: Andreas Granqvist (P) · 62 | AO87: ['1&rsquor;|0:0|Jesús Gallardo', '61&rsquor;|0:1|Héctor Moreno', '86&rsquor;|0:3|Miguel Layún'] | AP87: ['26&rsquor;|0:0|Seb Larsson', '88&rsquor;|0:3|Mikael Lustig'] | AQ87: ['65&rsquor;|0:2|Marco Fabián|for Jesús Gallardo', '75&rsquor;|0:3|Jesús Corona|for Andrés Guardado', '89&rsquor;|0:3|Oribe Peralta|for Miguel Layún'] | AR87: ['57&rsquor;|0:1|Gustav Svensson|for Seb Larsson', '68&rsquor;|0:2|Isaac Kiese Thelin|for Marcus Berg', '80&rsquor;|0:3|Oscar Hiljemark|for Albin Ekdal']
A88: Switzerland | B88: Costa Rica | C88: 2 | D88: 1.4 | F88: 2 | G88: 1.5 | I88: Vladimir Petković | J88: Stephan Lichtsteiner | K88: Oscar Ramírez | L88: Bryan Ruiz | M88: 43319 | N88: Stadion Nizhny Novgorod, Nizhny Novgorod | O88: Clément Turpin (Referee) · Nicolas Danos (AR1) · Cyril Gringore (AR2) · Norbert Hauata (4th) · Felix Zwayer (VAR) | P88: Group stage | Q88: 43278 | R88: 2–2 | S88: Clément Turpin | U88: Russia | V88: 2018 | W88: Blerim Džemaili · 31|Josip Drmić · 88 | X88: Kendall Waston · 56 | Y88: ['31&rsquor;|1:0|Blerim Džemaili|Assist:|Breel Embolo', '88&rsquor;|2:1|Josip Drmić|Assist:|Denis Zakaria'] | Z88: ['56&rsquor;|1:1|Kendall Waston|Assist:|Joel Campbell'] | AB88: Yann Sommer (OG) · 90+3 | AF88: ['90+3&rsquor;|2:1|Bryan Ruiz|Penalty Miss'] | AO88: ['37&rsquor;|1:0|Stephan Lichtsteiner', '75&rsquor;|1:1|Denis Zakaria', '83&rsquor;|1:1|Fabian Schär'] | AP88: ['11&rsquor;|0:0|Cristian Gamboa', '29&rsquor;|0:0|Joel Campbell', '89&rsquor;|2:1|Kendall Waston'] | AQ88: ['60&rsquor;|1:1|Denis Zakaria|for Valon Behrami', '69&rsquor;|1:1|Josip Drmić|for Mario Gavranović', '81&rsquor;|1:1|Michael Lang|for Xherdan Shaqiri'] | AR88: ['81&rsquor;|1:1|Rodney Wallace|for Daniel Colindres', '90+1&rsquor;|2:1|Randall Azofeifa|for David Guzmán', '90+3&rsquor;|2:1|Ian Smith|for Cristian Gamboa']
A89: Serbia | B89: Brazil | C89: 0 | D89: 0.8 | F89: 2 | G89: 1.4 | I89: Mladen Krstajić | J89: Aleksandar Kolarov | K89: Tite | L89: Miranda | M89: 44190 | N89: Otkrytie Arena, Moskva | O89: Alireza Faghani (Referee) · Reza Sokhandan (AR1) · Mohammadreza Mansouri (AR2) · Nawaf Shukralla (4th) · Massimiliano Irrati (VAR) | P89: Group stage | Q89: 43278 | R89: 0–2 | S89: Alireza Faghani | U89: Russia | V89: 2018 | X89: Paulinho · 36|Thiago Silva · 68 | Z89: ['36&rsquor;|0:1|Paulinho|Assist:|Philippe Coutinho', '68&rsquor;|0:2|Thiago Silva|Assist:|Neymar'] | AO89: ['33&rsquor;|0:0|Adem Ljajić', '48&rsquor;|0:1|Nemanja Matić', '71&rsquor;|0:2|Aleksandar Mitrović'] | AQ89: ['75&rsquor;|0:2|Andrija Živković|for Adem Ljajić', '82&rsquor;|0:2|Nemanja Radonjić|for Filip Kostić', '89&rsquor;|0:2|Luka Jović|for Aleksandar Mitrović'] | AR89: ['10&rsquor;|0:0|Filipe Luís|for Marcelo', '66&rsquor;|0:1|Fernandinho|for Paulinho', '80&rsquor;|0:2|Renato Augusto|for Philippe Coutinho']
A90: Australia | B90: Peru | C90: 0 | D90: 0.9 | F90: 2 | G90: 0.2 | I90: Bert van Marwijk | J90: Mile Jedinak | K90: Ricardo Gareca | L90: Paolo Guerrero | M90: 44073 | N90: Olimpiyskiy Stadion Fisht, Sochi | O90: Sergey Karasev (Referee) · Anton Averianov (AR1) · Tikhon Kalugin (AR2) · Ryūji Satō (4th) · Danny Makkelie (VAR) | P90: Group stage | Q90: 43277 | R90: 0–2 | S90: Sergey Karasev | U90: Russia | V90: 2018 | X90: André Carrillo · 18|Paolo Guerrero · 50 | Z90: ['18&rsquor;|0:1|André Carrillo|Assist:|Paolo Guerrero', '50&rsquor;|0:2|Paolo Guerrero'] | AO90: ['10&rsquor;|0:0|Mile Jedinak', '60&rsquor;|0:2|Daniel Arzani', '66&rsquor;|0:2|Tom Rogić', '88&rsquor;|0:2|Mark Milligan'] | AP90: ['45&rsquor;|0:1|Yoshimar Yotún', '79&rsquor;|0:2|Paolo Hurtado'] | AQ90: ['53&rsquor;|0:2|Tim Cahill|for Tomi Juric', '58&rsquor;|0:2|Daniel Arzani|for Robbie Kruse', '72&rsquor;|0:2|Jackson Irvine|for Tom Rogić'] | AR90: ['46&rsquor;|0:1|Pedro Aquino|for Yoshimar Yotún', '63&rsquor;|0:2|Paolo Hurtado|for Renato Tapia', '79&rsquor;|0:2|Wilder Cartagena|for André Carrillo']
A91: Denmark | B91: France | C91: 0 | D91: 0.2 | F91: 0 | G91: 0.4 | I91: Åge Hareide | J91: Simon Kjær | K91: Didier Deschamps | L91: Raphaël Varane | M91: 78011 | N91: Olimpiyskiy stadion Luzhniki, Moskva | O91: Sandro Ricci (Referee) · Emerson de Carvalho (AR1) · Marcelo Van Gasse (AR2) · Gianluca Rocchi (4th) · Mauro Vigliano (VAR) | P91: Group stage | Q91: 43277 | R91: 0–0 | S91: Sandro Ricci | U91: Russia | V91: 2018 | AO91: ['45+3&rsquor;|0:0|Mathias Jørgensen'] | AQ91: ['60&rsquor;|0:0|Viktor Fischer|for Pione Sisto', '75&rsquor;|0:0|Kasper Dolberg|for Andreas Cornelius', '90+2&rsquor;|0:0|Lukas Lerager|for Thomas Delaney'] | AR91: ['50&rsquor;|0:0|Benjamin Mendy|for Lucas Hernández', '68&rsquor;|0:0|Nabil Fekir|for Antoine Griezmann', '78&rsquor;|0:0|Kylian Mbappé|for Ousmane Dembélé']
A92: Iceland | B92: Croatia | C92: 1 | D92: 2.1 | F92: 2 | G92: 0.7 | I92: Heimir Hallgrímsson | J92: Aron Gunnarsson | K92: Zlatko Dalić | L92: Luka Modrić | M92: 43472 | N92: Rostov Arena, Rostov-na-Donu | O92: Antonio Matéu Lahoz (Referee) · Pau Cebrián Devis (AR1) · Roberto Díaz Pérez (AR2) · John Pitti (4th) · Paolo Valeri (VAR) | P92: Group stage | Q92: 43277 | R92: 1–2 | S92: Antonio Matéu Lahoz | U92: Russia | V92: 2018 | X92: Milan Badelj · 53|Ivan Perišić · 90 | Z92: ['53&rsquor;|0:1|Milan Badelj', '90&rsquor;|1:2|Ivan Perišić|Assist:|Milan Badelj'] | AC92: Gylfi Sigurðsson (P) · 76 | AO92: ['59&rsquor;|0:1|Emil Hallfreðsson', '64&rsquor;|0:1|Alfreð Finnbogason', '84&rsquor;|1:1|Birkir Már Sævarsson'] | AP92: ['14&rsquor;|0:0|Marko Pjaca', '83&rsquor;|1:1|Tin Jedvaj'] | AQ92: ['70&rsquor;|0:1|Björn Sigurðarson|for Ragnar Sigurðsson', '85&rsquor;|1:1|Albert Guðmundsson|for Alfreð Finnbogason', '90&rsquor;|1:1|Arnór Ingvi Traustason|for Birkir Bjarnason'] | AR92: ['65&rsquor;|0:1|Filip Bradarić|for Luka Modrić', '70&rsquor;|0:1|Dejan Lovren|for Marko Pjaca', '81&rsquor;|1:1|Ivan Rakitić|for Mateo Kovačić']
A93: Nigeria | B93: Argentina | C93: 1 | D93: 1.4 | F93: 2 | G93: 0.9 | I93: Gernot Rohr | J93: John Obi Mikel | K93: Jorge Sampaoli | L93: Lionel Messi | M93: 64468 | N93: Gazprom Arena, Sankt-Petersburg | O93: Cüneyt Çakιr (Referee) · Bahattin Duran (AR1) · Tarık Ongun (AR2) · Björn Kuipers (4th) · Daniele Orsato (VAR) | P93: Group stage | Q93: 43277 | R93: 1–2 | S93: Cüneyt Çakιr | U93: Russia | V93: 2018 | X93: Lionel Messi · 14|Marcos Rojo · 86 | Z93: ['14&rsquor;|0:1|Lionel Messi|Assist:|Éver Banega', '86&rsquor;|1:2|Marcos Rojo|Assist:|Gabriel Mercado'] | AC93: Victor Moses (P) · 51 | AO93: ['32&rsquor;|0:1|Leon Balogun', '90+1&rsquor;|1:2|John Obi Mikel'] | AP93: ['49&rsquor;|0:1|Javier Mascherano', '64&rsquor;|1:1|Éver Banega', '90+4&rsquor;|1:2|Lionel Messi'] | AQ93: ['46&rsquor;|0:1|Odion Ighalo|for Kelechi Iheanacho', '90&rsquor;|1:2|Alex Iwobi|for Kenneth Omeruo', '90+2&rsquor;|1:2|Simeon Nwankwo|for Ahmed Musa'] | AR93: ['61&rsquor;|1:1|Cristian Pavón|for Enzo Pérez', '72&rsquor;|1:1|Maximiliano Meza|for Ángel Di María', '80&rsquor;|1:1|Sergio Agüero|for Nicolás Tagliafico']
A94: Saudi Arabia | B94: Egypt | C94: 2 | D94: 2.6 | F94: 1 | G94: 0.8 | I94: Juan Antonio Pizzi | J94: Osama Hawsawi | K94: Héctor Cúper | L94: Essam El-Hadary | M94: 36823 | N94: Volgograd Arena, Volgograd | O94: Wilmar Roldán (Referee) · Alexander Guzmán (AR1) · Cristián de la Cruz (AR2) · Ricardo Montero (4th) · Artur Soares Dias (VAR) | P94: Group stage | Q94: 43276 | R94: 2–1 | S94: Wilmar Roldán | U94: Russia | V94: 2018 | W94: Salem Al-Dawsari · 90+5 | X94: Mohamed Salah · 22 | Y94: ['90+5&rsquor;|2:1|Salem Al-Dawsari|Assist:|Abdullah Otayf'] | Z94: ['22&rsquor;|0:1|Mohamed Salah|Assist:|Abdallah Said'] | AC94: Salman Al-Faraj (P) · 45+6 | AE94: ['41&rsquor;|0:1|Fahad Al Muwallad|Penalty saved by Essam El-Hadary'] | AP94: ['45+5&rsquor;|0:1|Ali Gabr', '86&rsquor;|1:1|Ahmed Fathy'] | AQ94: ['65&rsquor;|1:1|Muhannad Assiri|for Hattan Bahebri', '79&rsquor;|1:1|Yahya Al-Shehri|for Fahad Al Muwallad'] | AR94: ['45+7&rsquor;|1:1|Amr Warda|for Abdallah Said', '64&rsquor;|1:1|Ramadan Sobhi|for Marwan Mohsen', '81&rsquor;|1:1|Kahraba|for Trézéguet']
A95: Uruguay | B95: Russia | C95: 3 | D95: 2.4 | F95: 0 | G95: 0.1 | I95: Óscar Tabárez | J95: Diego Godín | K95: Stanislav Cherchesov | L95: Igor Akinfeev | M95: 41970 | N95: Cosmos Arena, Samara | O95: Malang Diédhiou (Referee) · Djibril Camara (AR1) · El Hadji Malick Samba (AR2) · Bamlak Tessema (4th) · Clément Turpin (VAR) | P95: Group stage | Q95: 43276 | R95: 3–0 | S95: Malang Diédhiou | U95: Russia | V95: 2018 | W95: Luis Suárez · 10|Edinson Cavani · 90 | Y95: ['10&rsquor;|1:0|Luis Suárez', '90&rsquor;|3:0|Edinson Cavani'] | AA95: Denis Cheryshev (OG) · 23 | AN95: Igor Smolnikov · 36 | AO95: ['59&rsquor;|2:0|Rodrigo Bentancur'] | AP95: ['9&rsquor;|0:0|Yuri Gazinskiy', '27&rsquor;|2:0|Igor Smolnikov'] | AQ95: ['63&rsquor;|2:0|Giorgian De Arrascaeta|for Rodrigo Bentancur', '73&rsquor;|2:0|Cristian Rodríguez|for Nahitan Nández', '90+3&rsquor;|3:0|Maxi Gómez|for Edinson Cavani'] | AR95: ['38&rsquor;|2:0|Mário Fernandes|for Denis Cheryshev', '46&rsquor;|2:0|Daler Kuzyaev|for Yuri Gazinskiy', '60&rsquor;|2:0|Fyodor Smolov|for Aleksei Miranchuk']
A96: Spain | B96: Morocco | C96: 2 | D96: 2.9 | F96: 2 | G96: 1.2 | I96: Fernando Hierro | J96: Sergio Ramos | K96: Hervé Renard | L96: M'barek Boussoufa | M96: 33973 | N96: Kaliningrad Stadium, Kaliningrad | O96: Ravshan Irmatov (Referee) · Abdukhamidullo Rasulov (AR1) · Jakhongir Saidov (AR2) · Mohammed Abdulla Hassan (4th) · Felix Zwayer (VAR) | P96: Group stage | Q96: 43276 | R96: 2–2 | S96: Ravshan Irmatov | U96: Russia | V96: 2018 | W96: Isco · 19|Iago Aspas · 90+1 | X96: Khalid Boutaïb · 14|Youssef En-Nesyri · 81 | Y96: ['19&rsquor;|1:1|Isco|Assist:|Andrés Iniesta', '90+1&rsquor;|2:2|Iago Aspas|Assist:|Dani Carvajal'] | Z96: ['14&rsquor;|0:1|Khalid Boutaïb', '81&rsquor;|1:2|Youssef En-Nesyri|Assist:|Fayçal Fajr'] | AP96: ['22&rsquor;|1:1|Karim El Ahmadi', '29&rsquor;|1:1|Nordin Amrabat', '31&rsquor;|1:1|Manuel da Costa', "31&rsquor;|1:1|M'barek Boussoufa", '88&rsquor;|1:2|Munir', '90+4&rsquor;|2:2|Achraf Hakimi'] | AQ96: ['74&rsquor;|1:1|Marco Asensio|for Thiago Alcántara', '74&rsquor;|1:1|Iago Aspas|for Diego Costa', '84&rsquor;|1:2|Rodrigo|for David Silva'] | AR96: ['63&rsquor;|1:1|Fayçal Fajr|for Younès Belhanda', '72&rsquor;|1:1|Youssef En-Nesyri|for Khalid Boutaïb', '85&rsquor;|1:2|Aziz Bouhaddouz|for Hakim Ziyech']
A97: IR Iran | B97: Portugal | C97: 1 | D97: 1.4 | F97: 1 | G97: 1.3 | I97: Carlos Queiroz | J97: Ehsan Hajsafi | K97: Fernando Santos | L97: Cristiano Ronaldo | M97: 41685 | N97: Mordovia Arena, Saransk | O97: Enrique Cáceres (Referee) · Eduardo Cardozo (AR1) · Juan Zorrilla (AR2) · Mehdi Abid Charef (4th) · Massimiliano Irrati (VAR) | P97: Group stage | Q97: 43276 | R97: 1–1 | S97: Enrique Cáceres | U97: Russia | V97: 2018 | X97: Ricardo Quaresma · 45 | Z97: ['45&rsquor;|0:1|Ricardo Quaresma|Assist:|Adrien Silva'] | AC97: Karim Ansarifard (P) · 90+3 | AF97: ['53&rsquor;|0:1|Cristiano Ronaldo|Penalty saved by Alireza Beiranvand'] | AO97: ['51&rsquor;|0:1|Ehsan Hajsafi', '54&rsquor;|0:1|Sardar Azmoun'] | AP97: ['33&rsquor;|0:0|Raphaël Guerreiro', '64&rsquor;|0:1|Ricardo Quaresma', '83&rsquor;|0:1|Cristiano Ronaldo', '90+8&rsquor;|1:1|Cédric Soares'] | AQ97: ['56&rsquor;|0:1|Milad Mohammadi|for Ehsan Hajsafi', '70&rsquor;|0:1|Saman Ghoddos|for Alireza Jahanbakhsh', '75&rsquor;|0:1|Karim Ansarifard|for Saeid Ezatolahi'] | AR97: ['69&rsquor;|0:1|Bernardo Silva|for Ricardo Quaresma', '84&rsquor;|0:1|João Moutinho|for João Mário', '90+6&rsquor;|1:1|Gonçalo Guedes|for André Silva']
A98: England | B98: Panama | C98: 6 | D98: 2.8 | F98: 1 | G98: 1.1 | I98: Gareth Southgate | J98: Harry Kane | K98: Hernán Darío Gómez | L98: Román Torres | M98: 43319 | N98: Stadion Nizhny Novgorod, Nizhny Novgorod | O98: Gehad Grisha (Referee) · Redouane Achik (AR1) · Waleed Ahmed Ali (AR2) · Norbert Hauata (4th) · Danny Makkelie (VAR) | P98: Group stage | Q98: 43275 | R98: 6–1 | S98: Gehad Grisha | U98: Russia | V98: 2018 | W98: John Stones · 8|Jesse Lingard · 36|John Stones · 40|Harry Kane · 62 | X98: Felipe Baloy · 78 | Y98: ['8&rsquor;|1:0|John Stones|Assist:|Kieran Trippier', '36&rsquor;|3:0|Jesse Lingard|Assist:|Raheem Sterling', '40&rsquor;|4:0|John Stones', '62&rsquor;|6:0|Harry Kane|Assist:|Ruben Loftus-Cheek'] | Z98: ['78&rsquor;|6:1|Felipe Baloy|Assist:|Ricardo Ávila'] | AC98: Harry Kane (P) · 22|Harry Kane (P) · 45+1 | AO98: ['23&rsquor;|2:0|Ruben Loftus-Cheek'] | AP98: ['10&rsquor;|1:0|Armando Cooper', '44&rsquor;|4:0|Fidel Escobar', '72&rsquor;|6:0|Michael Amir Murillo'] | AQ98: ['63&rsquor;|6:0|Jamie Vardy|for Harry Kane', '63&rsquor;|6:0|Fabian Delph|for Jesse Lingard', '70&rsquor;|6:0|Danny Rose|for Kieran Trippier'] | AR98: ['62&rsquor;|5:0|Ricardo Ávila|for Aníbal Godoy', '69&rsquor;|6:0|Abdiel Arroyo|for Édgar Yoel Bárcenas', '69&rsquor;|6:0|Felipe Baloy|for Gabriel Gómez']
A99: Japan | B99: Senegal | C99: 2 | D99: 0.9 | F99: 2 | G99: 1.4 | I99: Akira Nishino | J99: Makoto Hasebe | K99: Aliou Cissé | L99: Sadio Mané | M99: 32572 | N99: Stadion Central'nyj, Yekaterinburg | O99: Gianluca Rocchi (Referee) · Elenito Di Liberatore (AR1) · Mauro Tonolini (AR2) · Abdelrahman Al Jassim (4th) · Massimiliano Irrati (VAR) | P99: Group stage | Q99: 43275 | R99: 2–2 | S99: Gianluca Rocchi | U99: Russia | V99: 2018 | W99: Takashi Inui · 34|Keisuke Honda · 78 | X99: Sadio Mané · 12|Moussa Wagué · 71 | Y99: ['34&rsquor;|1:1|Takashi Inui|Assist:|Yuto Nagatomo', '78&rsquor;|2:2|Keisuke Honda|Assist:|Takashi Inui'] | Z99: ['12&rsquor;|0:1|Sadio Mané', "71&rsquor;|1:2|Moussa Wagué|Assist:|M'Baye Niang"] | AO99: ['68&rsquor;|1:1|Takashi Inui', '90+4&rsquor;|2:2|Makoto Hasebe'] | AP99: ["59&rsquor;|1:1|M'Baye Niang", '90&rsquor;|2:2|Youssouf Sabaly', "90+1&rsquor;|2:2|Cheikh N'Doye"] | AQ99: ['72&rsquor;|1:2|Keisuke Honda|for Shinji Kagawa', '75&rsquor;|1:2|Shinji Okazaki|for Genki Haraguchi', '87&rsquor;|2:2|Takashi Usami|for Takashi Inui'] | AR99: ["65&rsquor;|1:1|Cheikhou Kouyaté|for Alfred N'Diaye", "81&rsquor;|2:2|Cheikh N'Doye|for Badou Ndiaye", "86&rsquor;|2:2|Mame Biram Diouf|for M'Baye Niang"]
A100: Poland | B100: Colombia | C100: 0 | D100: 1.1 | F100: 3 | G100: 2.1 | I100: Adam Nawałka | J100: Robert Lewandowski | K100: José Pekerman | L100: Radamel Falcao | M100: 42873 | N100: Kazan Arena, Kazan | O100: César Arturo Ramos (Referee) · Marvin Torrentera (AR1) · Miguel Ángel Hernández (AR2) · Julio Bascuñán (4th) · Mauro Vigliano (VAR) | P100: Group stage | Q100: 43275 | R100: 0–3 | S100: César Arturo Ramos | U100: Russia | V100: 2018 | X100: Yerry Mina · 40|Radamel Falcao · 70|Juan Cuadrado · 75 | Z100: ['40&rsquor;|0:1|Yerry Mina|Assist:|James Rodríguez', '70&rsquor;|0:2|Radamel Falcao|Assist:|Juan Quintero', '75&rsquor;|0:3|Juan Cuadrado|Assist:|James Rodríguez'] | AO100: ['61&rsquor;|0:1|Jan Bednarek', '85&rsquor;|0:3|Jacek Góralski'] | AQ100: ['57&rsquor;|0:1|Kamil Grosicki|for Dawid Kownacki', '72&rsquor;|0:2|Łukasz Teodorczyk|for Bartosz Bereszyński', '80&rsquor;|0:3|Kamil Glik|for Michał Pazdan'] | AR100: ['32&rsquor;|0:0|Mateus Uribe|for Abel Aguilar', '73&rsquor;|0:2|Jefferson Lerma|for Juan Quintero', '78&rsquor;|0:3|Carlos Bacca|for Radamel Falcao']
...

Sheet Sheet2

Sheet Control
A2: Gender
A3: F
A4: M
